时间,出厂水流量
2024-01-01 00:00:00,1618.74
2024-01-01 01:00:00,1510.6
2024-01-01 02:00:00,1414.39
2024-01-01 03:00:00,1379.3
2024-01-01 04:00:00,1538.27
2024-01-01 05:00:00,1680.41
2024-01-01 06:00:00,2408.85
2024-01-01 07:00:00,2636.18
2024-01-01 08:00:00,2807.26
2024-01-01 09:00:00,3083.95
2024-01-01 10:00:00,4441.73
2024-01-01 11:00:00,3568.25
2024-01-01 12:00:00,3485.79
2024-01-01 13:00:00,3015.23
2024-01-01 14:00:00,2792.97
2024-01-01 15:00:00,2735.82
2024-01-01 16:00:00,2636.72
2024-01-01 17:00:00,2860.97
2024-01-01 18:00:00,2871.46
2024-01-01 19:00:00,2848.67
2024-01-01 20:00:00,3340.02
2024-01-01 21:00:00,3150.86
2024-01-01 22:00:00,2999.31
2024-01-01 23:00:00,2260.92
2024-01-02 00:00:00,1754.2
2024-01-02 01:00:00,1651.48
2024-01-02 02:00:00,1356.16
2024-01-02 03:00:00,1379.67
2024-01-02 04:00:00,1480.03
2024-01-02 05:00:00,1541.88
2024-01-02 06:00:00,2259.11
2024-01-02 07:00:00,2988.82
2024-01-02 08:00:00,3006.18
2024-01-02 09:00:00,3150.14
2024-01-02 10:00:00,3216.69
2024-01-02 11:00:00,2992.8
2024-01-02 12:00:00,3070.2
2024-01-02 13:00:00,2726.42
2024-01-02 14:00:00,2849.75
2024-01-02 15:00:00,2778.5
2024-01-02 16:00:00,2727.86
2024-01-02 17:00:00,2915.76
2024-01-02 18:00:00,2935.11
2024-01-02 19:00:00,2905.27
2024-01-02 20:00:00,2982.31
2024-01-02 21:00:00,2902.56
2024-01-02 22:00:00,2550.82
2024-01-02 23:00:00,1864.69
2024-01-03 00:00:00,1578.23
2024-01-03 01:00:00,1452.55
2024-01-03 02:00:00,1457.61
2024-01-03 03:00:00,1466.29
2024-01-03 04:00:00,1595.05
2024-01-03 05:00:00,1628.51
2024-01-03 06:00:00,2438.87
2024-01-03 07:00:00,3046.69
2024-01-03 08:00:00,3391.38
2024-01-03 09:00:00,3646.38
2024-01-03 10:00:00,3349.25
2024-01-03 11:00:00,3192.09
2024-01-03 12:00:00,3101.85
2024-01-03 13:00:00,2976.53
2024-01-03 14:00:00,3172.38
2024-01-03 15:00:00,3229.89
2024-01-03 16:00:00,3313.08
2024-01-03 17:00:00,3351.06
2024-01-03 18:00:00,3407.84
2024-01-03 19:00:00,3368.24
2024-01-03 20:00:00,3550.35
2024-01-03 21:00:00,3345.99
2024-01-03 22:00:00,2946.51
2024-01-03 23:00:00,2076.64
2024-01-04 00:00:00,1598.31
2024-01-04 01:00:00,1468.28
2024-01-04 02:00:00,1408.6
2024-01-04 03:00:00,1408.6
2024-01-04 04:00:00,1640.26
2024-01-04 05:00:00,1876.99
2024-01-04 06:00:00,2314.45
2024-01-04 07:00:00,3133.68
2024-01-04 08:00:00,3583.44
2024-01-04 09:00:00,3796.48
2024-01-04 10:00:00,3606.41
2024-01-04 11:00:00,3185.76
2024-01-04 12:00:00,3277.63
2024-01-04 13:00:00,3318.68
2024-01-04 14:00:00,3457.39
2024-01-04 15:00:00,3195.17
2024-01-04 16:00:00,3241.28
2024-01-04 17:00:00,3396.09
2024-01-04 18:00:00,3487.23
2024-01-04 19:00:00,3435.33
2024-01-04 20:00:00,3589.41
2024-01-04 21:00:00,3587.78
2024-01-04 22:00:00,2696.94
2024-01-04 23:00:00,2066.88
2024-01-05 00:00:00,1730.14
2024-01-05 01:00:00,1537.91
2024-01-05 02:00:00,1472.8
2024-01-05 03:00:00,1544.78
2024-01-05 04:00:00,1603.91
2024-01-05 05:00:00,2050.24
2024-01-05 06:00:00,2468.71
2024-01-05 07:00:00,3250.51
2024-01-05 08:00:00,3701.71
2024-01-05 09:00:00,3672.6
2024-01-05 10:00:00,3726.13
2024-01-05 11:00:00,2818.11
2024-01-05 12:00:00,2804.72
2024-01-05 13:00:00,3176.0
2024-01-05 14:00:00,3375.29
2024-01-05 15:00:00,3041.63
2024-01-05 16:00:00,2954.1
2024-01-05 17:00:00,3199.15
2024-01-05 18:00:00,3168.4
2024-01-05 19:00:00,3467.88
2024-01-05 20:00:00,3390.66
2024-01-05 21:00:00,3361.0
2024-01-05 22:00:00,2964.95
2024-01-05 23:00:00,2290.76
2024-01-06 00:00:00,1964.88
2024-01-06 01:00:00,1664.32
2024-01-06 02:00:00,1517.11
2024-01-06 03:00:00,1580.22
2024-01-06 04:00:00,1692.35
2024-01-06 05:00:00,1785.84
2024-01-06 06:00:00,2380.28
2024-01-06 07:00:00,3031.68
2024-01-06 08:00:00,3732.46
2024-01-06 09:00:00,3842.23
2024-01-06 10:00:00,3768.45
2024-01-06 11:00:00,3347.26
2024-01-06 12:00:00,3311.99
2024-01-06 13:00:00,3302.23
2024-01-06 14:00:00,3343.46
2024-01-06 15:00:00,3348.52
2024-01-06 16:00:00,3313.62
2024-01-06 17:00:00,3485.42
2024-01-06 18:00:00,3542.57
2024-01-06 19:00:00,3449.98
2024-01-06 20:00:00,3467.34
2024-01-06 21:00:00,3157.19
2024-01-06 22:00:00,2804.72
2024-01-06 23:00:00,2254.23
2024-01-07 00:00:00,1754.01
2024-01-07 01:00:00,1597.4
2024-01-07 02:00:00,1481.66
2024-01-07 03:00:00,1521.09
2024-01-07 04:00:00,1624.53
2024-01-07 05:00:00,1725.98
2024-01-07 06:00:00,2251.16
2024-01-07 07:00:00,3015.41
2024-01-07 08:00:00,3369.86
2024-01-07 09:00:00,3774.23
2024-01-07 10:00:00,3718.89
2024-01-07 11:00:00,3361.55
2024-01-07 12:00:00,3167.68
2024-01-07 13:00:00,3194.26
2024-01-07 14:00:00,2993.34
2024-01-07 15:00:00,2839.99
2024-01-07 16:00:00,3011.43
2024-01-07 17:00:00,3095.7
2024-01-07 18:00:00,3140.19
2024-01-07 19:00:00,3400.61
2024-01-07 20:00:00,3371.85
2024-01-07 21:00:00,3172.56
2024-01-07 22:00:00,2764.58
2024-01-07 23:00:00,2275.39
2024-01-08 00:00:00,1727.97
2024-01-08 01:00:00,1642.07
2024-01-08 02:00:00,1586.55
2024-01-08 03:00:00,1506.62
2024-01-08 04:00:00,1677.88
2024-01-08 05:00:00,2117.33
2024-01-08 06:00:00,2520.44
2024-01-08 07:00:00,3405.13
2024-01-08 08:00:00,3556.32
2024-01-08 09:00:00,3784.0
2024-01-08 10:00:00,4084.38
2024-01-08 11:00:00,3824.51
2024-01-08 12:00:00,3176.72
2024-01-08 13:00:00,2923.0
2024-01-08 14:00:00,3162.43
2024-01-08 15:00:00,3128.8
2024-01-08 16:00:00,3094.44
2024-01-08 17:00:00,3366.97
2024-01-08 18:00:00,3306.75
2024-01-08 19:00:00,3302.77
2024-01-08 20:00:00,3423.21
2024-01-08 21:00:00,2819.01
2024-01-08 22:00:00,2672.16
2024-01-08 23:00:00,2127.64
2024-01-09 00:00:00,1605.18
2024-01-09 01:00:00,1556.53
2024-01-09 02:00:00,1434.82
2024-01-09 03:00:00,1446.4
2024-01-09 04:00:00,1653.1
2024-01-09 05:00:00,1967.23
2024-01-09 06:00:00,2406.68
2024-01-09 07:00:00,2984.85
2024-01-09 08:00:00,3359.01
2024-01-09 09:00:00,3607.86
2024-01-09 10:00:00,4139.0
2024-01-09 11:00:00,4176.97
2024-01-09 12:00:00,3989.62
2024-01-09 13:00:00,2862.23
2024-01-09 14:00:00,3186.85
2024-01-09 15:00:00,3268.05
2024-01-09 16:00:00,2893.16
2024-01-09 17:00:00,3032.41
2024-01-09 18:00:00,3081.24
2024-01-09 19:00:00,3240.74
2024-01-09 20:00:00,3058.27
2024-01-09 21:00:00,3098.78
2024-01-09 22:00:00,2954.82
2024-01-09 23:00:00,2267.43
2024-01-10 00:00:00,1691.26
2024-01-10 01:00:00,1545.14
2024-01-10 02:00:00,1476.78
2024-01-10 03:00:00,1493.06
2024-01-10 04:00:00,1673.0
2024-01-10 05:00:00,1814.42
2024-01-10 06:00:00,2539.79
2024-01-10 07:00:00,3479.09
2024-01-10 08:00:00,3733.54
2024-01-10 09:00:00,3773.87
2024-01-10 10:00:00,3782.01
2024-01-10 11:00:00,3321.76
2024-01-10 12:00:00,3233.33
2024-01-10 13:00:00,3185.58
2024-01-10 14:00:00,3176.36
2024-01-10 15:00:00,3057.54
2024-01-10 16:00:00,3092.63
2024-01-10 17:00:00,3281.43
2024-01-10 18:00:00,3164.24
2024-01-10 19:00:00,3268.05
2024-01-10 20:00:00,3701.71
2024-01-10 21:00:00,3541.85
2024-01-10 22:00:00,3103.12
2024-01-10 23:00:00,2489.69
2024-01-11 00:00:00,1913.16
2024-01-11 01:00:00,1712.6
2024-01-11 02:00:00,1652.74
2024-01-11 03:00:00,1665.94
2024-01-11 04:00:00,1646.77
2024-01-11 05:00:00,1798.32
2024-01-11 06:00:00,2722.26
2024-01-11 07:00:00,3458.48
2024-01-11 08:00:00,3534.07
2024-01-11 09:00:00,3841.87
2024-01-11 10:00:00,3704.97
2024-01-11 11:00:00,3274.02
2024-01-11 12:00:00,3395.72
2024-01-11 13:00:00,3069.48
2024-01-11 14:00:00,3261.36
2024-01-11 15:00:00,3285.41
2024-01-11 16:00:00,3274.2
2024-01-11 17:00:00,3495.91
2024-01-11 18:00:00,3327.0
2024-01-11 19:00:00,3315.43
2024-01-11 20:00:00,3456.13
2024-01-11 21:00:00,3307.83
2024-01-11 22:00:00,2989.73
2024-01-11 23:00:00,2315.0
2024-01-12 00:00:00,1857.1
2024-01-12 01:00:00,1680.59
2024-01-12 02:00:00,1579.32
2024-01-12 03:00:00,1656.0
2024-01-12 04:00:00,1801.22
2024-01-12 05:00:00,2307.94
2024-01-12 06:00:00,2817.56
2024-01-12 07:00:00,3463.72
2024-01-12 08:00:00,3774.78
2024-01-12 09:00:00,4034.65
2024-01-12 10:00:00,3881.29
2024-01-12 11:00:00,3551.07
2024-01-12 12:00:00,3465.53
2024-01-12 13:00:00,3416.7
2024-01-12 14:00:00,3776.4
2024-01-12 15:00:00,3572.23
2024-01-12 16:00:00,3930.66
2024-01-12 17:00:00,4010.05
2024-01-12 18:00:00,4038.81
2024-01-12 19:00:00,4116.03
2024-01-12 20:00:00,4182.22
2024-01-12 21:00:00,4009.87
2024-01-12 22:00:00,3445.28
2024-01-12 23:00:00,2709.42
2024-01-13 00:00:00,2170.5
2024-01-13 01:00:00,2053.86
2024-01-13 02:00:00,1905.74
2024-01-13 03:00:00,1891.28
2024-01-13 04:00:00,1903.57
2024-01-13 05:00:00,2100.88
2024-01-13 06:00:00,2747.58
2024-01-13 07:00:00,3793.76
2024-01-13 08:00:00,4369.39
2024-01-13 09:00:00,3928.49
2024-01-13 10:00:00,4.7
2024-01-13 11:00:00,5.43
2024-01-13 12:00:00,5.79
2024-01-13 13:00:00,5.79
2024-01-13 14:00:00,5.79
2024-01-13 15:00:00,5.79
2024-01-13 16:00:00,5.79
2024-01-13 17:00:00,5.79
2024-01-13 18:00:00,5.79
2024-01-13 19:00:00,5.79
2024-01-13 20:00:00,5.79
2024-01-13 21:00:00,5.79
2024-01-13 22:00:00,5.79
2024-01-13 23:00:00,5.79
2024-01-14 00:00:00,5.79
2024-01-14 01:00:00,5.79
2024-01-14 02:00:00,5.79
2024-01-14 03:00:00,5.79
2024-01-14 04:00:00,5.79
2024-01-14 05:00:00,5.79
2024-01-14 06:00:00,5.79
2024-01-14 07:00:00,5.79
2024-01-14 08:00:00,5.79
2024-01-14 09:00:00,5.79
2024-01-14 10:00:00,5.79
2024-01-14 11:00:00,5.79
2024-01-14 12:00:00,5.79
2024-01-14 13:00:00,5.79
2024-01-14 14:00:00,5.79
2024-01-14 15:00:00,5.79
2024-01-14 16:00:00,5.79
2024-01-14 17:00:00,5.79
2024-01-14 18:00:00,5.79
2024-01-14 19:00:00,5.79
2024-01-14 20:00:00,5.79
2024-01-14 21:00:00,5.79
2024-01-14 22:00:00,5.79
2024-01-14 23:00:00,5.79
2024-01-15 00:00:00,5.79
2024-01-15 01:00:00,5.79
2024-01-15 02:00:00,5.79
2024-01-15 03:00:00,5.79
2024-01-15 04:00:00,5.79
2024-01-15 05:00:00,5.79
2024-01-15 06:00:00,5.79
2024-01-15 07:00:00,5.79
2024-01-15 08:00:00,5.79
2024-01-15 09:00:00,5.79
2024-01-15 10:00:00,5.79
2024-01-15 11:00:00,5.79
2024-01-15 12:00:00,5.79
2024-01-15 13:00:00,5.79
2024-01-15 14:00:00,5.79
2024-01-15 15:00:00,5.79
2024-01-15 16:00:00,5.79
2024-01-15 17:00:00,5.79
2024-01-15 18:00:00,5.79
2024-01-15 19:00:00,5.79
2024-01-15 20:00:00,5.79
2024-01-15 21:00:00,5.79
2024-01-15 22:00:00,5.79
2024-01-15 23:00:00,5.79
2024-01-16 00:00:00,5.79
2024-01-16 01:00:00,5.79
2024-01-16 02:00:00,5.79
2024-01-16 03:00:00,5.79
2024-01-16 04:00:00,5.79
2024-01-16 05:00:00,5.79
2024-01-16 06:00:00,5.79
2024-01-16 07:00:00,5.79
2024-01-16 08:00:00,5.79
2024-01-16 09:00:00,5.79
2024-01-16 10:00:00,5.79
2024-01-16 11:00:00,5.79
2024-01-16 12:00:00,5.79
2024-01-16 13:00:00,5.79
2024-01-16 14:00:00,5.79
2024-01-16 15:00:00,2754.09
2024-01-16 16:00:00,2657.88
2024-01-16 17:00:00,2999.13
2024-01-16 18:00:00,2919.56
2024-01-16 19:00:00,3251.77
2024-01-16 20:00:00,2920.28
2024-01-16 21:00:00,2990.63
2024-01-16 22:00:00,2660.59
2024-01-16 23:00:00,2098.34
2024-01-17 00:00:00,1593.97
2024-01-17 01:00:00,1443.68
2024-01-17 02:00:00,1375.51
2024-01-17 03:00:00,1429.22
2024-01-17 04:00:00,1534.11
2024-01-17 05:00:00,2034.69
2024-01-17 06:00:00,2287.51
2024-01-17 07:00:00,3069.84
2024-01-17 08:00:00,3211.81
2024-01-17 09:00:00,3378.91
2024-01-17 10:00:00,3293.37
2024-01-17 11:00:00,3336.05
2024-01-17 12:00:00,2962.24
2024-01-17 13:00:00,2715.75
2024-01-17 14:00:00,2768.74
2024-01-17 15:00:00,2668.55
2024-01-17 16:00:00,2652.99
2024-01-17 17:00:00,3054.47
2024-01-17 18:00:00,3240.56
2024-01-17 19:00:00,3175.82
2024-01-17 20:00:00,3151.22
2024-01-17 21:00:00,3096.61
2024-01-17 22:00:00,2740.16
2024-01-17 23:00:00,2100.33
2024-01-18 00:00:00,1716.76
2024-01-18 01:00:00,1566.12
2024-01-18 02:00:00,1552.55
2024-01-18 03:00:00,1520.72
2024-01-18 04:00:00,1635.92
2024-01-18 05:00:00,1864.69
2024-01-18 06:00:00,2588.79
2024-01-18 07:00:00,3370.77
2024-01-18 08:00:00,3301.5
2024-01-18 09:00:00,3169.85
2024-01-18 10:00:00,3315.07
2024-01-18 11:00:00,2995.52
2024-01-18 12:00:00,3245.26
2024-01-18 13:00:00,2958.98
2024-01-18 14:00:00,2805.09
2024-01-18 15:00:00,2950.3
2024-01-18 16:00:00,3085.94
2024-01-18 17:00:00,2983.58
2024-01-18 18:00:00,3052.12
2024-01-18 19:00:00,3040.18
2024-01-18 20:00:00,3060.98
2024-01-18 21:00:00,2973.99
2024-01-18 22:00:00,2545.75
2024-01-18 23:00:00,2005.39
2024-01-19 00:00:00,1590.71
2024-01-19 01:00:00,1454.35
2024-01-19 02:00:00,1440.61
2024-01-19 03:00:00,1609.16
2024-01-19 04:00:00,1746.96
2024-01-19 05:00:00,1722.73
2024-01-19 06:00:00,2263.45
2024-01-19 07:00:00,3079.07
2024-01-19 08:00:00,3084.49
2024-01-19 09:00:00,3383.97
2024-01-19 10:00:00,3480.36
2024-01-19 11:00:00,2882.31
2024-01-19 12:00:00,3260.63
2024-01-19 13:00:00,2876.52
2024-01-19 14:00:00,3007.27
2024-01-19 15:00:00,3170.03
2024-01-19 16:00:00,3104.2
2024-01-19 17:00:00,3027.34
2024-01-19 18:00:00,2985.57
2024-01-19 19:00:00,3003.83
2024-01-19 20:00:00,3057.73
2024-01-19 21:00:00,2999.67
2024-01-19 22:00:00,2630.93
2024-01-19 23:00:00,2063.26
2024-01-20 00:00:00,1716.94
2024-01-20 01:00:00,1531.58
2024-01-20 02:00:00,1510.78
2024-01-20 03:00:00,1590.71
2024-01-20 04:00:00,1820.75
2024-01-20 05:00:00,1890.19
2024-01-20 06:00:00,2175.93
2024-01-20 07:00:00,2816.3
2024-01-20 08:00:00,3121.2
2024-01-20 09:00:00,3281.97
2024-01-20 10:00:00,3409.11
2024-01-20 11:00:00,3010.53
2024-01-20 12:00:00,3065.86
2024-01-20 13:00:00,2881.22
2024-01-20 14:00:00,3079.43
2024-01-20 15:00:00,3110.53
2024-01-20 16:00:00,2869.1
2024-01-20 17:00:00,3136.75
2024-01-20 18:00:00,3153.39
2024-01-20 19:00:00,3345.99
2024-01-20 20:00:00,3081.24
2024-01-20 21:00:00,3072.74
2024-01-20 22:00:00,2705.44
2024-01-20 23:00:00,2066.7
2024-01-21 00:00:00,1763.06
2024-01-21 01:00:00,1577.51
2024-01-21 02:00:00,1486.73
2024-01-21 03:00:00,1522.35
2024-01-21 04:00:00,1582.03
2024-01-21 05:00:00,1867.22
2024-01-21 06:00:00,2165.8
2024-01-21 07:00:00,2586.62
2024-01-21 08:00:00,3116.86
2024-01-21 09:00:00,3942.78
2024-01-21 10:00:00,4076.42
2024-01-21 11:00:00,3511.65
2024-01-21 12:00:00,3280.35
2024-01-21 13:00:00,3122.11
2024-01-21 14:00:00,3086.66
2024-01-21 15:00:00,2716.29
2024-01-21 16:00:00,2909.61
2024-01-21 17:00:00,2978.15
2024-01-21 18:00:00,3026.8
2024-01-21 19:00:00,3195.17
2024-01-21 20:00:00,3166.23
2024-01-21 21:00:00,2881.4
2024-01-21 22:00:00,2737.63
2024-01-21 23:00:00,2231.99
2024-01-22 00:00:00,1667.57
2024-01-22 01:00:00,1447.48
2024-01-22 02:00:00,1476.6
2024-01-22 03:00:00,1384.73
2024-01-22 04:00:00,1541.16
2024-01-22 05:00:00,1694.52
2024-01-22 06:00:00,1982.24
2024-01-22 07:00:00,2194.91
2024-01-22 08:00:00,2956.63
2024-01-22 09:00:00,3408.38
2024-01-22 10:00:00,3465.89
2024-01-22 11:00:00,3387.04
2024-01-22 12:00:00,3421.59
2024-01-22 13:00:00,3323.39
2024-01-22 14:00:00,2991.72
2024-01-22 15:00:00,2731.84
2024-01-22 16:00:00,2774.52
2024-01-22 17:00:00,2966.4
2024-01-22 18:00:00,2954.46
2024-01-22 19:00:00,2930.41
2024-01-22 20:00:00,2987.92
2024-01-22 21:00:00,2911.96
2024-01-22 22:00:00,2211.01
2024-01-22 23:00:00,2226.92
2024-01-23 00:00:00,1789.1
2024-01-23 01:00:00,1603.19
2024-01-23 02:00:00,1561.6
2024-01-23 03:00:00,1543.33
2024-01-23 04:00:00,1541.52
2024-01-23 05:00:00,1657.08
2024-01-23 06:00:00,2219.69
2024-01-23 07:00:00,2899.85
2024-01-23 08:00:00,3019.93
2024-01-23 09:00:00,3286.13
2024-01-23 10:00:00,3242.73
2024-01-23 11:00:00,3366.25
2024-01-23 12:00:00,3243.09
2024-01-23 13:00:00,3066.95
2024-01-23 14:00:00,3103.84
2024-01-23 15:00:00,3375.47
2024-01-23 16:00:00,3305.85
2024-01-23 17:00:00,3299.7
2024-01-23 18:00:00,3319.41
2024-01-23 19:00:00,3330.26
2024-01-23 20:00:00,3552.88
2024-01-23 21:00:00,3331.71
2024-01-23 22:00:00,3045.79
2024-01-23 23:00:00,2118.96
2024-01-24 00:00:00,1825.81
2024-01-24 01:00:00,1801.76
2024-01-24 02:00:00,1784.58
2024-01-24 03:00:00,1735.57
2024-01-24 04:00:00,1780.06
2024-01-24 05:00:00,2131.98
2024-01-24 06:00:00,2326.21
2024-01-24 07:00:00,3221.21
2024-01-24 08:00:00,3468.06
2024-01-24 09:00:00,3506.4
2024-01-24 10:00:00,3404.04
2024-01-24 11:00:00,3382.52
2024-01-24 12:00:00,3144.53
2024-01-24 13:00:00,3366.43
2024-01-24 14:00:00,3437.32
2024-01-24 15:00:00,3001.48
2024-01-24 16:00:00,3105.29
2024-01-24 17:00:00,3609.85
2024-01-24 18:00:00,3498.26
2024-01-24 19:00:00,3416.16
2024-01-24 20:00:00,3596.46
2024-01-24 21:00:00,3430.45
2024-01-24 22:00:00,3036.57
2024-01-24 23:00:00,2465.1
2024-01-25 00:00:00,2044.09
2024-01-25 01:00:00,1907.91
2024-01-25 02:00:00,1685.84
2024-01-25 03:00:00,1717.85
2024-01-25 04:00:00,1826.35
2024-01-25 05:00:00,2183.16
2024-01-25 06:00:00,2774.16
2024-01-25 07:00:00,3368.96
2024-01-25 08:00:00,3716.36
2024-01-25 09:00:00,3987.27
2024-01-25 10:00:00,3759.04
2024-01-25 11:00:00,3565.72
2024-01-25 12:00:00,3580.37
2024-01-25 13:00:00,3470.96
2024-01-25 14:00:00,3421.59
2024-01-25 15:00:00,3187.75
2024-01-25 16:00:00,3040.73
2024-01-25 17:00:00,3347.8
2024-01-25 18:00:00,3391.38
2024-01-25 19:00:00,3337.85
2024-01-25 20:00:00,3447.45
2024-01-25 21:00:00,3471.86
2024-01-25 22:00:00,3257.38
2024-01-25 23:00:00,2210.11
2024-01-26 00:00:00,1792.72
2024-01-26 01:00:00,1694.88
2024-01-26 02:00:00,1610.42
2024-01-26 03:00:00,1619.1
2024-01-26 04:00:00,1729.96
2024-01-26 05:00:00,1768.48
2024-01-26 06:00:00,2474.5
2024-01-26 07:00:00,3376.92
2024-01-26 08:00:00,3881.84
2024-01-26 09:00:00,3899.56
2024-01-26 10:00:00,3648.18
2024-01-26 11:00:00,3358.65
2024-01-26 12:00:00,3292.64
2024-01-26 13:00:00,3020.83
2024-01-26 14:00:00,3144.35
2024-01-26 15:00:00,2891.53
2024-01-26 16:00:00,3027.89
2024-01-26 17:00:00,3043.98
2024-01-26 18:00:00,3006.37
2024-01-26 19:00:00,3104.75
2024-01-26 20:00:00,3271.85
2024-01-26 21:00:00,3296.26
2024-01-26 22:00:00,3071.83
2024-01-26 23:00:00,2157.84
2024-01-27 00:00:00,1708.8
2024-01-27 01:00:00,1579.5
2024-01-27 02:00:00,1535.37
2024-01-27 03:00:00,1483.47
2024-01-27 04:00:00,1650.75
2024-01-27 05:00:00,1701.93
2024-01-27 06:00:00,2139.4
2024-01-27 07:00:00,3161.89
2024-01-27 08:00:00,3430.27
2024-01-27 09:00:00,3873.52
2024-01-27 10:00:00,3898.11
2024-01-27 11:00:00,3470.59
2024-01-27 12:00:00,3614.73
2024-01-27 13:00:00,3210.0
2024-01-27 14:00:00,3173.29
2024-01-27 15:00:00,3153.03
2024-01-27 16:00:00,3281.61
2024-01-27 17:00:00,3395.91
2024-01-27 18:00:00,3402.42
2024-01-27 19:00:00,3429.36
2024-01-27 20:00:00,3470.05
2024-01-27 21:00:00,3222.11
2024-01-27 22:00:00,2849.03
2024-01-27 23:00:00,2169.6
2024-01-28 00:00:00,1714.05
2024-01-28 01:00:00,1537.72
2024-01-28 02:00:00,1510.24
2024-01-28 03:00:00,1510.05
2024-01-28 04:00:00,1633.39
2024-01-28 05:00:00,1907.01
2024-01-28 06:00:00,2109.19
2024-01-28 07:00:00,3334.96
2024-01-28 08:00:00,3519.78
2024-01-28 09:00:00,3783.46
2024-01-28 10:00:00,3743.13
2024-01-28 11:00:00,3454.32
2024-01-28 12:00:00,3419.96
2024-01-28 13:00:00,3482.89
2024-01-28 14:00:00,3339.66
2024-01-28 15:00:00,3217.77
2024-01-28 16:00:00,3106.55
2024-01-28 17:00:00,3364.98
2024-01-28 18:00:00,3383.07
2024-01-28 19:00:00,3358.47
2024-01-28 20:00:00,3492.48
2024-01-28 21:00:00,3433.16
2024-01-28 22:00:00,2312.1
2024-01-28 23:00:00,2442.85
2024-01-29 00:00:00,1721.28
2024-01-29 01:00:00,1593.06
2024-01-29 02:00:00,1529.95
2024-01-29 03:00:00,1558.7
2024-01-29 04:00:00,1655.27
2024-01-29 05:00:00,1858.9
2024-01-29 06:00:00,2366.9
2024-01-29 07:00:00,3173.65
2024-01-29 08:00:00,3520.51
2024-01-29 09:00:00,3744.03
2024-01-29 10:00:00,3563.19
2024-01-29 11:00:00,3221.57
2024-01-29 12:00:00,3459.38
2024-01-29 13:00:00,3409.11
2024-01-29 14:00:00,3536.78
2024-01-29 15:00:00,3221.21
2024-01-29 16:00:00,3287.4
2024-01-29 17:00:00,3370.59
2024-01-29 18:00:00,3021.92
2024-01-29 19:00:00,3074.0
2024-01-29 20:00:00,3134.4
2024-01-29 21:00:00,3170.39
2024-01-29 22:00:00,2746.31
2024-01-29 23:00:00,2080.26
2024-01-30 00:00:00,1711.34
2024-01-30 01:00:00,1542.25
2024-01-30 02:00:00,1460.14
2024-01-30 03:00:00,1412.58
2024-01-30 04:00:00,1573.71
2024-01-30 05:00:00,1642.43
2024-01-30 06:00:00,2133.43
2024-01-30 07:00:00,3208.55
2024-01-30 08:00:00,3393.37
2024-01-30 09:00:00,3602.97
2024-01-30 10:00:00,3442.56
2024-01-30 11:00:00,3215.6
2024-01-30 12:00:00,3149.05
2024-01-30 13:00:00,3085.21
2024-01-30 14:00:00,3043.44
2024-01-30 15:00:00,2790.8
2024-01-30 16:00:00,3049.59
2024-01-30 17:00:00,3182.87
2024-01-30 18:00:00,3163.7
2024-01-30 19:00:00,3275.46
2024-01-30 20:00:00,3351.78
2024-01-30 21:00:00,3362.63
2024-01-30 22:00:00,2848.85
2024-01-30 23:00:00,2264.54
2024-01-31 00:00:00,1838.47
2024-01-31 01:00:00,1689.09
2024-01-31 02:00:00,1649.85
2024-01-31 03:00:00,1648.4
2024-01-31 04:00:00,1722.01
2024-01-31 05:00:00,1757.27
2024-01-31 06:00:00,2251.7
2024-01-31 07:00:00,3147.97
2024-01-31 08:00:00,3405.13
2024-01-31 09:00:00,3573.31
2024-01-31 10:00:00,3556.5
2024-01-31 11:00:00,3381.26
2024-01-31 12:00:00,3219.94
2024-01-31 13:00:00,3181.6
2024-01-31 14:00:00,3010.16
2024-01-31 15:00:00,2913.05
2024-01-31 16:00:00,2845.59
2024-01-31 17:00:00,3022.82
2024-01-31 18:00:00,2818.65
2024-01-31 19:00:00,2834.92
2024-01-31 20:00:00,2899.67
2024-01-31 21:00:00,2879.41
2024-01-31 22:00:00,2752.28
2024-01-31 23:00:00,2025.82
2024-02-01 00:00:00,1652.2
2024-02-01 01:00:00,1488.53
2024-02-01 02:00:00,1463.04
2024-02-01 03:00:00,1401.19
2024-02-01 04:00:00,1538.63
2024-02-01 05:00:00,1784.04
2024-02-01 06:00:00,2086.59
2024-02-01 07:00:00,2795.32
2024-02-01 08:00:00,2786.82
2024-02-01 09:00:00,2839.99
2024-02-01 10:00:00,2905.82
2024-02-01 11:00:00,2870.19
2024-02-01 12:00:00,2620.44
2024-02-01 13:00:00,2507.78
2024-02-01 14:00:00,2515.73
2024-02-01 15:00:00,2493.67
2024-02-01 16:00:00,2580.48
2024-02-01 17:00:00,2867.66
2024-02-01 18:00:00,2783.02
2024-02-01 19:00:00,2744.68
2024-02-01 20:00:00,2749.2
2024-02-01 21:00:00,2966.94
2024-02-01 22:00:00,2796.95
2024-02-01 23:00:00,2216.8
2024-02-02 00:00:00,1813.87
2024-02-02 01:00:00,1631.94
2024-02-02 02:00:00,1540.44
2024-02-02 03:00:00,1525.97
2024-02-02 04:00:00,1501.92
2024-02-02 05:00:00,1839.01
2024-02-02 06:00:00,1948.6
2024-02-02 07:00:00,2668.19
2024-02-02 08:00:00,2782.3
2024-02-02 09:00:00,2781.21
2024-02-02 10:00:00,2856.63
2024-02-02 11:00:00,2787.36
2024-02-02 12:00:00,2571.98
2024-02-02 13:00:00,2517.36
2024-02-02 14:00:00,2582.1
2024-02-02 15:00:00,2535.45
2024-02-02 16:00:00,2573.78
2024-02-02 17:00:00,2743.6
2024-02-02 18:00:00,2691.88
2024-02-02 19:00:00,2717.01
2024-02-02 20:00:00,2745.59
2024-02-02 21:00:00,2756.62
2024-02-02 22:00:00,1966.51
2024-02-02 23:00:00,2078.81
2024-02-03 00:00:00,1653.28
2024-02-03 01:00:00,1450.38
2024-02-03 02:00:00,1382.74
2024-02-03 03:00:00,1379.67
2024-02-03 04:00:00,1464.48
2024-02-03 05:00:00,1537.54
2024-02-03 06:00:00,1865.23
2024-02-03 07:00:00,2165.62
2024-02-03 08:00:00,2924.62
2024-02-03 09:00:00,2965.68
2024-02-03 10:00:00,3110.89
2024-02-03 11:00:00,2782.66
2024-02-03 12:00:00,2519.89
2024-02-03 13:00:00,2587.71
2024-02-03 14:00:00,2488.61
2024-02-03 15:00:00,2447.56
2024-02-03 16:00:00,2492.22
2024-02-03 17:00:00,2660.59
2024-02-03 18:00:00,2749.39
2024-02-03 19:00:00,2780.85
2024-02-03 20:00:00,2601.27
2024-02-03 21:00:00,2691.7
2024-02-03 22:00:00,2339.59
2024-02-03 23:00:00,1934.86
2024-02-04 00:00:00,1603.01
2024-02-04 01:00:00,1480.94
2024-02-04 02:00:00,1437.36
2024-02-04 03:00:00,1382.02
2024-02-04 04:00:00,1470.27
2024-02-04 05:00:00,1534.65
2024-02-04 06:00:00,1899.05
2024-02-04 07:00:00,2196.36
2024-02-04 08:00:00,1953.49
2024-02-04 09:00:00,1876.99
2024-02-04 10:00:00,2802.55
2024-02-04 11:00:00,2863.86
2024-02-04 12:00:00,2794.23
2024-02-04 13:00:00,3031.86
2024-02-04 14:00:00,3092.99
2024-02-04 15:00:00,2798.39
2024-02-04 16:00:00,2550.09
2024-02-04 17:00:00,2617.73
2024-02-04 18:00:00,2705.98
2024-02-04 19:00:00,2764.76
2024-02-04 20:00:00,2720.99
2024-02-04 21:00:00,2543.4
2024-02-04 22:00:00,2222.76
2024-02-04 23:00:00,1999.78
2024-02-05 00:00:00,1633.57
2024-02-05 01:00:00,1498.12
2024-02-05 02:00:00,1420.72
2024-02-05 03:00:00,1444.23
2024-02-05 04:00:00,1523.44
2024-02-05 05:00:00,1669.38
2024-02-05 06:00:00,1910.81
2024-02-05 07:00:00,2280.09
2024-02-05 08:00:00,2636.9
2024-02-05 09:00:00,2579.93
2024-02-05 10:00:00,2739.62
2024-02-05 11:00:00,2655.89
2024-02-05 12:00:00,2411.93
2024-02-05 13:00:00,2367.08
2024-02-05 14:00:00,2403.61
2024-02-05 15:00:00,2213.36
2024-02-05 16:00:00,2306.5
2024-02-05 17:00:00,2387.88
2024-02-05 18:00:00,2555.34
2024-02-05 19:00:00,2879.77
2024-02-05 20:00:00,2906.9
2024-02-05 21:00:00,2773.08
2024-02-05 22:00:00,2375.94
2024-02-05 23:00:00,1865.05
2024-02-06 00:00:00,1582.75
2024-02-06 01:00:00,1400.28
2024-02-06 02:00:00,1360.68
2024-02-06 03:00:00,1376.05
2024-02-06 04:00:00,1478.23
2024-02-06 05:00:00,1602.83
2024-02-06 06:00:00,1861.62
2024-02-06 07:00:00,2130.17
2024-02-06 08:00:00,2443.94
2024-02-06 09:00:00,2517.18
2024-02-06 10:00:00,2447.37
2024-02-06 11:00:00,2504.88
2024-02-06 12:00:00,2328.02
2024-02-06 13:00:00,2156.39
2024-02-06 14:00:00,2229.82
2024-02-06 15:00:00,2164.89
2024-02-06 16:00:00,2311.38
2024-02-06 17:00:00,2484.27
2024-02-06 18:00:00,2377.75
2024-02-06 19:00:00,2397.1
2024-02-06 20:00:00,2413.38
2024-02-06 21:00:00,2351.53
2024-02-06 22:00:00,2182.26
2024-02-06 23:00:00,1858.9
2024-02-07 00:00:00,1585.29
2024-02-07 01:00:00,1540.8
2024-02-07 02:00:00,1539.89
2024-02-07 03:00:00,1518.55
2024-02-07 04:00:00,1580.4
2024-02-07 05:00:00,1627.6
2024-02-07 06:00:00,2100.33
2024-02-07 07:00:00,2354.6
2024-02-07 08:00:00,2449.36
2024-02-07 09:00:00,2731.84
2024-02-07 10:00:00,2923.9
2024-02-07 11:00:00,2938.01
2024-02-07 12:00:00,3040.91
2024-02-07 13:00:00,3060.26
2024-02-07 14:00:00,2829.68
2024-02-07 15:00:00,2649.38
2024-02-07 16:00:00,2745.77
2024-02-07 17:00:00,2775.97
2024-02-07 18:00:00,2728.59
2024-02-07 19:00:00,2885.56
2024-02-07 20:00:00,2697.84
2024-02-07 21:00:00,2695.67
2024-02-07 22:00:00,2281.0
2024-02-07 23:00:00,2038.48
2024-02-08 00:00:00,1709.71
2024-02-08 01:00:00,1566.84
2024-02-08 02:00:00,1508.43
2024-02-08 03:00:00,1510.78
2024-02-08 04:00:00,1610.79
2024-02-08 05:00:00,1599.39
2024-02-08 06:00:00,2201.79
2024-02-08 07:00:00,2681.57
2024-02-08 08:00:00,3211.99
2024-02-08 09:00:00,3560.11
2024-02-08 10:00:00,3601.71
2024-02-08 11:00:00,3127.17
2024-02-08 12:00:00,2987.74
2024-02-08 13:00:00,2833.66
2024-02-08 14:00:00,2786.1
2024-02-08 15:00:00,2589.7
2024-02-08 16:00:00,2483.18
2024-02-08 17:00:00,2592.59
2024-02-08 18:00:00,2528.39
2024-02-08 19:00:00,2605.07
2024-02-08 20:00:00,2669.81
2024-02-08 21:00:00,2617.73
2024-02-08 22:00:00,2285.7
2024-02-08 23:00:00,2003.4
2024-02-09 00:00:00,1645.69
2024-02-09 01:00:00,1466.11
2024-02-09 02:00:00,1380.57
2024-02-09 03:00:00,1378.22
2024-02-09 04:00:00,1492.33
2024-02-09 05:00:00,1797.42
2024-02-09 06:00:00,1957.47
2024-02-09 07:00:00,2365.45
2024-02-09 08:00:00,2906.36
2024-02-09 09:00:00,3255.75
2024-02-09 10:00:00,3286.49
2024-02-09 11:00:00,3174.19
2024-02-09 12:00:00,3046.69
2024-02-09 13:00:00,3092.63
2024-02-09 14:00:00,3194.99
2024-02-09 15:00:00,2983.94
2024-02-09 16:00:00,2863.32
2024-02-09 17:00:00,2551.18
2024-02-09 18:00:00,2525.68
2024-02-09 19:00:00,2626.05
2024-02-09 20:00:00,2468.17
2024-02-09 21:00:00,2425.31
2024-02-09 22:00:00,2309.93
2024-02-09 23:00:00,2264.36
2024-02-10 00:00:00,1825.81
2024-02-10 01:00:00,1499.75
2024-02-10 02:00:00,1384.55
2024-02-10 03:00:00,1371.71
2024-02-10 04:00:00,1458.33
2024-02-10 05:00:00,1651.11
2024-02-10 06:00:00,1756.37
2024-02-10 07:00:00,2142.11
2024-02-10 08:00:00,2284.43
2024-02-10 09:00:00,2600.19
2024-02-10 10:00:00,2381.55
2024-02-10 11:00:00,2230.0
2024-02-10 12:00:00,2292.03
2024-02-10 13:00:00,2268.88
2024-02-10 14:00:00,2143.01
2024-02-10 15:00:00,2033.24
2024-02-10 16:00:00,2029.8
2024-02-10 17:00:00,2129.81
2024-02-10 18:00:00,2104.67
2024-02-10 19:00:00,2246.64
2024-02-10 20:00:00,2166.34
2024-02-10 21:00:00,2153.68
2024-02-10 22:00:00,2058.92
2024-02-10 23:00:00,1891.28
2024-02-11 00:00:00,1517.11
2024-02-11 01:00:00,1511.14
2024-02-11 02:00:00,1480.4
2024-02-11 03:00:00,1516.02
2024-02-11 04:00:00,1589.26
2024-02-11 05:00:00,1616.39
2024-02-11 06:00:00,2022.57
2024-02-11 07:00:00,2291.85
2024-02-11 08:00:00,2606.7
2024-02-11 09:00:00,2681.75
2024-02-11 10:00:00,2688.62
2024-02-11 11:00:00,2243.56
2024-02-11 12:00:00,1898.15
2024-02-11 13:00:00,1674.62
2024-02-11 14:00:00,2016.42
2024-02-11 15:00:00,2440.14
2024-02-11 16:00:00,1887.84
2024-02-11 17:00:00,2047.89
2024-02-11 18:00:00,2120.41
2024-02-11 19:00:00,2207.57
2024-02-11 20:00:00,2238.14
2024-02-11 21:00:00,2175.2
2024-02-11 22:00:00,2020.04
2024-02-11 23:00:00,1890.19
2024-02-12 00:00:00,1561.23
2024-02-12 01:00:00,1428.67
2024-02-12 02:00:00,1348.38
2024-02-12 03:00:00,1341.51
2024-02-12 04:00:00,1422.89
2024-02-12 05:00:00,1442.78
2024-02-12 06:00:00,1785.48
2024-02-12 07:00:00,2150.07
2024-02-12 08:00:00,2645.22
2024-02-12 09:00:00,2780.13
2024-02-12 10:00:00,2725.15
2024-02-12 11:00:00,1796.33
2024-02-12 12:00:00,2237.23
2024-02-12 13:00:00,2276.11
2024-02-12 14:00:00,2270.87
2024-02-12 15:00:00,2159.83
2024-02-12 16:00:00,2040.65
2024-02-12 17:00:00,2135.24
2024-02-12 18:00:00,2188.59
2024-02-12 19:00:00,2252.42
2024-02-12 20:00:00,2346.46
2024-02-12 21:00:00,2384.08
2024-02-12 22:00:00,2155.67
2024-02-12 23:00:00,1865.23
2024-02-13 00:00:00,1523.62
2024-02-13 01:00:00,1367.73
2024-02-13 02:00:00,1339.52
2024-02-13 03:00:00,1343.14
2024-02-13 04:00:00,1439.16
2024-02-13 05:00:00,1582.75
2024-02-13 06:00:00,1761.07
2024-02-13 07:00:00,2104.31
2024-02-13 08:00:00,2643.05
2024-02-13 09:00:00,2810.33
2024-02-13 10:00:00,2628.76
2024-02-13 11:00:00,2317.17
2024-02-13 12:00:00,2261.28
2024-02-13 13:00:00,2261.1
2024-02-13 14:00:00,2545.93
2024-02-13 15:00:00,2406.86
2024-02-13 16:00:00,2428.93
2024-02-13 17:00:00,2611.94
2024-02-13 18:00:00,2296.37
2024-02-13 19:00:00,2293.84
2024-02-13 20:00:00,2378.65
2024-02-13 21:00:00,2353.15
2024-02-13 22:00:00,2126.37
2024-02-13 23:00:00,1914.24
2024-02-14 00:00:00,1567.93
2024-02-14 01:00:00,1436.99
2024-02-14 02:00:00,1322.16
2024-02-14 03:00:00,1348.2
2024-02-14 04:00:00,1450.92
2024-02-14 05:00:00,1553.1
2024-02-14 06:00:00,1840.46
2024-02-14 07:00:00,2407.05
2024-02-14 08:00:00,2742.15
2024-02-14 09:00:00,2929.87
2024-02-14 10:00:00,2776.33
2024-02-14 11:00:00,2492.59
2024-02-14 12:00:00,2420.43
2024-02-14 13:00:00,2348.81
2024-02-14 14:00:00,2445.02
2024-02-14 15:00:00,2149.7
2024-02-14 16:00:00,2234.7
2024-02-14 17:00:00,2213.18
2024-02-14 18:00:00,2222.04
2024-02-14 19:00:00,2296.37
2024-02-14 20:00:00,2430.74
2024-02-14 21:00:00,2431.82
2024-02-14 22:00:00,2139.21
2024-02-14 23:00:00,1955.66
2024-02-15 00:00:00,1591.25
2024-02-15 01:00:00,1418.55
2024-02-15 02:00:00,1369.9
2024-02-15 03:00:00,1346.75
2024-02-15 04:00:00,1459.06
2024-02-15 05:00:00,1586.73
2024-02-15 06:00:00,1792.9
2024-02-15 07:00:00,2065.07
2024-02-15 08:00:00,2562.75
2024-02-15 09:00:00,2794.42
2024-02-15 10:00:00,2627.31
2024-02-15 11:00:00,2533.46
2024-02-15 12:00:00,2382.45
2024-02-15 13:00:00,2398.18
2024-02-15 14:00:00,2284.61
2024-02-15 15:00:00,2235.97
2024-02-15 16:00:00,2260.2
2024-02-15 17:00:00,2276.29
2024-02-15 18:00:00,2241.03
2024-02-15 19:00:00,2352.43
2024-02-15 20:00:00,2405.06
2024-02-15 21:00:00,2466.18
2024-02-15 22:00:00,2221.68
2024-02-15 23:00:00,1915.51
2024-02-16 00:00:00,1584.38
2024-02-16 01:00:00,1454.35
2024-02-16 02:00:00,1395.4
2024-02-16 03:00:00,1404.08
2024-02-16 04:00:00,1437.17
2024-02-16 05:00:00,1517.29
2024-02-16 06:00:00,1787.29
2024-02-16 07:00:00,2402.71
2024-02-16 08:00:00,2858.62
2024-02-16 09:00:00,3373.3
2024-02-16 10:00:00,3449.98
2024-02-16 11:00:00,3219.94
2024-02-16 12:00:00,3029.69
2024-02-16 13:00:00,2941.44
2024-02-16 14:00:00,2986.47
2024-02-16 15:00:00,2390.23
2024-02-16 16:00:00,2382.81
2024-02-16 17:00:00,2400.72
2024-02-16 18:00:00,2454.97
2024-02-16 19:00:00,2506.87
2024-02-16 20:00:00,2709.06
2024-02-16 21:00:00,2634.91
2024-02-16 22:00:00,2375.76
2024-02-16 23:00:00,2040.11
2024-02-17 00:00:00,1690.0
2024-02-17 01:00:00,1433.38
2024-02-17 02:00:00,1399.02
2024-02-17 03:00:00,1372.79
2024-02-17 04:00:00,1450.92
2024-02-17 05:00:00,1596.5
2024-02-17 06:00:00,1881.69
2024-02-17 07:00:00,2021.3
2024-02-17 08:00:00,1947.88
2024-02-17 09:00:00,2125.65
2024-02-17 10:00:00,2892.43
2024-02-17 11:00:00,2895.33
2024-02-17 12:00:00,2809.43
2024-02-17 13:00:00,2837.64
2024-02-17 14:00:00,2763.31
2024-02-17 15:00:00,2845.23
2024-02-17 16:00:00,2628.22
2024-02-17 17:00:00,3008.72
2024-02-17 18:00:00,2906.9
2024-02-17 19:00:00,2839.63
2024-02-17 20:00:00,2894.06
2024-02-17 21:00:00,2932.94
2024-02-17 22:00:00,2535.63
2024-02-17 23:00:00,2096.54
2024-02-18 00:00:00,1656.54
2024-02-18 01:00:00,1457.79
2024-02-18 02:00:00,1377.68
2024-02-18 03:00:00,1390.7
2024-02-18 04:00:00,1465.57
2024-02-18 05:00:00,1693.97
2024-02-18 06:00:00,1939.74
2024-02-18 07:00:00,2882.85
2024-02-18 08:00:00,3308.74
2024-02-18 09:00:00,3315.97
2024-02-18 10:00:00,3292.82
2024-02-18 11:00:00,2952.65
2024-02-18 12:00:00,2878.33
2024-02-18 13:00:00,2844.69
2024-02-18 14:00:00,2878.51
2024-02-18 15:00:00,2592.23
2024-02-18 16:00:00,2639.07
2024-02-18 17:00:00,2946.33
2024-02-18 18:00:00,2942.17
2024-02-18 19:00:00,3016.67
2024-02-18 20:00:00,3289.75
2024-02-18 21:00:00,3154.48
2024-02-18 22:00:00,2823.89
2024-02-18 23:00:00,2030.89
2024-02-19 00:00:00,1679.33
2024-02-19 01:00:00,1521.81
2024-02-19 02:00:00,1447.12
2024-02-19 03:00:00,1360.86
2024-02-19 04:00:00,1504.99
2024-02-19 05:00:00,1589.45
2024-02-19 06:00:00,1974.1
2024-02-19 07:00:00,2956.63
2024-02-19 08:00:00,3067.85
2024-02-19 09:00:00,3565.18
2024-02-19 10:00:00,3627.39
2024-02-19 11:00:00,3247.43
2024-02-19 12:00:00,3162.62
2024-02-19 13:00:00,3135.85
2024-02-19 14:00:00,2791.52
2024-02-19 15:00:00,2741.25
2024-02-19 16:00:00,2634.73
2024-02-19 17:00:00,2836.55
2024-02-19 18:00:00,2932.04
2024-02-19 19:00:00,3006.18
2024-02-19 20:00:00,2930.23
2024-02-19 21:00:00,2859.52
2024-02-19 22:00:00,2290.22
2024-02-19 23:00:00,1941.01
2024-02-20 00:00:00,1522.71
2024-02-20 01:00:00,1414.57
2024-02-20 02:00:00,1360.13
2024-02-20 03:00:00,1363.57
2024-02-20 04:00:00,1476.06
2024-02-20 05:00:00,1474.25
2024-02-20 06:00:00,2050.96
2024-02-20 07:00:00,2716.11
2024-02-20 08:00:00,2885.92
2024-02-20 09:00:00,3164.06
2024-02-20 10:00:00,2944.34
2024-02-20 11:00:00,2844.51
2024-02-20 12:00:00,2769.1
2024-02-20 13:00:00,2610.13
2024-02-20 14:00:00,2604.89
2024-02-20 15:00:00,2358.4
2024-02-20 16:00:00,2611.58
2024-02-20 17:00:00,2907.81
2024-02-20 18:00:00,2714.3
2024-02-20 19:00:00,2785.55
2024-02-20 20:00:00,2813.22
2024-02-20 21:00:00,2715.93
2024-02-20 22:00:00,2123.48
2024-02-20 23:00:00,1882.41
2024-02-21 00:00:00,1542.43
2024-02-21 01:00:00,1397.93
2024-02-21 02:00:00,1371.89
2024-02-21 03:00:00,1384.91
2024-02-21 04:00:00,1504.27
2024-02-21 05:00:00,1850.59
2024-02-21 06:00:00,1964.16
2024-02-21 07:00:00,2611.58
2024-02-21 08:00:00,2990.63
2024-02-21 09:00:00,2972.73
2024-02-21 10:00:00,2885.02
2024-02-21 11:00:00,2877.24
2024-02-21 12:00:00,2528.03
2024-02-21 13:00:00,2458.59
2024-02-21 14:00:00,2466.36
2024-02-21 15:00:00,2353.15
2024-02-21 16:00:00,2624.24
2024-02-21 17:00:00,2936.56
2024-02-21 18:00:00,2786.1
2024-02-21 19:00:00,2740.52
2024-02-21 20:00:00,2836.73
2024-02-21 21:00:00,2670.72
2024-02-21 22:00:00,2387.7
2024-02-21 23:00:00,1894.89
2024-02-22 00:00:00,1614.58
2024-02-22 01:00:00,1500.47
2024-02-22 02:00:00,1519.46
2024-02-22 03:00:00,1556.89
2024-02-22 04:00:00,1657.99
2024-02-22 05:00:00,2025.46
2024-02-22 06:00:00,2119.14
2024-02-22 07:00:00,2699.11
2024-02-22 08:00:00,2815.94
2024-02-22 09:00:00,2832.57
2024-02-22 10:00:00,2759.15
2024-02-22 11:00:00,2709.24
2024-02-22 12:00:00,2618.63
2024-02-22 13:00:00,2356.23
2024-02-22 14:00:00,2206.67
2024-02-22 15:00:00,2269.24
2024-02-22 16:00:00,2432.54
2024-02-22 17:00:00,2651.19
2024-02-22 18:00:00,2679.4
2024-02-22 19:00:00,2730.76
2024-02-22 20:00:00,2721.72
2024-02-22 21:00:00,2711.23
2024-02-22 22:00:00,2260.56
2024-02-22 23:00:00,1941.19
2024-02-23 00:00:00,1646.41
2024-02-23 01:00:00,1465.02
2024-02-23 02:00:00,1430.12
2024-02-23 03:00:00,1419.27
2024-02-23 04:00:00,1538.63
2024-02-23 05:00:00,1617.84
2024-02-23 06:00:00,1922.2
2024-02-23 07:00:00,2412.29
2024-02-23 08:00:00,2545.21
2024-02-23 09:00:00,2753.91
2024-02-23 10:00:00,2875.25
2024-02-23 11:00:00,2679.4
2024-02-23 12:00:00,2598.92
2024-02-23 13:00:00,2508.32
2024-02-23 14:00:00,2524.6
2024-02-23 15:00:00,2428.57
2024-02-23 16:00:00,2597.48
2024-02-23 17:00:00,2863.32
2024-02-23 18:00:00,2835.11
2024-02-23 19:00:00,2865.13
2024-02-23 20:00:00,2778.68
2024-02-23 21:00:00,2738.53
2024-02-23 22:00:00,2396.01
2024-02-23 23:00:00,1987.3
2024-02-24 00:00:00,1665.94
2024-02-24 01:00:00,1556.71
2024-02-24 02:00:00,1588.72
2024-02-24 03:00:00,1553.64
2024-02-24 04:00:00,1715.31
2024-02-24 05:00:00,1758.72
2024-02-24 06:00:00,2114.98
2024-02-24 07:00:00,2409.94
2024-02-24 08:00:00,2684.28
2024-02-24 09:00:00,2809.79
2024-02-24 10:00:00,2824.44
2024-02-24 11:00:00,2978.33
2024-02-24 12:00:00,2722.08
2024-02-24 13:00:00,2448.46
2024-02-24 14:00:00,2509.22
2024-02-24 15:00:00,2602.72
2024-02-24 16:00:00,2855.0
2024-02-24 17:00:00,2867.3
2024-02-24 18:00:00,2917.57
2024-02-24 19:00:00,2985.75
2024-02-24 20:00:00,2961.15
2024-02-24 21:00:00,2885.92
2024-02-24 22:00:00,2719.55
2024-02-24 23:00:00,2255.86
2024-02-25 00:00:00,1925.64
2024-02-25 01:00:00,1808.45
2024-02-25 02:00:00,1732.68
2024-02-25 03:00:00,1701.39
2024-02-25 04:00:00,1827.62
2024-02-25 05:00:00,2206.85
2024-02-25 06:00:00,2278.65
2024-02-25 07:00:00,2825.7
2024-02-25 08:00:00,3065.32
2024-02-25 09:00:00,3756.87
2024-02-25 10:00:00,3767.54
2024-02-25 11:00:00,3597.55
2024-02-25 12:00:00,3358.47
2024-02-25 13:00:00,3282.33
2024-02-25 14:00:00,3352.32
2024-02-25 15:00:00,3064.06
2024-02-25 16:00:00,3269.68
2024-02-25 17:00:00,3419.6
2024-02-25 18:00:00,3468.97
2024-02-25 19:00:00,3495.55
2024-02-25 20:00:00,3645.29
2024-02-25 21:00:00,3353.23
2024-02-25 22:00:00,3002.21
2024-02-25 23:00:00,2443.58
2024-02-26 00:00:00,2048.61
2024-02-26 01:00:00,1928.35
2024-02-26 02:00:00,1899.41
2024-02-26 03:00:00,1870.84
2024-02-26 04:00:00,2019.5
2024-02-26 05:00:00,2295.46
2024-02-26 06:00:00,2569.26
2024-02-26 07:00:00,3150.14
2024-02-26 08:00:00,3429.18
2024-02-26 09:00:00,4013.67
2024-02-26 10:00:00,3904.08
2024-02-26 11:00:00,3178.17
2024-02-26 12:00:00,3034.94
2024-02-26 13:00:00,3287.58
2024-02-26 14:00:00,3307.65
2024-02-26 15:00:00,3169.31
2024-02-26 16:00:00,3179.98
2024-02-26 17:00:00,3331.52
2024-02-26 18:00:00,3249.42
2024-02-26 19:00:00,3531.54
2024-02-26 20:00:00,3505.68
2024-02-26 21:00:00,3321.58
2024-02-26 22:00:00,2879.59
2024-02-26 23:00:00,2264.9
2024-02-27 00:00:00,1920.21
2024-02-27 01:00:00,1778.07
2024-02-27 02:00:00,1724.72
2024-02-27 03:00:00,1741.17
2024-02-27 04:00:00,1859.99
2024-02-27 05:00:00,1961.62
2024-02-27 06:00:00,2708.88
2024-02-27 07:00:00,3634.98
2024-02-27 08:00:00,3695.2
2024-02-27 09:00:00,3838.79
2024-02-27 10:00:00,3772.06
2024-02-27 11:00:00,3553.42
2024-02-27 12:00:00,3487.77
2024-02-27 13:00:00,3423.39
2024-02-27 14:00:00,3305.48
2024-02-27 15:00:00,3297.71
2024-02-27 16:00:00,3277.99
2024-02-27 17:00:00,3541.12
2024-02-27 18:00:00,3553.24
2024-02-27 19:00:00,3427.55
2024-02-27 20:00:00,3453.96
2024-02-27 21:00:00,3323.21
2024-02-27 22:00:00,2945.6
2024-02-27 23:00:00,2275.21
2024-02-28 00:00:00,1855.11
2024-02-28 01:00:00,1707.54
2024-02-28 02:00:00,1657.08
2024-02-28 03:00:00,1677.7
2024-02-28 04:00:00,1808.99
2024-02-28 05:00:00,1841.36
2024-02-28 06:00:00,2507.96
2024-02-28 07:00:00,3474.03
2024-02-28 08:00:00,3492.66
2024-02-28 09:00:00,3659.94
2024-02-28 10:00:00,3581.45
2024-02-28 11:00:00,3168.76
2024-02-28 12:00:00,3377.1
2024-02-28 13:00:00,3158.82
2024-02-28 14:00:00,3115.6
2024-02-28 15:00:00,2889.72
2024-02-28 16:00:00,2977.43
2024-02-28 17:00:00,3245.99
2024-02-28 18:00:00,3291.56
2024-02-28 19:00:00,3421.95
2024-02-28 20:00:00,3399.7
2024-02-28 21:00:00,3410.73
2024-02-28 22:00:00,2828.23
2024-02-28 23:00:00,2250.43
2024-02-29 00:00:00,1770.65
2024-02-29 01:00:00,1653.65
2024-02-29 02:00:00,1564.13
2024-02-29 03:00:00,1610.42
2024-02-29 04:00:00,1746.96
2024-02-29 05:00:00,2057.83
2024-02-29 06:00:00,2346.82
2024-02-29 07:00:00,3367.87
2024-02-29 08:00:00,3692.67
2024-02-29 09:00:00,3877.13
2024-02-29 10:00:00,3602.97
2024-02-29 11:00:00,3355.4
2024-02-29 12:00:00,3206.56
2024-02-29 13:00:00,3046.69
2024-02-29 14:00:00,3066.41
2024-02-29 15:00:00,2958.98
2024-02-29 16:00:00,3046.51
2024-02-29 17:00:00,3438.04
2024-02-29 18:00:00,3527.56
2024-02-29 19:00:00,3588.87
2024-02-29 20:00:00,3715.64
2024-02-29 21:00:00,3183.77
2024-02-29 22:00:00,2708.7
2024-02-29 23:00:00,2218.61
2024-03-01 00:00:00,1808.81
2024-03-01 01:00:00,1743.89
2024-03-01 02:00:00,1629.41
2024-03-01 03:00:00,1604.46
2024-03-01 04:00:00,1742.98
2024-03-01 05:00:00,1959.64
2024-03-01 06:00:00,2646.3
2024-03-01 07:00:00,3493.2
2024-03-01 08:00:00,3508.75
2024-03-01 09:00:00,3652.34
2024-03-01 10:00:00,3559.57
2024-03-01 11:00:00,3458.66
2024-03-01 12:00:00,3346.35
2024-03-01 13:00:00,3137.66
2024-03-01 14:00:00,3143.63
2024-03-01 15:00:00,3111.44
2024-03-01 16:00:00,3072.19
2024-03-01 17:00:00,3062.07
2024-03-01 18:00:00,3078.34
2024-03-01 19:00:00,3294.45
2024-03-01 20:00:00,3236.04
2024-03-01 21:00:00,3355.22
2024-03-01 22:00:00,2857.53
2024-03-01 23:00:00,2275.57
2024-03-02 00:00:00,1785.84
2024-03-02 01:00:00,1587.64
2024-03-02 02:00:00,1533.56
2024-03-02 03:00:00,1551.65
2024-03-02 04:00:00,1644.24
2024-03-02 05:00:00,1724.9
2024-03-02 06:00:00,2188.95
2024-03-02 07:00:00,3110.17
2024-03-02 08:00:00,3658.31
2024-03-02 09:00:00,3894.49
2024-03-02 10:00:00,3688.69
2024-03-02 11:00:00,3394.82
2024-03-02 12:00:00,3321.58
2024-03-02 13:00:00,3133.68
2024-03-02 14:00:00,3094.62
2024-03-02 15:00:00,3012.15
2024-03-02 16:00:00,2973.45
2024-03-02 17:00:00,3151.77
2024-03-02 18:00:00,3126.45
2024-03-02 19:00:00,3284.51
2024-03-02 20:00:00,3310.55
2024-03-02 21:00:00,3263.35
2024-03-02 22:00:00,2803.82
2024-03-02 23:00:00,2242.3
2024-03-03 00:00:00,1776.98
2024-03-03 01:00:00,1598.85
2024-03-03 02:00:00,1559.97
2024-03-03 03:00:00,1550.2
2024-03-03 04:00:00,1617.84
2024-03-03 05:00:00,1673.36
2024-03-03 06:00:00,2131.98
2024-03-03 07:00:00,3066.59
2024-03-03 08:00:00,3788.34
2024-03-03 09:00:00,4260.71
2024-03-03 10:00:00,4025.97
2024-03-03 11:00:00,3840.42
2024-03-03 12:00:00,3789.79
2024-03-03 13:00:00,3316.15
2024-03-03 14:00:00,3119.57
2024-03-03 15:00:00,2921.19
2024-03-03 16:00:00,2980.32
2024-03-03 17:00:00,3106.01
2024-03-03 18:00:00,3120.84
2024-03-03 19:00:00,3249.24
2024-03-03 20:00:00,3318.32
2024-03-03 21:00:00,3128.07
2024-03-03 22:00:00,2606.7
2024-03-03 23:00:00,2091.29
2024-03-04 00:00:00,1676.61
2024-03-04 01:00:00,1484.74
2024-03-04 02:00:00,1425.42
2024-03-04 03:00:00,1489.62
2024-03-04 04:00:00,1570.1
2024-03-04 05:00:00,1783.85
2024-03-04 06:00:00,2274.12
2024-03-04 07:00:00,3081.78
2024-03-04 08:00:00,3208.01
2024-03-04 09:00:00,3256.29
2024-03-04 10:00:00,3297.53
2024-03-04 11:00:00,3260.09
2024-03-04 12:00:00,3949.29
2024-03-04 13:00:00,3787.43
2024-03-04 14:00:00,3011.25
2024-03-04 15:00:00,3018.66
2024-03-04 16:00:00,3196.07
2024-03-04 17:00:00,3048.86
2024-03-04 18:00:00,3082.14
2024-03-04 19:00:00,3234.41
2024-03-04 20:00:00,3034.4
2024-03-04 21:00:00,2931.5
2024-03-04 22:00:00,2457.14
2024-03-04 23:00:00,1970.85
2024-03-05 00:00:00,1640.44
2024-03-05 01:00:00,1521.09
2024-03-05 02:00:00,1442.42
2024-03-05 03:00:00,1447.3
2024-03-05 04:00:00,1531.76
2024-03-05 05:00:00,1830.87
2024-03-05 06:00:00,2245.55
2024-03-05 07:00:00,3091.36
2024-03-05 08:00:00,3290.47
2024-03-05 09:00:00,3401.33
2024-03-05 10:00:00,3269.5
2024-03-05 11:00:00,3221.75
2024-03-05 12:00:00,3049.77
2024-03-05 13:00:00,3075.99
2024-03-05 14:00:00,2805.63
2024-03-05 15:00:00,2821.36
2024-03-05 16:00:00,2907.81
2024-03-05 17:00:00,2993.34
2024-03-05 18:00:00,3064.96
2024-03-05 19:00:00,3103.48
2024-03-05 20:00:00,3257.02
2024-03-05 21:00:00,3225.19
2024-03-05 22:00:00,3055.37
2024-03-05 23:00:00,2403.07
2024-03-06 00:00:00,1858.72
2024-03-06 01:00:00,1739.73
2024-03-06 02:00:00,1658.35
2024-03-06 03:00:00,1605.0
2024-03-06 04:00:00,1591.25
2024-03-06 05:00:00,1693.25
2024-03-06 06:00:00,2292.75
2024-03-06 07:00:00,3377.64
2024-03-06 08:00:00,3369.68
2024-03-06 09:00:00,3559.21
2024-03-06 10:00:00,3704.61
2024-03-06 11:00:00,3174.19
2024-03-06 12:00:00,3258.46
2024-03-06 13:00:00,3130.97
2024-03-06 14:00:00,3135.67
2024-03-06 15:00:00,2978.7
2024-03-06 16:00:00,2912.69
2024-03-06 17:00:00,3233.33
2024-03-06 18:00:00,3211.08
2024-03-06 19:00:00,3262.98
2024-03-06 20:00:00,3328.99
2024-03-06 21:00:00,3378.18
2024-03-06 22:00:00,2817.93
2024-03-06 23:00:00,2220.05
2024-03-07 00:00:00,1603.19
2024-03-07 01:00:00,1498.84
2024-03-07 02:00:00,1470.45
2024-03-07 03:00:00,1492.33
2024-03-07 04:00:00,1584.2
2024-03-07 05:00:00,1719.65
2024-03-07 06:00:00,2364.73
2024-03-07 07:00:00,3417.06
2024-03-07 08:00:00,3435.51
2024-03-07 09:00:00,3805.52
2024-03-07 10:00:00,3795.03
2024-03-07 11:00:00,3508.93
2024-03-07 12:00:00,3454.5
2024-03-07 13:00:00,3335.68
2024-03-07 14:00:00,3131.33
2024-03-07 15:00:00,3056.1
2024-03-07 16:00:00,3079.43
2024-03-07 17:00:00,3180.16
2024-03-07 18:00:00,3256.29
2024-03-07 19:00:00,3304.4
2024-03-07 20:00:00,3481.45
2024-03-07 21:00:00,3368.96
2024-03-07 22:00:00,2909.43
2024-03-07 23:00:00,2105.94
2024-03-08 00:00:00,1757.99
2024-03-08 01:00:00,1555.81
2024-03-08 02:00:00,1553.28
2024-03-08 03:00:00,1495.23
2024-03-08 04:00:00,1573.71
2024-03-08 05:00:00,1836.3
2024-03-08 06:00:00,2680.3
2024-03-08 07:00:00,3783.28
2024-03-08 08:00:00,3686.16
2024-03-08 09:00:00,3867.91
2024-03-08 10:00:00,3799.19
2024-03-08 11:00:00,3294.09
2024-03-08 12:00:00,3574.76
2024-03-08 13:00:00,3509.3
2024-03-08 14:00:00,3513.09
2024-03-08 15:00:00,3188.48
2024-03-08 16:00:00,3340.21
2024-03-08 17:00:00,3629.74
2024-03-08 18:00:00,3445.1
2024-03-08 19:00:00,3631.37
2024-03-08 20:00:00,3380.71
2024-03-08 21:00:00,3306.57
2024-03-08 22:00:00,2938.37
2024-03-08 23:00:00,2270.33
2024-03-09 00:00:00,1759.8
2024-03-09 01:00:00,1623.26
2024-03-09 02:00:00,1562.14
2024-03-09 03:00:00,1503.36
2024-03-09 04:00:00,1596.14
2024-03-09 05:00:00,1960.0
2024-03-09 06:00:00,2356.95
2024-03-09 07:00:00,3345.09
2024-03-09 08:00:00,3594.47
2024-03-09 09:00:00,3922.71
2024-03-09 10:00:00,4333.04
2024-03-09 11:00:00,3685.62
2024-03-09 12:00:00,3200.59
2024-03-09 13:00:00,3005.82
2024-03-09 14:00:00,2968.93
2024-03-09 15:00:00,2906.18
2024-03-09 16:00:00,2939.45
2024-03-09 17:00:00,3127.35
2024-03-09 18:00:00,3107.64
2024-03-09 19:00:00,3192.27
2024-03-09 20:00:00,3250.87
2024-03-09 21:00:00,3178.35
2024-03-09 22:00:00,2900.03
2024-03-09 23:00:00,2330.91
2024-03-10 00:00:00,1886.39
2024-03-10 01:00:00,1712.42
2024-03-10 02:00:00,1531.94
2024-03-10 03:00:00,1566.84
2024-03-10 04:00:00,1621.64
2024-03-10 05:00:00,1761.61
2024-03-10 06:00:00,2116.97
2024-03-10 07:00:00,3236.58
2024-03-10 08:00:00,3608.22
2024-03-10 09:00:00,3950.92
2024-03-10 10:00:00,4018.37
2024-03-10 11:00:00,3525.57
2024-03-10 12:00:00,3348.16
2024-03-10 13:00:00,3282.7
2024-03-10 14:00:00,3082.32
2024-03-10 15:00:00,2981.95
2024-03-10 16:00:00,2907.26
2024-03-10 17:00:00,3200.59
2024-03-10 18:00:00,3172.92
2024-03-10 19:00:00,3252.5
2024-03-10 20:00:00,3414.71
2024-03-10 21:00:00,3269.86
2024-03-10 22:00:00,2901.29
2024-03-10 23:00:00,2054.4
2024-03-11 00:00:00,1723.99
2024-03-11 01:00:00,1686.38
2024-03-11 02:00:00,1422.35
2024-03-11 03:00:00,1468.28
2024-03-11 04:00:00,1543.15
2024-03-11 05:00:00,1838.11
2024-03-11 06:00:00,3079.61
2024-03-11 07:00:00,4150.93
2024-03-11 08:00:00,4476.09
2024-03-11 09:00:00,3214.88
2024-03-11 10:00:00,3152.85
2024-03-11 11:00:00,3200.59
2024-03-11 12:00:00,3338.04
2024-03-11 13:00:00,3434.97
2024-03-11 14:00:00,3415.26
2024-03-11 15:00:00,3352.14
2024-03-11 16:00:00,3213.79
2024-03-11 17:00:00,3225.91
2024-03-11 18:00:00,3247.61
2024-03-11 19:00:00,3466.98
2024-03-11 20:00:00,3512.91
2024-03-11 21:00:00,3395.91
2024-03-11 22:00:00,2774.34
2024-03-11 23:00:00,2169.6
2024-03-12 00:00:00,1649.85
2024-03-12 01:00:00,1554.0
2024-03-12 02:00:00,1494.14
2024-03-12 03:00:00,1467.56
2024-03-12 04:00:00,1577.51
2024-03-12 05:00:00,1896.34
2024-03-12 06:00:00,2724.07
2024-03-12 07:00:00,3805.7
2024-03-12 08:00:00,3894.5
2024-03-12 09:00:00,3991.07
2024-03-12 10:00:00,3876.95
2024-03-12 11:00:00,3508.75
2024-03-12 12:00:00,3486.15
2024-03-12 13:00:00,3435.69
2024-03-12 14:00:00,3235.68
2024-03-12 15:00:00,3031.14
2024-03-12 16:00:00,3191.73
2024-03-12 17:00:00,3307.83
2024-03-12 18:00:00,3232.42
2024-03-12 19:00:00,3380.53
2024-03-12 20:00:00,3656.14
2024-03-12 21:00:00,3550.53
2024-03-12 22:00:00,3014.5
2024-03-12 23:00:00,2221.14
2024-03-13 00:00:00,1797.24
2024-03-13 01:00:00,1752.03
2024-03-13 02:00:00,1563.95
2024-03-13 03:00:00,1625.07
2024-03-13 04:00:00,1659.98
2024-03-13 05:00:00,2042.82
2024-03-13 06:00:00,3068.4
2024-03-13 07:00:00,4043.15
2024-03-13 08:00:00,4008.07
2024-03-13 09:00:00,3969.36
2024-03-13 10:00:00,4107.17
2024-03-13 11:00:00,3544.56
2024-03-13 12:00:00,3354.67
2024-03-13 13:00:00,3200.05
2024-03-13 14:00:00,3162.62
2024-03-13 15:00:00,2970.74
2024-03-13 16:00:00,3014.32
2024-03-13 17:00:00,3158.28
2024-03-13 18:00:00,3196.8
2024-03-13 19:00:00,3278.36
2024-03-13 20:00:00,3468.61
2024-03-13 21:00:00,3298.43
2024-03-13 22:00:00,2894.97
2024-03-13 23:00:00,2109.56
2024-03-14 00:00:00,1665.94
2024-03-14 01:00:00,1581.85
2024-03-14 02:00:00,1480.4
2024-03-14 03:00:00,1483.83
2024-03-14 04:00:00,1592.7
2024-03-14 05:00:00,1816.04
2024-03-14 06:00:00,3144.17
2024-03-14 07:00:00,3757.96
2024-03-14 08:00:00,3621.78
2024-03-14 09:00:00,3707.5
2024-03-14 10:00:00,4608.83
2024-03-14 11:00:00,3105.65
2024-03-14 12:00:00,2966.4
2024-03-14 13:00:00,3045.61
2024-03-14 14:00:00,3010.53
2024-03-14 15:00:00,2936.56
2024-03-14 16:00:00,2773.44
2024-03-14 17:00:00,3883.64
2024-03-14 18:00:00,4305.01
2024-03-14 19:00:00,3235.86
2024-03-14 20:00:00,3162.43
2024-03-14 21:00:00,3166.59
2024-03-14 22:00:00,2995.88
2024-03-14 23:00:00,2293.48
2024-03-15 00:00:00,1873.73
2024-03-15 01:00:00,1751.66
2024-03-15 02:00:00,1539.53
2024-03-15 03:00:00,1580.77
2024-03-15 04:00:00,1595.23
2024-03-15 05:00:00,1768.48
2024-03-15 06:00:00,2917.21
2024-03-15 07:00:00,3734.99
2024-03-15 08:00:00,3849.46
2024-03-15 09:00:00,3957.43
2024-03-15 10:00:00,4077.33
2024-03-15 11:00:00,3733.36
2024-03-15 12:00:00,3735.35
2024-03-15 13:00:00,3601.35
2024-03-15 14:00:00,3528.83
2024-03-15 15:00:00,3301.32
2024-03-15 16:00:00,3192.46
2024-03-15 17:00:00,3162.25
2024-03-15 18:00:00,3205.66
2024-03-15 19:00:00,3240.56
2024-03-15 20:00:00,3389.94
2024-03-15 21:00:00,3514.54
2024-03-15 22:00:00,3085.58
2024-03-15 23:00:00,2332.72
2024-03-16 00:00:00,1927.63
2024-03-16 01:00:00,1746.6
2024-03-16 02:00:00,1524.16
2024-03-16 03:00:00,1547.85
2024-03-16 04:00:00,1617.3
2024-03-16 05:00:00,1847.87
2024-03-16 06:00:00,2374.49
2024-03-16 07:00:00,3460.11
2024-03-16 08:00:00,3710.21
2024-03-16 09:00:00,3683.99
2024-03-16 10:00:00,3825.41
2024-03-16 11:00:00,3346.53
2024-03-16 12:00:00,3295.72
2024-03-16 13:00:00,3066.77
2024-03-16 14:00:00,3047.06
2024-03-16 15:00:00,3168.22
2024-03-16 16:00:00,3038.38
2024-03-16 17:00:00,3050.31
2024-03-16 18:00:00,3197.34
2024-03-16 19:00:00,3268.23
2024-03-16 20:00:00,3349.61
2024-03-16 21:00:00,3344.55
2024-03-16 22:00:00,2981.77
2024-03-16 23:00:00,2223.13
2024-03-17 00:00:00,1850.95
2024-03-17 01:00:00,1673.36
2024-03-17 02:00:00,1538.81
2024-03-17 03:00:00,1493.96
2024-03-17 04:00:00,1609.52
2024-03-17 05:00:00,1866.86
2024-03-17 06:00:00,2222.22
2024-03-17 07:00:00,2993.53
2024-03-17 08:00:00,3429.9
2024-03-17 09:00:00,3640.59
2024-03-17 10:00:00,3568.07
2024-03-17 11:00:00,3211.44
2024-03-17 12:00:00,3033.31
2024-03-17 13:00:00,2755.71
2024-03-17 14:00:00,2696.94
2024-03-17 15:00:00,2735.82
2024-03-17 16:00:00,2741.25
2024-03-17 17:00:00,3250.51
2024-03-17 18:00:00,3313.98
2024-03-17 19:00:00,3318.5
2024-03-17 20:00:00,3356.12
2024-03-17 21:00:00,2958.98
2024-03-17 22:00:00,2473.6
2024-03-17 23:00:00,1948.24
2024-03-18 00:00:00,1633.75
2024-03-18 01:00:00,1475.33
2024-03-18 02:00:00,1500.11
2024-03-18 03:00:00,1437.36
2024-03-18 04:00:00,1566.12
2024-03-18 05:00:00,1693.07
2024-03-18 06:00:00,2327.11
2024-03-18 07:00:00,3172.2
2024-03-18 08:00:00,3203.13
2024-03-18 09:00:00,2921.01
2024-03-18 10:00:00,2945.6
2024-03-18 11:00:00,2703.99
2024-03-18 12:00:00,2608.15
2024-03-18 13:00:00,3182.69
2024-03-18 14:00:00,3308.92
2024-03-18 15:00:00,2922.09
2024-03-18 16:00:00,2909.79
2024-03-18 17:00:00,2942.17
2024-03-18 18:00:00,3002.39
2024-03-18 19:00:00,3302.95
2024-03-18 20:00:00,3293.55
2024-03-18 21:00:00,3212.53
2024-03-18 22:00:00,2707.79
2024-03-18 23:00:00,1967.23
2024-03-19 00:00:00,1651.66
2024-03-19 01:00:00,1482.75
2024-03-19 02:00:00,1436.63
2024-03-19 03:00:00,1407.88
2024-03-19 04:00:00,1608.8
2024-03-19 05:00:00,1745.7
2024-03-19 06:00:00,2771.09
2024-03-19 07:00:00,3568.61
2024-03-19 08:00:00,3616.72
2024-03-19 09:00:00,3704.07
2024-03-19 10:00:00,3617.44
2024-03-19 11:00:00,3337.49
2024-03-19 12:00:00,3425.02
2024-03-19 13:00:00,3403.14
2024-03-19 14:00:00,3575.12
2024-03-19 15:00:00,3361.91
2024-03-19 16:00:00,3239.66
2024-03-19 17:00:00,3574.4
2024-03-19 18:00:00,3469.69
2024-03-19 19:00:00,3483.8
2024-03-19 20:00:00,3575.12
2024-03-19 21:00:00,3611.65
2024-03-19 22:00:00,3084.49
2024-03-19 23:00:00,2193.29
2024-03-20 00:00:00,1823.82
2024-03-20 01:00:00,1613.14
2024-03-20 02:00:00,1442.78
2024-03-20 03:00:00,1527.78
2024-03-20 04:00:00,1625.98
2024-03-20 05:00:00,1724.36
2024-03-20 06:00:00,2943.07
2024-03-20 07:00:00,3802.08
2024-03-20 08:00:00,3879.3
2024-03-20 09:00:00,3914.21
2024-03-20 10:00:00,3870.99
2024-03-20 11:00:00,3472.95
2024-03-20 12:00:00,3558.85
2024-03-20 13:00:00,3495.73
2024-03-20 14:00:00,3305.66
2024-03-20 15:00:00,3217.77
2024-03-20 16:00:00,3107.64
2024-03-20 17:00:00,3388.67
2024-03-20 18:00:00,3421.04
2024-03-20 19:00:00,3553.96
2024-03-20 20:00:00,3714.74
2024-03-20 21:00:00,3550.35
2024-03-20 22:00:00,3052.48
2024-03-20 23:00:00,2235.06
2024-03-21 00:00:00,1756.91
2024-03-21 01:00:00,1701.21
2024-03-21 02:00:00,1541.88
2024-03-21 03:00:00,1526.87
2024-03-21 04:00:00,1670.1
2024-03-21 05:00:00,1972.29
2024-03-21 06:00:00,2927.34
2024-03-21 07:00:00,3933.56
2024-03-21 08:00:00,3909.14
2024-03-21 09:00:00,3975.88
2024-03-21 10:00:00,3903.9
2024-03-21 11:00:00,3546.37
2024-03-21 12:00:00,3562.83
2024-03-21 13:00:00,3510.02
2024-03-21 14:00:00,3615.27
2024-03-21 15:00:00,3428.28
2024-03-21 16:00:00,3458.66
2024-03-21 17:00:00,3643.66
2024-03-21 18:00:00,3573.86
2024-03-21 19:00:00,3231.16
2024-03-21 20:00:00,3625.4
2024-03-21 21:00:00,3563.91
2024-03-21 22:00:00,3058.99
2024-03-21 23:00:00,2296.55
2024-03-22 00:00:00,1854.75
2024-03-22 01:00:00,1685.84
2024-03-22 02:00:00,1580.77
2024-03-22 03:00:00,1539.53
2024-03-22 04:00:00,1644.97
2024-03-22 05:00:00,1778.43
2024-03-22 06:00:00,3084.85
2024-03-22 07:00:00,3951.82
2024-03-22 08:00:00,4014.94
2024-03-22 09:00:00,3979.67
2024-03-22 10:00:00,3948.39
2024-03-22 11:00:00,3504.05
2024-03-22 12:00:00,3581.45
2024-03-22 13:00:00,3250.33
2024-03-22 14:00:00,3361.36
2024-03-22 15:00:00,3186.67
2024-03-22 16:00:00,3064.24
2024-03-22 17:00:00,3328.99
2024-03-22 18:00:00,3331.89
2024-03-22 19:00:00,3302.95
2024-03-22 20:00:00,3544.38
2024-03-22 21:00:00,3497.0
2024-03-22 22:00:00,3132.23
2024-03-22 23:00:00,2287.87
2024-03-23 00:00:00,1803.02
2024-03-23 01:00:00,1663.95
2024-03-23 02:00:00,1594.51
2024-03-23 03:00:00,1536.28
2024-03-23 04:00:00,1582.03
2024-03-23 05:00:00,1729.42
2024-03-23 06:00:00,2605.25
2024-03-23 07:00:00,3417.79
2024-03-23 08:00:00,3628.11
2024-03-23 09:00:00,3847.48
2024-03-23 10:00:00,3728.66
2024-03-23 11:00:00,3538.77
2024-03-23 12:00:00,3312.9
2024-03-23 13:00:00,3038.38
2024-03-23 14:00:00,3335.68
2024-03-23 15:00:00,3192.82
2024-03-23 16:00:00,3315.25
2024-03-23 17:00:00,3504.05
2024-03-23 18:00:00,3525.03
2024-03-23 19:00:00,3564.63
2024-03-23 20:00:00,3393.74
2024-03-23 21:00:00,3560.84
2024-03-23 22:00:00,3186.49
2024-03-23 23:00:00,2398.0
2024-03-24 00:00:00,1817.31
2024-03-24 01:00:00,1697.05
2024-03-24 02:00:00,1515.66
2024-03-24 03:00:00,1543.33
2024-03-24 04:00:00,1591.8
2024-03-24 05:00:00,1930.52
2024-03-24 06:00:00,2335.79
2024-03-24 07:00:00,3178.53
2024-03-24 08:00:00,3676.22
2024-03-24 09:00:00,3571.33
2024-03-24 10:00:00,3681.46
2024-03-24 11:00:00,3410.73
2024-03-24 12:00:00,3111.62
2024-03-24 13:00:00,3108.54
2024-03-24 14:00:00,2960.25
2024-03-24 15:00:00,2861.87
2024-03-24 16:00:00,2938.37
2024-03-24 17:00:00,3157.91
2024-03-24 18:00:00,3263.71
2024-03-24 19:00:00,3277.45
2024-03-24 20:00:00,3383.07
2024-03-24 21:00:00,3325.92
2024-03-24 22:00:00,2931.32
2024-03-24 23:00:00,2201.61
2024-03-25 00:00:00,1768.66
2024-03-25 01:00:00,1554.54
2024-03-25 02:00:00,1531.39
2024-03-25 03:00:00,1536.1
2024-03-25 04:00:00,1521.99
2024-03-25 05:00:00,1747.14
2024-03-25 06:00:00,2525.86
2024-03-25 07:00:00,3259.73
2024-03-25 08:00:00,3235.86
2024-03-25 09:00:00,2938.91
2024-03-25 10:00:00,2990.09
2024-03-25 11:00:00,2941.44
2024-03-25 12:00:00,2811.05
2024-03-25 13:00:00,2840.35
2024-03-25 14:00:00,2749.2
2024-03-25 15:00:00,2721.35
2024-03-25 16:00:00,2817.2
2024-03-25 17:00:00,3145.62
2024-03-25 18:00:00,3099.32
2024-03-25 19:00:00,3071.65
2024-03-25 20:00:00,3180.88
2024-03-25 21:00:00,3155.92
2024-03-25 22:00:00,2691.33
2024-03-25 23:00:00,2061.27
2024-03-26 00:00:00,1612.59
2024-03-26 01:00:00,1550.56
2024-03-26 02:00:00,1426.14
2024-03-26 03:00:00,1541.88
2024-03-26 04:00:00,1782.41
2024-03-26 05:00:00,1925.64
2024-03-26 06:00:00,3129.52
2024-03-26 07:00:00,3844.58
2024-03-26 08:00:00,4002.64
2024-03-26 09:00:00,4025.43
2024-03-26 10:00:00,3786.17
2024-03-26 11:00:00,3322.48
2024-03-26 12:00:00,3365.7
2024-03-26 13:00:00,3058.27
2024-03-26 14:00:00,3208.19
2024-03-26 15:00:00,3087.2
2024-03-26 16:00:00,3128.07
2024-03-26 17:00:00,3145.25
2024-03-26 18:00:00,3293.91
2024-03-26 19:00:00,3202.94
2024-03-26 20:00:00,3508.75
2024-03-26 21:00:00,3406.94
2024-03-26 22:00:00,2871.64
2024-03-26 23:00:00,2044.99
2024-03-27 00:00:00,1695.42
2024-03-27 01:00:00,1562.86
2024-03-27 02:00:00,1415.47
2024-03-27 03:00:00,1450.01
2024-03-27 04:00:00,1563.22
2024-03-27 05:00:00,1848.23
2024-03-27 06:00:00,2701.46
2024-03-27 07:00:00,3533.71
2024-03-27 08:00:00,3293.55
2024-03-27 09:00:00,3447.08
2024-03-27 10:00:00,3480.0
2024-03-27 11:00:00,3040.91
2024-03-27 12:00:00,3113.06
2024-03-27 13:00:00,2939.09
2024-03-27 14:00:00,2896.77
2024-03-27 15:00:00,2793.33
2024-03-27 16:00:00,2839.08
2024-03-27 17:00:00,3141.1
2024-03-27 18:00:00,3089.37
2024-03-27 19:00:00,3117.95
2024-03-27 20:00:00,3275.82
2024-03-27 21:00:00,3235.5
2024-03-27 22:00:00,2633.46
2024-03-27 23:00:00,2021.48
2024-03-28 00:00:00,1530.13
2024-03-28 01:00:00,1461.05
2024-03-28 02:00:00,1417.28
2024-03-28 03:00:00,1487.99
2024-03-28 04:00:00,1549.48
2024-03-28 05:00:00,1733.4
2024-03-28 06:00:00,2658.06
2024-03-28 07:00:00,3472.4
2024-03-28 08:00:00,3572.59
2024-03-28 09:00:00,3600.44
2024-03-28 10:00:00,3704.97
2024-03-28 11:00:00,3334.24
2024-03-28 12:00:00,3284.87
2024-03-28 13:00:00,3151.77
2024-03-28 14:00:00,3276.55
2024-03-28 15:00:00,3243.09
2024-03-28 16:00:00,3261.36
2024-03-28 17:00:00,3510.02
2024-03-28 18:00:00,3591.4
2024-03-28 19:00:00,3721.61
2024-03-28 20:00:00,3959.6
2024-03-28 21:00:00,3874.42
2024-03-28 22:00:00,3295.72
2024-03-28 23:00:00,2594.22
2024-03-29 00:00:00,1885.13
2024-03-29 01:00:00,1707.0
2024-03-29 02:00:00,1649.12
2024-03-29 03:00:00,1693.25
2024-03-29 04:00:00,1761.97
2024-03-29 05:00:00,2168.87
2024-03-29 06:00:00,3069.48
2024-03-29 07:00:00,3962.13
2024-03-29 08:00:00,3955.98
2024-03-29 09:00:00,4024.16
2024-03-29 10:00:00,3897.93
2024-03-29 11:00:00,3490.85
2024-03-29 12:00:00,3350.51
2024-03-29 13:00:00,3197.34
2024-03-29 14:00:00,3182.15
2024-03-29 15:00:00,3235.32
2024-03-29 16:00:00,3149.6
2024-03-29 17:00:00,3492.66
2024-03-29 18:00:00,3543.48
2024-03-29 19:00:00,3574.58
2024-03-29 20:00:00,3804.98
2024-03-29 21:00:00,3761.57
2024-03-29 22:00:00,3306.57
2024-03-29 23:00:00,2600.37
2024-03-30 00:00:00,2111.18
2024-03-30 01:00:00,1788.74
2024-03-30 02:00:00,1647.14
2024-03-30 03:00:00,1659.07
2024-03-30 04:00:00,1673.36
2024-03-30 05:00:00,1967.41
2024-03-30 06:00:00,2722.26
2024-03-30 07:00:00,3762.66
2024-03-30 08:00:00,3983.29
2024-03-30 09:00:00,4102.83
2024-03-30 10:00:00,4037.91
2024-03-30 11:00:00,3856.88
2024-03-30 12:00:00,3843.5
2024-03-30 13:00:00,3656.68
2024-03-30 14:00:00,3639.87
2024-03-30 15:00:00,3420.32
2024-03-30 16:00:00,3531.0
2024-03-30 17:00:00,3881.84
2024-03-30 18:00:00,3559.75
2024-03-30 19:00:00,3568.79
2024-03-30 20:00:00,3757.23
2024-03-30 21:00:00,3865.2
2024-03-30 22:00:00,3418.87
2024-03-30 23:00:00,2692.6
2024-03-31 00:00:00,1929.62
2024-03-31 01:00:00,1742.98
2024-03-31 02:00:00,1559.79
2024-03-31 03:00:00,1548.57
2024-03-31 04:00:00,1630.86
2024-03-31 05:00:00,1801.76
2024-03-31 06:00:00,2828.96
2024-03-31 07:00:00,3565.36
2024-03-31 08:00:00,3733.72
2024-03-31 09:00:00,4208.62
2024-03-31 10:00:00,3793.76
2024-03-31 11:00:00,3549.08
2024-03-31 12:00:00,3414.53
2024-03-31 13:00:00,3248.16
2024-03-31 14:00:00,3419.6
2024-03-31 15:00:00,3078.16
2024-03-31 16:00:00,3068.21
2024-03-31 17:00:00,3289.03
2024-03-31 18:00:00,3459.38
2024-03-31 19:00:00,3454.5
2024-03-31 20:00:00,3835.54
2024-03-31 21:00:00,3908.24
2024-03-31 22:00:00,2938.73
2024-03-31 23:00:00,2398.18
2024-04-01 00:00:00,1771.2
2024-04-01 01:00:00,1538.45
2024-04-01 02:00:00,1510.24
2024-04-01 03:00:00,1497.94
2024-04-01 04:00:00,1577.15
2024-04-01 05:00:00,1938.48
2024-04-01 06:00:00,2984.12
2024-04-01 07:00:00,3714.74
2024-04-01 08:00:00,3788.52
2024-04-01 09:00:00,3711.12
2024-04-01 10:00:00,3567.17
2024-04-01 11:00:00,3496.82
2024-04-01 12:00:00,3325.38
2024-04-01 13:00:00,3371.67
2024-04-01 14:00:00,3036.93
2024-04-01 15:00:00,2729.85
2024-04-01 16:00:00,2732.57
2024-04-01 17:00:00,3107.1
2024-04-01 18:00:00,3307.47
2024-04-01 19:00:00,3370.59
2024-04-01 20:00:00,3430.45
2024-04-01 21:00:00,3248.52
2024-04-01 22:00:00,2738.17
2024-04-01 23:00:00,2081.71
2024-04-02 00:00:00,1723.63
2024-04-02 01:00:00,1516.02
2024-04-02 02:00:00,1474.79
2024-04-02 03:00:00,1502.82
2024-04-02 04:00:00,1656.36
2024-04-02 05:00:00,2036.13
2024-04-02 06:00:00,2629.3
2024-04-02 07:00:00,3471.32
2024-04-02 08:00:00,3245.99
2024-04-02 09:00:00,3090.46
2024-04-02 10:00:00,3123.73
2024-04-02 11:00:00,2953.74
2024-04-02 12:00:00,3108.18
2024-04-02 13:00:00,2879.77
2024-04-02 14:00:00,2615.74
2024-04-02 15:00:00,2813.95
2024-04-02 16:00:00,2830.95
2024-04-02 17:00:00,2999.31
2024-04-02 18:00:00,3108.36
2024-04-02 19:00:00,3172.02
2024-04-02 20:00:00,3343.28
2024-04-02 21:00:00,3301.14
2024-04-02 22:00:00,2765.3
2024-04-02 23:00:00,2035.05
2024-04-03 00:00:00,1713.69
2024-04-03 01:00:00,1516.2
2024-04-03 02:00:00,1451.82
2024-04-03 03:00:00,1444.41
2024-04-03 04:00:00,1630.14
2024-04-03 05:00:00,1814.96
2024-04-03 06:00:00,2718.82
2024-04-03 07:00:00,3326.64
2024-04-03 08:00:00,3517.8
2024-04-03 09:00:00,3681.28
2024-04-03 10:00:00,3731.73
2024-04-03 11:00:00,3455.95
2024-04-03 12:00:00,3300.96
2024-04-03 13:00:00,3194.63
2024-04-03 14:00:00,3204.03
2024-04-03 15:00:00,2906.9
2024-04-03 16:00:00,2900.93
2024-04-03 17:00:00,2956.09
2024-04-03 18:00:00,3079.61
2024-04-03 19:00:00,3000.22
2024-04-03 20:00:00,2991.36
2024-04-03 21:00:00,3067.13
2024-04-03 22:00:00,2730.58
2024-04-03 23:00:00,2127.1
2024-04-04 00:00:00,1699.4
2024-04-04 01:00:00,1532.3
2024-04-04 02:00:00,1453.09
2024-04-04 03:00:00,1467.19
2024-04-04 04:00:00,1541.52
2024-04-04 05:00:00,1699.22
2024-04-04 06:00:00,2320.96
2024-04-04 07:00:00,2740.89
2024-04-04 08:00:00,2968.21
2024-04-04 09:00:00,3225.19
2024-04-04 10:00:00,2995.7
2024-04-04 11:00:00,2852.65
2024-04-04 12:00:00,2705.44
2024-04-04 13:00:00,2329.46
2024-04-04 14:00:00,2335.07
2024-04-04 15:00:00,2348.63
2024-04-04 16:00:00,2304.51
2024-04-04 17:00:00,2565.1
2024-04-04 18:00:00,2624.06
2024-04-04 19:00:00,2738.17
2024-04-04 20:00:00,2653.36
2024-04-04 21:00:00,2675.24
2024-04-04 22:00:00,2226.92
2024-04-04 23:00:00,1924.55
2024-04-05 00:00:00,1818.21
2024-04-05 01:00:00,1478.95
2024-04-05 02:00:00,1428.67
2024-04-05 03:00:00,1351.82
2024-04-05 04:00:00,1426.14
2024-04-05 05:00:00,1781.86
2024-04-05 06:00:00,2118.42
2024-04-05 07:00:00,2827.15
2024-04-05 08:00:00,3130.97
2024-04-05 09:00:00,3165.87
2024-04-05 10:00:00,3337.67
2024-04-05 11:00:00,2943.79
2024-04-05 12:00:00,3041.27
2024-04-05 13:00:00,2839.08
2024-04-05 14:00:00,2654.98
2024-04-05 15:00:00,2849.75
2024-04-05 16:00:00,2976.16
2024-04-05 17:00:00,3108.54
2024-04-05 18:00:00,3163.34
2024-04-05 19:00:00,3197.34
2024-04-05 20:00:00,2975.26
2024-04-05 21:00:00,2885.38
2024-04-05 22:00:00,2462.2
2024-04-05 23:00:00,1982.78
2024-04-06 00:00:00,1759.26
2024-04-06 01:00:00,1441.7
2024-04-06 02:00:00,1455.08
2024-04-06 03:00:00,1390.7
2024-04-06 04:00:00,1505.53
2024-04-06 05:00:00,1770.65
2024-04-06 06:00:00,2240.85
2024-04-06 07:00:00,3104.2
2024-04-06 08:00:00,3388.31
2024-04-06 09:00:00,3584.17
2024-04-06 10:00:00,3570.42
2024-04-06 11:00:00,3317.6
2024-04-06 12:00:00,3187.39
2024-04-06 13:00:00,3111.44
2024-04-06 14:00:00,3003.47
2024-04-06 15:00:00,2915.76
2024-04-06 16:00:00,3104.75
2024-04-06 17:00:00,3202.94
2024-04-06 18:00:00,3242.01
2024-04-06 19:00:00,3360.82
2024-04-06 20:00:00,3555.41
2024-04-06 21:00:00,3304.58
2024-04-06 22:00:00,2985.57
2024-04-06 23:00:00,2141.93
2024-04-07 00:00:00,1771.2
2024-04-07 01:00:00,1749.31
2024-04-07 02:00:00,1545.14
2024-04-07 03:00:00,1559.61
2024-04-07 04:00:00,1665.58
2024-04-07 05:00:00,1865.96
2024-04-07 06:00:00,2921.55
2024-04-07 07:00:00,3725.4
2024-04-07 08:00:00,3697.19
2024-04-07 09:00:00,3649.27
2024-04-07 10:00:00,3705.51
2024-04-07 11:00:00,3574.04
2024-04-07 12:00:00,3227.72
2024-04-07 13:00:00,3125.18
2024-04-07 14:00:00,3252.86
2024-04-07 15:00:00,3073.1
2024-04-07 16:00:00,3311.99
2024-04-07 17:00:00,3296.98
2024-04-07 18:00:00,3238.57
2024-04-07 19:00:00,3342.01
2024-04-07 20:00:00,3599.9
2024-04-07 21:00:00,3853.8
2024-04-07 22:00:00,3324.11
2024-04-07 23:00:00,2421.33
2024-04-08 00:00:00,1999.42
2024-04-08 01:00:00,2000.14
2024-04-08 02:00:00,1681.5
2024-04-08 03:00:00,1620.91
2024-04-08 04:00:00,1773.37
2024-04-08 05:00:00,1963.25
2024-04-08 06:00:00,3143.08
2024-04-08 07:00:00,3655.96
2024-04-08 08:00:00,3713.65
2024-04-08 09:00:00,3380.17
2024-04-08 10:00:00,3352.5
2024-04-08 11:00:00,3242.37
2024-04-08 12:00:00,3138.56
2024-04-08 13:00:00,3060.8
2024-04-08 14:00:00,3317.6
2024-04-08 15:00:00,3222.11
2024-04-08 16:00:00,2927.7
2024-04-08 17:00:00,3277.45
2024-04-08 18:00:00,3305.3
2024-04-08 19:00:00,3287.58
2024-04-08 20:00:00,3540.58
2024-04-08 21:00:00,3554.69
2024-04-08 22:00:00,3038.56
2024-04-08 23:00:00,2126.37
2024-04-09 00:00:00,1848.23
2024-04-09 01:00:00,1724.54
2024-04-09 02:00:00,1697.23
2024-04-09 03:00:00,1550.38
2024-04-09 04:00:00,1654.37
2024-04-09 05:00:00,1901.58
2024-04-09 06:00:00,3110.53
2024-04-09 07:00:00,3777.13
2024-04-09 08:00:00,3874.6
2024-04-09 09:00:00,3842.77
2024-04-09 10:00:00,3820.35
2024-04-09 11:00:00,3282.34
2024-04-09 12:00:00,3337.31
2024-04-09 13:00:00,3146.52
2024-04-09 14:00:00,3263.35
2024-04-09 15:00:00,3096.43
2024-04-09 16:00:00,3088.11
2024-04-09 17:00:00,3274.02
2024-04-09 18:00:00,3556.68
2024-04-09 19:00:00,3832.65
2024-04-09 20:00:00,4159.25
2024-04-09 21:00:00,4038.45
2024-04-09 22:00:00,3419.42
2024-04-09 23:00:00,2328.02
2024-04-10 00:00:00,1934.86
2024-04-10 01:00:00,1871.38
2024-04-10 02:00:00,1663.95
2024-04-10 03:00:00,1645.15
2024-04-10 04:00:00,1760.34
2024-04-10 05:00:00,2143.74
2024-04-10 06:00:00,3072.37
2024-04-10 07:00:00,3769.89
2024-04-10 08:00:00,3667.9
2024-04-10 09:00:00,3846.57
2024-04-10 10:00:00,3812.03
2024-04-10 11:00:00,3335.5
2024-04-10 12:00:00,3313.8
2024-04-10 13:00:00,3050.31
2024-04-10 14:00:00,3090.28
2024-04-10 15:00:00,3025.9
2024-04-10 16:00:00,2995.7
2024-04-10 17:00:00,3221.57
2024-04-10 18:00:00,3240.38
2024-04-10 19:00:00,3413.27
2024-04-10 20:00:00,3500.98
2024-04-10 21:00:00,3528.1
2024-04-10 22:00:00,3040.91
2024-04-10 23:00:00,2251.7
2024-04-11 00:00:00,1890.37
2024-04-11 01:00:00,1677.16
2024-04-11 02:00:00,1604.46
2024-04-11 03:00:00,1572.63
2024-04-11 04:00:00,1782.05
2024-04-11 05:00:00,1973.38
2024-04-11 06:00:00,3086.12
2024-04-11 07:00:00,3510.02
2024-04-11 08:00:00,3709.85
2024-04-11 09:00:00,3597.91
2024-04-11 10:00:00,3651.62
2024-04-11 11:00:00,3357.75
2024-04-11 12:00:00,3297.35
2024-04-11 13:00:00,3036.57
2024-04-11 14:00:00,2876.7
2024-04-11 15:00:00,2970.92
2024-04-11 16:00:00,2977.97
2024-04-11 17:00:00,3176.18
2024-04-11 18:00:00,3364.62
2024-04-11 19:00:00,3626.84
2024-04-11 20:00:00,3781.83
2024-04-11 21:00:00,3731.92
2024-04-11 22:00:00,3214.52
2024-04-11 23:00:00,2410.66
2024-04-12 00:00:00,1692.89
2024-04-12 01:00:00,1577.69
2024-04-12 02:00:00,1504.45
2024-04-12 03:00:00,1470.81
2024-04-12 04:00:00,1626.88
2024-04-12 05:00:00,1931.6
2024-04-12 06:00:00,3070.38
2024-04-12 07:00:00,3613.46
2024-04-12 08:00:00,3651.08
2024-04-12 09:00:00,3601.53
2024-04-12 10:00:00,3623.59
2024-04-12 11:00:00,3271.85
2024-04-12 12:00:00,3320.13
2024-04-12 13:00:00,3103.84
2024-04-12 14:00:00,3336.05
2024-04-12 15:00:00,3132.96
2024-04-12 16:00:00,3227.72
2024-04-12 17:00:00,3343.64
2024-04-12 18:00:00,3343.46
2024-04-12 19:00:00,3415.44
2024-04-12 20:00:00,3624.31
2024-04-12 21:00:00,3706.78
2024-04-12 22:00:00,3336.59
2024-04-12 23:00:00,2427.84
2024-04-13 00:00:00,1930.7
2024-04-13 01:00:00,1906.83
2024-04-13 02:00:00,1666.12
2024-04-13 03:00:00,1733.22
2024-04-13 04:00:00,1746.96
2024-04-13 05:00:00,2091.83
2024-04-13 06:00:00,2990.45
2024-04-13 07:00:00,3452.15
2024-04-13 08:00:00,3671.69
2024-04-13 09:00:00,3969.36
2024-04-13 10:00:00,3841.87
2024-04-13 11:00:00,3132.6
2024-04-13 12:00:00,3005.28
2024-04-13 13:00:00,2937.28
2024-04-13 14:00:00,2832.57
2024-04-13 15:00:00,2960.61
2024-04-13 16:00:00,2813.4
2024-04-13 17:00:00,3150.32
2024-04-13 18:00:00,3097.87
2024-04-13 19:00:00,3180.16
2024-04-13 20:00:00,3331.89
2024-04-13 21:00:00,3277.45
2024-04-13 22:00:00,2913.59
2024-04-13 23:00:00,2369.07
2024-04-14 00:00:00,1926.54
2024-04-14 01:00:00,1752.39
2024-04-14 02:00:00,1800.49
2024-04-14 03:00:00,1699.4
2024-04-14 04:00:00,1794.52
2024-04-14 05:00:00,2260.2
2024-04-14 06:00:00,2581.74
2024-04-14 07:00:00,3039.64
2024-04-14 08:00:00,3528.28
2024-04-14 09:00:00,3760.67
2024-04-14 10:00:00,3744.39
2024-04-14 11:00:00,3625.94
2024-04-14 12:00:00,3266.42
2024-04-14 13:00:00,3334.24
2024-04-14 14:00:00,3115.78
2024-04-14 15:00:00,3046.15
2024-04-14 16:00:00,3083.77
2024-04-14 17:00:00,3261.18
2024-04-14 18:00:00,3353.41
2024-04-14 19:00:00,3536.24
2024-04-14 20:00:00,3955.08
2024-04-14 21:00:00,3804.43
2024-04-14 22:00:00,3216.33
2024-04-14 23:00:00,2208.84
2024-04-15 00:00:00,1881.15
2024-04-15 01:00:00,1796.33
2024-04-15 02:00:00,1591.07
2024-04-15 03:00:00,1550.75
2024-04-15 04:00:00,1698.13
2024-04-15 05:00:00,2066.88
2024-04-15 06:00:00,3315.43
2024-04-15 07:00:00,3799.19
2024-04-15 08:00:00,3777.49
2024-04-15 09:00:00,3574.22
2024-04-15 10:00:00,3712.02
2024-04-15 11:00:00,3464.45
2024-04-15 12:00:00,3449.07
2024-04-15 13:00:00,3527.2
2024-04-15 14:00:00,3321.58
2024-04-15 15:00:00,3117.04
2024-04-15 16:00:00,3016.67
2024-04-15 17:00:00,3438.4
2024-04-15 18:00:00,3648.55
2024-04-15 19:00:00,3590.68
2024-04-15 20:00:00,4111.51
2024-04-15 21:00:00,3969.73
2024-04-15 22:00:00,3497.36
2024-04-15 23:00:00,2520.44
2024-04-16 00:00:00,2001.05
2024-04-16 01:00:00,1804.29
2024-04-16 02:00:00,1720.74
2024-04-16 03:00:00,1708.98
2024-04-16 04:00:00,1767.22
2024-04-16 05:00:00,2119.14
2024-04-16 06:00:00,3252.13
2024-04-16 07:00:00,3586.52
2024-04-16 08:00:00,3924.52
2024-04-16 09:00:00,3872.43
2024-04-16 10:00:00,3918.01
2024-04-16 11:00:00,3625.22
2024-04-16 12:00:00,3434.61
2024-04-16 13:00:00,3092.45
2024-04-16 14:00:00,3224.28
2024-04-16 15:00:00,3137.84
2024-04-16 16:00:00,3063.15
2024-04-16 17:00:00,3203.31
2024-04-16 18:00:00,3268.59
2024-04-16 19:00:00,3472.22
2024-04-16 20:00:00,3709.31
2024-04-16 21:00:00,3548.54
2024-04-16 22:00:00,3052.12
2024-04-16 23:00:00,2186.05
2024-04-17 00:00:00,1848.96
2024-04-17 01:00:00,1753.47
2024-04-17 02:00:00,1636.83
2024-04-17 03:00:00,1558.34
2024-04-17 04:00:00,1710.61
2024-04-17 05:00:00,2054.58
2024-04-17 06:00:00,2855.9
2024-04-17 07:00:00,3260.45
2024-04-17 08:00:00,3429.54
2024-04-17 09:00:00,3071.47
2024-04-17 10:00:00,3334.42
2024-04-17 11:00:00,3282.52
2024-04-17 12:00:00,3143.08
2024-04-17 13:00:00,3084.85
2024-04-17 14:00:00,3138.93
2024-04-17 15:00:00,3296.44
2024-04-17 16:00:00,3136.39
2024-04-17 17:00:00,3358.11
2024-04-17 18:00:00,3430.27
2024-04-17 19:00:00,3398.8
2024-04-17 20:00:00,3641.67
2024-04-17 21:00:00,3622.5
2024-04-17 22:00:00,3069.48
2024-04-17 23:00:00,2257.31
2024-04-18 00:00:00,1820.38
2024-04-18 01:00:00,1613.5
2024-04-18 02:00:00,1543.87
2024-04-18 03:00:00,1497.76
2024-04-18 04:00:00,1728.15
2024-04-18 05:00:00,2193.11
2024-04-18 06:00:00,3147.06
2024-04-18 07:00:00,3940.07
2024-04-18 08:00:00,3842.77
2024-04-18 09:00:00,3822.16
2024-04-18 10:00:00,3786.35
2024-04-18 11:00:00,3457.21
2024-04-18 12:00:00,3676.03
2024-04-18 13:00:00,3442.56
2024-04-18 14:00:00,3561.02
2024-04-18 15:00:00,3363.35
2024-04-18 16:00:00,3300.06
2024-04-18 17:00:00,3581.81
2024-04-18 18:00:00,3351.78
2024-04-18 19:00:00,3493.2
2024-04-18 20:00:00,3946.04
2024-04-18 21:00:00,3842.23
2024-04-18 22:00:00,3318.14
2024-04-18 23:00:00,2382.99
2024-04-19 00:00:00,1894.35
2024-04-19 01:00:00,1685.66
2024-04-19 02:00:00,1700.12
2024-04-19 03:00:00,1634.66
2024-04-19 04:00:00,1670.1
2024-04-19 05:00:00,1764.68
2024-04-19 06:00:00,2979.96
2024-04-19 07:00:00,3538.95
2024-04-19 08:00:00,3733.72
2024-04-19 09:00:00,3597.19
2024-04-19 10:00:00,3343.46
2024-04-19 11:00:00,3245.99
2024-04-19 12:00:00,2998.23
2024-04-19 13:00:00,2831.13
2024-04-19 14:00:00,2978.15
2024-04-19 15:00:00,2663.85
2024-04-19 16:00:00,2910.34
2024-04-19 17:00:00,3023.18
2024-04-19 18:00:00,3094.62
2024-04-19 19:00:00,3034.94
2024-04-19 20:00:00,3239.66
2024-04-19 21:00:00,3143.63
2024-04-19 22:00:00,2913.95
2024-04-19 23:00:00,2249.35
2024-04-20 00:00:00,1708.08
2024-04-20 01:00:00,1542.06
2024-04-20 02:00:00,1489.44
2024-04-20 03:00:00,1478.77
2024-04-20 04:00:00,1617.3
2024-04-20 05:00:00,1909.0
2024-04-20 06:00:00,2853.73
2024-04-20 07:00:00,3493.2
2024-04-20 08:00:00,3605.69
2024-04-20 09:00:00,3690.14
2024-04-20 10:00:00,3661.02
2024-04-20 11:00:00,3682.54
2024-04-20 12:00:00,3442.2
2024-04-20 13:00:00,3376.92
2024-04-20 14:00:00,3224.1
2024-04-20 15:00:00,3240.2
2024-04-20 16:00:00,3280.16
2024-04-20 17:00:00,3428.64
2024-04-20 18:00:00,3443.11
2024-04-20 19:00:00,3604.06
2024-04-20 20:00:00,3539.86
2024-04-20 21:00:00,3553.06
2024-04-20 22:00:00,3135.13
2024-04-20 23:00:00,2271.59
2024-04-21 00:00:00,1932.51
2024-04-21 01:00:00,1622.18
2024-04-21 02:00:00,1549.48
2024-04-21 03:00:00,1527.05
2024-04-21 04:00:00,1629.05
2024-04-21 05:00:00,2176.65
2024-04-21 06:00:00,2737.45
2024-04-21 07:00:00,3573.68
2024-04-21 08:00:00,3755.97
2024-04-21 09:00:00,4094.87
2024-04-21 10:00:00,3897.75
2024-04-21 11:00:00,3467.34
2024-04-21 12:00:00,3185.4
2024-04-21 13:00:00,3117.59
2024-04-21 14:00:00,3021.74
2024-04-21 15:00:00,2846.32
2024-04-21 16:00:00,2919.56
2024-04-21 17:00:00,3262.98
2024-04-21 18:00:00,3226.82
2024-04-21 19:00:00,3550.89
2024-04-21 20:00:00,3758.32
2024-04-21 21:00:00,3608.94
2024-04-21 22:00:00,3034.22
2024-04-21 23:00:00,2293.48
2024-04-22 00:00:00,2003.76
2024-04-22 01:00:00,1747.5
2024-04-22 02:00:00,1620.19
2024-04-22 03:00:00,1572.45
2024-04-22 04:00:00,1690.9
2024-04-22 05:00:00,2184.43
2024-04-22 06:00:00,3230.43
2024-04-22 07:00:00,3770.25
2024-04-22 08:00:00,3770.44
2024-04-22 09:00:00,3237.12
2024-04-22 10:00:00,3291.2
2024-04-22 11:00:00,3079.79
2024-04-22 12:00:00,3913.48
2024-04-22 13:00:00,3771.16
2024-04-22 14:00:00,3582.72
2024-04-22 15:00:00,3160.99
2024-04-22 16:00:00,2859.88
2024-04-22 17:00:00,3315.97
2024-04-22 18:00:00,3377.1
2024-04-22 19:00:00,3438.4
2024-04-22 20:00:00,3637.15
2024-04-22 21:00:00,3574.58
2024-04-22 22:00:00,3025.17
2024-04-22 23:00:00,2316.08
2024-04-23 00:00:00,1759.62
2024-04-23 01:00:00,1554.18
2024-04-23 02:00:00,1522.17
2024-04-23 03:00:00,1488.35
2024-04-23 04:00:00,1640.81
2024-04-23 05:00:00,1982.78
2024-04-23 06:00:00,3111.26
2024-04-23 07:00:00,3796.3
2024-04-23 08:00:00,4145.87
2024-04-23 09:00:00,4166.67
2024-04-23 10:00:00,3758.14
2024-04-23 11:00:00,3365.34
2024-04-23 12:00:00,3542.03
2024-04-23 13:00:00,3274.38
2024-04-23 14:00:00,3477.29
2024-04-23 15:00:00,3296.08
2024-04-23 16:00:00,3541.49
2024-04-23 17:00:00,3650.9
2024-04-23 18:00:00,3753.98
2024-04-23 19:00:00,3703.16
2024-04-23 20:00:00,3940.61
2024-04-23 21:00:00,3822.88
2024-04-23 22:00:00,3217.05
2024-04-23 23:00:00,2292.57
2024-04-24 00:00:00,1812.79
2024-04-24 01:00:00,1671.19
2024-04-24 02:00:00,1572.99
2024-04-24 03:00:00,1555.99
2024-04-24 04:00:00,1707.0
2024-04-24 05:00:00,2102.86
2024-04-24 06:00:00,3182.15
2024-04-24 07:00:00,3760.85
2024-04-24 08:00:00,3748.91
2024-04-24 09:00:00,3845.31
2024-04-24 10:00:00,3634.26
2024-04-24 11:00:00,3529.73
2024-04-24 12:00:00,3214.34
2024-04-24 13:00:00,3231.88
2024-04-24 14:00:00,3400.06
2024-04-24 15:00:00,3305.66
2024-04-24 16:00:00,3163.52
2024-04-24 17:00:00,3446.72
2024-04-24 18:00:00,3490.49
2024-04-24 19:00:00,3516.71
2024-04-24 20:00:00,3702.26
2024-04-24 21:00:00,3872.25
2024-04-24 22:00:00,3192.27
2024-04-24 23:00:00,2398.37
2024-04-25 00:00:00,1885.67
2024-04-25 01:00:00,1768.48
2024-04-25 02:00:00,1736.65
2024-04-25 03:00:00,1699.22
2024-04-25 04:00:00,1822.19
2024-04-25 05:00:00,2159.65
2024-04-25 06:00:00,3289.57
2024-04-25 07:00:00,3730.29
2024-04-25 08:00:00,3895.76
2024-04-25 09:00:00,3755.24
2024-04-25 10:00:00,3638.42
2024-04-25 11:00:00,3453.96
2024-04-25 12:00:00,3315.97
2024-04-25 13:00:00,3055.01
2024-04-25 14:00:00,3511.28
2024-04-25 15:00:00,3395.0
2024-04-25 16:00:00,3519.42
2024-04-25 17:00:00,3811.67
2024-04-25 18:00:00,3768.45
2024-04-25 19:00:00,3801.9
2024-04-25 20:00:00,3862.49
2024-04-25 21:00:00,3940.43
2024-04-25 22:00:00,3254.49
2024-04-25 23:00:00,2408.67
2024-04-26 00:00:00,1858.9
2024-04-26 01:00:00,1680.95
2024-04-26 02:00:00,1705.01
2024-04-26 03:00:00,1688.55
2024-04-26 04:00:00,1898.87
2024-04-26 05:00:00,2522.42
2024-04-26 06:00:00,3368.6
2024-04-26 07:00:00,3891.96
2024-04-26 08:00:00,3894.13
2024-04-26 09:00:00,4089.08
2024-04-26 10:00:00,4174.08
2024-04-26 11:00:00,3524.12
2024-04-26 12:00:00,3553.78
2024-04-26 13:00:00,3616.54
2024-04-26 14:00:00,3576.03
2024-04-26 15:00:00,3543.29
2024-04-26 16:00:00,3357.57
2024-04-26 17:00:00,3616.54
2024-04-26 18:00:00,3497.18
2024-04-26 19:00:00,3536.78
2024-04-26 20:00:00,3686.34
2024-04-26 21:00:00,3815.1
2024-04-26 22:00:00,3437.86
2024-04-26 23:00:00,2811.6
2024-04-27 00:00:00,1990.38
2024-04-27 01:00:00,1847.87
2024-04-27 02:00:00,1669.02
2024-04-27 03:00:00,1694.16
2024-04-27 04:00:00,1824.54
2024-04-27 05:00:00,2199.44
2024-04-27 06:00:00,3111.98
2024-04-27 07:00:00,4039.35
2024-04-27 08:00:00,3982.93
2024-04-27 09:00:00,4324.73
2024-04-27 10:00:00,4144.78
2024-04-27 11:00:00,4007.7
2024-04-27 12:00:00,3602.79
2024-04-27 13:00:00,3846.93
2024-04-27 14:00:00,3538.95
2024-04-27 15:00:00,3411.46
2024-04-27 16:00:00,3365.34
2024-04-27 17:00:00,3556.68
2024-04-27 18:00:00,3490.31
2024-04-27 19:00:00,3612.56
2024-04-27 20:00:00,3969.0
2024-04-27 21:00:00,3899.38
2024-04-27 22:00:00,3195.17
2024-04-27 23:00:00,2270.33
2024-04-28 00:00:00,1788.38
2024-04-28 01:00:00,1632.67
2024-04-28 02:00:00,1486.55
2024-04-28 03:00:00,1493.78
2024-04-28 04:00:00,1612.23
2024-04-28 05:00:00,1857.1
2024-04-28 06:00:00,2890.63
2024-04-28 07:00:00,3538.41
2024-04-28 08:00:00,3720.16
2024-04-28 09:00:00,3631.37
2024-04-28 10:00:00,3534.07
2024-04-28 11:00:00,3212.17
2024-04-28 12:00:00,3058.99
2024-04-28 13:00:00,2845.23
2024-04-28 14:00:00,2894.97
2024-04-28 15:00:00,2845.23
2024-04-28 16:00:00,2981.77
2024-04-28 17:00:00,3147.42
2024-04-28 18:00:00,3131.69
2024-04-28 19:00:00,3178.89
2024-04-28 20:00:00,3339.84
2024-04-28 21:00:00,3334.24
2024-04-28 22:00:00,2956.09
2024-04-28 23:00:00,2014.79
2024-04-29 00:00:00,1725.62
2024-04-29 01:00:00,1624.89
2024-04-29 02:00:00,1457.25
2024-04-29 03:00:00,1535.01
2024-04-29 04:00:00,1589.99
2024-04-29 05:00:00,2151.15
2024-04-29 06:00:00,2997.32
2024-04-29 07:00:00,3583.8
2024-04-29 08:00:00,3579.64
2024-04-29 09:00:00,3284.69
2024-04-29 10:00:00,3200.41
2024-04-29 11:00:00,3062.79
2024-04-29 12:00:00,2879.23
2024-04-29 13:00:00,3137.66
2024-04-29 14:00:00,3823.24
2024-04-29 15:00:00,3386.68
2024-04-29 16:00:00,2993.53
2024-04-29 17:00:00,3308.92
2024-04-29 18:00:00,3202.4
2024-04-29 19:00:00,3318.68
2024-04-29 20:00:00,3412.36
2024-04-29 21:00:00,3460.11
2024-04-29 22:00:00,2968.93
2024-04-29 23:00:00,2286.6
2024-04-30 00:00:00,1837.57
2024-04-30 01:00:00,1712.6
2024-04-30 02:00:00,1538.63
2024-04-30 03:00:00,1620.73
2024-04-30 04:00:00,1698.13
2024-04-30 05:00:00,2216.62
2024-04-30 06:00:00,2882.31
2024-04-30 07:00:00,3295.72
2024-04-30 08:00:00,3306.39
2024-04-30 09:00:00,3267.87
2024-04-30 10:00:00,3078.34
2024-04-30 11:00:00,3071.29
2024-04-30 12:00:00,2866.39
2024-04-30 13:00:00,2825.7
2024-04-30 14:00:00,2753.54
2024-04-30 15:00:00,2654.26
2024-04-30 16:00:00,2692.6
2024-04-30 17:00:00,2928.42
2024-04-30 18:00:00,2947.05
2024-04-30 19:00:00,3048.86
2024-04-30 20:00:00,2816.84
2024-04-30 21:00:00,2916.49
2024-04-30 22:00:00,2542.68
2024-04-30 23:00:00,2124.75
2024-05-01 00:00:00,1745.51
2024-05-01 01:00:00,1762.51
2024-05-01 02:00:00,1604.46
2024-05-01 03:00:00,1705.55
2024-05-01 04:00:00,1712.06
2024-05-01 05:00:00,2065.97
2024-05-01 06:00:00,2555.7
2024-05-01 07:00:00,2921.91
2024-05-01 08:00:00,3035.84
2024-05-01 09:00:00,3448.89
2024-05-01 10:00:00,3194.81
2024-05-01 11:00:00,2757.88
2024-05-01 12:00:00,2597.29
2024-05-01 13:00:00,2612.12
2024-05-01 14:00:00,2377.03
2024-05-01 15:00:00,2400.54
2024-05-01 16:00:00,2304.15
2024-05-01 17:00:00,2571.43
2024-05-01 18:00:00,2541.23
2024-05-01 19:00:00,2622.25
2024-05-01 20:00:00,2714.3
2024-05-01 21:00:00,2764.03
2024-05-01 22:00:00,2480.65
2024-05-01 23:00:00,1950.05
2024-05-02 00:00:00,1616.39
2024-05-02 01:00:00,1367.01
2024-05-02 02:00:00,1319.99
2024-05-02 03:00:00,1361.4
2024-05-02 04:00:00,1448.75
2024-05-02 05:00:00,1812.61
2024-05-02 06:00:00,2188.4
2024-05-02 07:00:00,2910.52
2024-05-02 08:00:00,3111.44
2024-05-02 09:00:00,3222.84
2024-05-02 10:00:00,3352.32
2024-05-02 11:00:00,2919.38
2024-05-02 12:00:00,2931.32
2024-05-02 13:00:00,2675.96
2024-05-02 14:00:00,2725.33
2024-05-02 15:00:00,2450.09
2024-05-02 16:00:00,2550.46
2024-05-02 17:00:00,2905.09
2024-05-02 18:00:00,3046.33
2024-05-02 19:00:00,3136.57
2024-05-02 20:00:00,3253.94
2024-05-02 21:00:00,3172.02
2024-05-02 22:00:00,2629.12
2024-05-02 23:00:00,2082.25
2024-05-03 00:00:00,1687.1
2024-05-03 01:00:00,1411.86
2024-05-03 02:00:00,1460.32
2024-05-03 03:00:00,1379.3
2024-05-03 04:00:00,1469.91
2024-05-03 05:00:00,2075.38
2024-05-03 06:00:00,2289.13
2024-05-03 07:00:00,2775.25
2024-05-03 08:00:00,3009.62
2024-05-03 09:00:00,2931.68
2024-05-03 10:00:00,3134.95
2024-05-03 11:00:00,2750.83
2024-05-03 12:00:00,2578.67
2024-05-03 13:00:00,2448.28
2024-05-03 14:00:00,2412.47
2024-05-03 15:00:00,2351.53
2024-05-03 16:00:00,2528.94
2024-05-03 17:00:00,2596.21
2024-05-03 18:00:00,2948.31
2024-05-03 19:00:00,2962.96
2024-05-03 20:00:00,3107.46
2024-05-03 21:00:00,2852.83
2024-05-03 22:00:00,2596.57
2024-05-03 23:00:00,2157.3
2024-05-04 00:00:00,1589.99
2024-05-04 01:00:00,1423.61
2024-05-04 02:00:00,1377.13
2024-05-04 03:00:00,1409.14
2024-05-04 04:00:00,1508.25
2024-05-04 05:00:00,1863.97
2024-05-04 06:00:00,2088.76
2024-05-04 07:00:00,2791.16
2024-05-04 08:00:00,2894.42
2024-05-04 09:00:00,2997.32
2024-05-04 10:00:00,2837.28
2024-05-04 11:00:00,3014.14
2024-05-04 12:00:00,2660.95
2024-05-04 13:00:00,2583.01
2024-05-04 14:00:00,2449.54
2024-05-04 15:00:00,2409.22
2024-05-04 16:00:00,2661.49
2024-05-04 17:00:00,3110.53
2024-05-04 18:00:00,3084.13
2024-05-04 19:00:00,3141.46
2024-05-04 20:00:00,3246.53
2024-05-04 21:00:00,3048.68
2024-05-04 22:00:00,2485.35
2024-05-04 23:00:00,2258.03
2024-05-05 00:00:00,1736.65
2024-05-05 01:00:00,1530.13
2024-05-05 02:00:00,1332.28
2024-05-05 03:00:00,1457.43
2024-05-05 04:00:00,1506.62
2024-05-05 05:00:00,1805.74
2024-05-05 06:00:00,2279.55
2024-05-05 07:00:00,2964.05
2024-05-05 08:00:00,3117.22
2024-05-05 09:00:00,3417.43
2024-05-05 10:00:00,3400.43
2024-05-05 11:00:00,3403.32
2024-05-05 12:00:00,3092.81
2024-05-05 13:00:00,3193.72
2024-05-05 14:00:00,2989.0
2024-05-05 15:00:00,2849.75
2024-05-05 16:00:00,3295.9
2024-05-05 17:00:00,3563.73
2024-05-05 18:00:00,3518.52
2024-05-05 19:00:00,3586.7
2024-05-05 20:00:00,3854.17
2024-05-05 21:00:00,3562.64
2024-05-05 22:00:00,2906.9
2024-05-05 23:00:00,2164.35
2024-05-06 00:00:00,1686.74
2024-05-06 01:00:00,1575.88
2024-05-06 02:00:00,1428.49
2024-05-06 03:00:00,1474.43
2024-05-06 04:00:00,1553.46
2024-05-06 05:00:00,2037.76
2024-05-06 06:00:00,3025.54
2024-05-06 07:00:00,3800.82
2024-05-06 08:00:00,3615.09
2024-05-06 09:00:00,3717.09
2024-05-06 10:00:00,3722.33
2024-05-06 11:00:00,3611.47
2024-05-06 12:00:00,3398.08
2024-05-06 13:00:00,3483.62
2024-05-06 14:00:00,3373.48
2024-05-06 15:00:00,3033.67
2024-05-06 16:00:00,3156.83
2024-05-06 17:00:00,3245.44
2024-05-06 18:00:00,3301.32
2024-05-06 19:00:00,3445.46
2024-05-06 20:00:00,3888.35
2024-05-06 21:00:00,3764.65
2024-05-06 22:00:00,3178.53
2024-05-06 23:00:00,2204.68
2024-05-07 00:00:00,1721.64
2024-05-07 01:00:00,1503.73
2024-05-07 02:00:00,1485.28
2024-05-07 03:00:00,1503.73
2024-05-07 04:00:00,1644.6
2024-05-07 05:00:00,2355.69
2024-05-07 06:00:00,3078.52
2024-05-07 07:00:00,3738.97
2024-05-07 08:00:00,3778.57
2024-05-07 09:00:00,3902.45
2024-05-07 10:00:00,3884.37
2024-05-07 11:00:00,3589.41
2024-05-07 12:00:00,3569.52
2024-05-07 13:00:00,3472.4
2024-05-07 14:00:00,3438.77
2024-05-07 15:00:00,3462.82
2024-05-07 16:00:00,3533.89
2024-05-07 17:00:00,3500.61
2024-05-07 18:00:00,3496.09
2024-05-07 19:00:00,3479.28
2024-05-07 20:00:00,3892.14
2024-05-07 21:00:00,3877.31
2024-05-07 22:00:00,3329.9
2024-05-07 23:00:00,2491.68
2024-05-08 00:00:00,1864.51
2024-05-08 01:00:00,1716.58
2024-05-08 02:00:00,1563.95
2024-05-08 03:00:00,1606.45
2024-05-08 04:00:00,1678.24
2024-05-08 05:00:00,2375.22
2024-05-08 06:00:00,3169.67
2024-05-08 07:00:00,3813.48
2024-05-08 08:00:00,3769.35
2024-05-08 09:00:00,3935.19
2024-05-08 10:00:00,3639.5
2024-05-08 11:00:00,3413.99
2024-05-08 12:00:00,3343.46
2024-05-08 13:00:00,3163.16
2024-05-08 14:00:00,3277.45
2024-05-08 15:00:00,3037.29
2024-05-08 16:00:00,3155.02
2024-05-08 17:00:00,3345.45
2024-05-08 18:00:00,3357.39
2024-05-08 19:00:00,3476.38
2024-05-08 20:00:00,3788.52
2024-05-08 21:00:00,3855.43
2024-05-08 22:00:00,3185.22
2024-05-08 23:00:00,2385.16
2024-05-09 00:00:00,1809.9
2024-05-09 01:00:00,1801.4
2024-05-09 02:00:00,1769.39
2024-05-09 03:00:00,1764.5
2024-05-09 04:00:00,1811.16
2024-05-09 05:00:00,2354.06
2024-05-09 06:00:00,3583.08
2024-05-09 07:00:00,4001.56
2024-05-09 08:00:00,3718.89
2024-05-09 09:00:00,3761.57
2024-05-09 10:00:00,3708.59
2024-05-09 11:00:00,3415.98
2024-05-09 12:00:00,3387.04
2024-05-09 13:00:00,3140.19
2024-05-09 14:00:00,3224.28
2024-05-09 15:00:00,3075.27
2024-05-09 16:00:00,3115.23
2024-05-09 17:00:00,3345.45
2024-05-09 18:00:00,3486.87
2024-05-09 19:00:00,3491.93
2024-05-09 20:00:00,3923.79
2024-05-09 21:00:00,3846.39
2024-05-09 22:00:00,3244.0
2024-05-09 23:00:00,2432.54
2024-05-10 00:00:00,1920.75
2024-05-10 01:00:00,1726.16
2024-05-10 02:00:00,1679.69
2024-05-10 03:00:00,1540.08
2024-05-10 04:00:00,1693.43
2024-05-10 05:00:00,1997.25
2024-05-10 06:00:00,3175.82
2024-05-10 07:00:00,3771.7
2024-05-10 08:00:00,3793.95
2024-05-10 09:00:00,4003.18
2024-05-10 10:00:00,3728.48
2024-05-10 11:00:00,3477.11
2024-05-10 12:00:00,3321.4
2024-05-10 13:00:00,3379.81
2024-05-10 14:00:00,3503.33
2024-05-10 15:00:00,3253.58
2024-05-10 16:00:00,3306.39
2024-05-10 17:00:00,3520.87
2024-05-10 18:00:00,3279.44
2024-05-10 19:00:00,3356.48
2024-05-10 20:00:00,3612.56
2024-05-10 21:00:00,3546.01
2024-05-10 22:00:00,2894.78
2024-05-10 23:00:00,2251.34
2024-05-11 00:00:00,1567.93
2024-05-11 01:00:00,1502.82
2024-05-11 02:00:00,1416.38
2024-05-11 03:00:00,1450.01
2024-05-11 04:00:00,1604.82
2024-05-11 05:00:00,2169.78
2024-05-11 06:00:00,2977.25
2024-05-11 07:00:00,3333.7
2024-05-11 08:00:00,3382.7
2024-05-11 09:00:00,3267.69
2024-05-11 10:00:00,3241.1
2024-05-11 11:00:00,3079.97
2024-05-11 12:00:00,3071.65
2024-05-11 13:00:00,2786.28
2024-05-11 14:00:00,2924.44
2024-05-11 15:00:00,2693.68
2024-05-11 16:00:00,2931.86
2024-05-11 17:00:00,2971.64
2024-05-11 18:00:00,3030.06
2024-05-11 19:00:00,2973.81
2024-05-11 20:00:00,3183.23
2024-05-11 21:00:00,3279.08
2024-05-11 22:00:00,2872.72
2024-05-11 23:00:00,2397.64
2024-05-12 00:00:00,1652.2
2024-05-12 01:00:00,1602.29
2024-05-12 02:00:00,1521.81
2024-05-12 03:00:00,1456.34
2024-05-12 04:00:00,1585.29
2024-05-12 05:00:00,2240.85
2024-05-12 06:00:00,2937.1
2024-05-12 07:00:00,3362.09
2024-05-12 08:00:00,3968.82
2024-05-12 09:00:00,3964.3
2024-05-12 10:00:00,3735.89
2024-05-12 11:00:00,3401.33
2024-05-12 12:00:00,3310.0
2024-05-12 13:00:00,3202.4
2024-05-12 14:00:00,3247.07
2024-05-12 15:00:00,2825.7
2024-05-12 16:00:00,3025.17
2024-05-12 17:00:00,3279.98
2024-05-12 18:00:00,3239.47
2024-05-12 19:00:00,3466.44
2024-05-12 20:00:00,3656.32
2024-05-12 21:00:00,3725.22
2024-05-12 22:00:00,3224.1
2024-05-12 23:00:00,2214.45
2024-05-13 00:00:00,1668.84
2024-05-13 01:00:00,1677.34
2024-05-13 02:00:00,1484.92
2024-05-13 03:00:00,1429.58
2024-05-13 04:00:00,1575.34
2024-05-13 05:00:00,1998.16
2024-05-13 06:00:00,3182.51
2024-05-13 07:00:00,3772.06
2024-05-13 08:00:00,3828.85
2024-05-13 09:00:00,3276.01
2024-05-13 10:00:00,3327.37
2024-05-13 11:00:00,3165.87
2024-05-13 12:00:00,3121.38
2024-05-13 13:00:00,3419.23
2024-05-13 14:00:00,3115.96
2024-05-13 15:00:00,3177.99
2024-05-13 16:00:00,3509.48
2024-05-13 17:00:00,3717.27
2024-05-13 18:00:00,3855.43
2024-05-13 19:00:00,3811.13
2024-05-13 20:00:00,4061.96
2024-05-13 21:00:00,3864.29
2024-05-13 22:00:00,3134.77
2024-05-13 23:00:00,2549.91
2024-05-14 00:00:00,1782.41
2024-05-14 01:00:00,1616.57
2024-05-14 02:00:00,1547.31
2024-05-14 03:00:00,1572.45
2024-05-14 04:00:00,1709.53
2024-05-14 05:00:00,2171.4
2024-05-14 06:00:00,3344.55
2024-05-14 07:00:00,3955.98
2024-05-14 08:00:00,3818.18
2024-05-14 09:00:00,4144.24
2024-05-14 10:00:00,4222.19
2024-05-14 11:00:00,3572.95
2024-05-14 12:00:00,3495.37
2024-05-14 13:00:00,3264.79
2024-05-14 14:00:00,3391.02
2024-05-14 15:00:00,3297.35
2024-05-14 16:00:00,3452.69
2024-05-14 17:00:00,3457.94
2024-05-14 18:00:00,3563.55
2024-05-14 19:00:00,3743.13
2024-05-14 20:00:00,4150.93
2024-05-14 21:00:00,3995.41
2024-05-14 22:00:00,3321.4
2024-05-14 23:00:00,2785.01
2024-05-15 00:00:00,2270.69
2024-05-15 01:00:00,1996.53
2024-05-15 02:00:00,1880.43
2024-05-15 03:00:00,1804.83
2024-05-15 04:00:00,1883.86
2024-05-15 05:00:00,2430.37
2024-05-15 06:00:00,3287.94
2024-05-15 07:00:00,3984.74
2024-05-15 08:00:00,4011.32
2024-05-15 09:00:00,4065.76
2024-05-15 10:00:00,3860.5
2024-05-15 11:00:00,3514.18
2024-05-15 12:00:00,3347.98
2024-05-15 13:00:00,3325.92
2024-05-15 14:00:00,3392.65
2024-05-15 15:00:00,3254.3
2024-05-15 16:00:00,3362.45
2024-05-15 17:00:00,3571.69
2024-05-15 18:00:00,3519.78
2024-05-15 19:00:00,3565.54
2024-05-15 20:00:00,3956.52
2024-05-15 21:00:00,3768.45
2024-05-15 22:00:00,3182.51
2024-05-15 23:00:00,2411.93
2024-05-16 00:00:00,1891.46
2024-05-16 01:00:00,1943.72
2024-05-16 02:00:00,1806.64
2024-05-16 03:00:00,1751.66
2024-05-16 04:00:00,1892.9
2024-05-16 05:00:00,2620.62
2024-05-16 06:00:00,3624.86
2024-05-16 07:00:00,4077.15
2024-05-16 08:00:00,3872.25
2024-05-16 09:00:00,4086.37
2024-05-16 10:00:00,3987.09
2024-05-16 11:00:00,3621.42
2024-05-16 12:00:00,3396.27
2024-05-16 13:00:00,3383.25
2024-05-16 14:00:00,3445.46
2024-05-16 15:00:00,3555.95
2024-05-16 16:00:00,3493.38
2024-05-16 17:00:00,3654.15
2024-05-16 18:00:00,3713.83
2024-05-16 19:00:00,3750.54
2024-05-16 20:00:00,3999.02
2024-05-16 21:00:00,4111.15
2024-05-16 22:00:00,3369.5
2024-05-16 23:00:00,2535.81
2024-05-17 00:00:00,2052.41
2024-05-17 01:00:00,1805.56
2024-05-17 02:00:00,1803.02
2024-05-17 03:00:00,1723.09
2024-05-17 04:00:00,2003.76
2024-05-17 05:00:00,2264.18
2024-05-17 06:00:00,3639.32
2024-05-17 07:00:00,4147.32
2024-05-17 08:00:00,4216.22
2024-05-17 09:00:00,4382.96
2024-05-17 10:00:00,4334.13
2024-05-17 11:00:00,3915.65
2024-05-17 12:00:00,3724.5
2024-05-17 13:00:00,3792.32
2024-05-17 14:00:00,3702.8
2024-05-17 15:00:00,3518.16
2024-05-17 16:00:00,3493.38
2024-05-17 17:00:00,3598.45
2024-05-17 18:00:00,3651.8
2024-05-17 19:00:00,3769.71
2024-05-17 20:00:00,3902.45
2024-05-17 21:00:00,4099.94
2024-05-17 22:00:00,3439.85
2024-05-17 23:00:00,2683.02
2024-05-18 00:00:00,2003.04
2024-05-18 01:00:00,2073.93
2024-05-18 02:00:00,1808.09
2024-05-18 03:00:00,1684.39
2024-05-18 04:00:00,1855.83
2024-05-18 05:00:00,2282.08
2024-05-18 06:00:00,3298.79
2024-05-18 07:00:00,4072.81
2024-05-18 08:00:00,4166.12
2024-05-18 09:00:00,4195.96
2024-05-18 10:00:00,4063.77
2024-05-18 11:00:00,3714.19
2024-05-18 12:00:00,3441.48
2024-05-18 13:00:00,3417.61
2024-05-18 14:00:00,3434.06
2024-05-18 15:00:00,3566.44
2024-05-18 16:00:00,3646.92
2024-05-18 17:00:00,3881.84
2024-05-18 18:00:00,3857.42
2024-05-18 19:00:00,3904.44
2024-05-18 20:00:00,3975.88
2024-05-18 21:00:00,3697.37
2024-05-18 22:00:00,3231.7
2024-05-18 23:00:00,2432.0
2024-05-19 00:00:00,1803.39
2024-05-19 01:00:00,1783.31
2024-05-19 02:00:00,1558.52
2024-05-19 03:00:00,1547.31
2024-05-19 04:00:00,1682.4
2024-05-19 05:00:00,2288.59
2024-05-19 06:00:00,2981.05
2024-05-19 07:00:00,3591.22
2024-05-19 08:00:00,3984.19
2024-05-19 09:00:00,4082.39
2024-05-19 10:00:00,3972.26
2024-05-19 11:00:00,3848.56
2024-05-19 12:00:00,3280.53
2024-05-19 13:00:00,3395.72
2024-05-19 14:00:00,3484.34
2024-05-19 15:00:00,3385.96
2024-05-19 16:00:00,3269.31
2024-05-19 17:00:00,3585.79
2024-05-19 18:00:00,3584.17
2024-05-19 19:00:00,3635.53
2024-05-19 20:00:00,3978.05
2024-05-19 21:00:00,3712.2
2024-05-19 22:00:00,3092.99
2024-05-19 23:00:00,2348.63
2024-05-20 00:00:00,1763.96
2024-05-20 01:00:00,1676.79
2024-05-20 02:00:00,1565.39
2024-05-20 03:00:00,1764.32
2024-05-20 04:00:00,1833.41
2024-05-20 05:00:00,2640.15
2024-05-20 06:00:00,3601.89
2024-05-20 07:00:00,4361.98
2024-05-20 08:00:00,4129.77
2024-05-20 09:00:00,3567.71
2024-05-20 10:00:00,3804.62
2024-05-20 11:00:00,3627.75
2024-05-20 12:00:00,3548.72
2024-05-20 13:00:00,3416.88
2024-05-20 14:00:00,3341.29
2024-05-20 15:00:00,3416.34
2024-05-20 16:00:00,3273.47
2024-05-20 17:00:00,3478.01
2024-05-20 18:00:00,3635.71
2024-05-20 19:00:00,3741.86
2024-05-20 20:00:00,3984.92
2024-05-20 21:00:00,3866.46
2024-05-20 22:00:00,3241.28
2024-05-20 23:00:00,2265.81
2024-05-21 00:00:00,1844.08
2024-05-21 01:00:00,1664.68
2024-05-21 02:00:00,1608.8
2024-05-21 03:00:00,1577.87
2024-05-21 04:00:00,1686.2
2024-05-21 05:00:00,2092.19
2024-05-21 06:00:00,3224.1
2024-05-21 07:00:00,3880.75
2024-05-21 08:00:00,3851.82
2024-05-21 09:00:00,3916.56
2024-05-21 10:00:00,3890.7
2024-05-21 11:00:00,3684.71
2024-05-21 12:00:00,3653.07
2024-05-21 13:00:00,3457.94
2024-05-21 14:00:00,3613.28
2024-05-21 15:00:00,3670.97
2024-05-21 16:00:00,3401.69
2024-05-21 17:00:00,3502.97
2024-05-21 18:00:00,3821.25
2024-05-21 19:00:00,3750.0
2024-05-21 20:00:00,4136.83
2024-05-21 21:00:00,3899.38
2024-05-21 22:00:00,3314.89
2024-05-21 23:00:00,2290.94
2024-05-22 00:00:00,1815.86
2024-05-22 01:00:00,1735.93
2024-05-22 02:00:00,1680.41
2024-05-22 03:00:00,1661.24
2024-05-22 04:00:00,1760.16
2024-05-22 05:00:00,2253.51
2024-05-22 06:00:00,3283.06
2024-05-22 07:00:00,3939.16
2024-05-22 08:00:00,3785.45
2024-05-22 09:00:00,3865.2
2024-05-22 10:00:00,3737.7
2024-05-22 11:00:00,3292.82
2024-05-22 12:00:00,3372.4
2024-05-22 13:00:00,3038.92
2024-05-22 14:00:00,3133.14
2024-05-22 15:00:00,2951.21
2024-05-22 16:00:00,3065.86
2024-05-22 17:00:00,3307.65
2024-05-22 18:00:00,3449.62
2024-05-22 19:00:00,3608.22
2024-05-22 20:00:00,3919.27
2024-05-22 21:00:00,3988.9
2024-05-22 22:00:00,3424.66
2024-05-22 23:00:00,2540.51
2024-05-23 00:00:00,1950.95
2024-05-23 01:00:00,1838.11
2024-05-23 02:00:00,1783.49
2024-05-23 03:00:00,1786.02
2024-05-23 04:00:00,1693.07
2024-05-23 05:00:00,2285.88
2024-05-23 06:00:00,3346.9
2024-05-23 07:00:00,4051.47
2024-05-23 08:00:00,3945.86
2024-05-23 09:00:00,4075.52
2024-05-23 10:00:00,3930.12
2024-05-23 11:00:00,3649.27
2024-05-23 12:00:00,3347.8
2024-05-23 13:00:00,3161.89
2024-05-23 14:00:00,3272.75
2024-05-23 15:00:00,3077.98
2024-05-23 16:00:00,3220.67
2024-05-23 17:00:00,3413.27
2024-05-23 18:00:00,3536.06
2024-05-23 19:00:00,3649.81
2024-05-23 20:00:00,4134.84
2024-05-23 21:00:00,3867.01
2024-05-23 22:00:00,3354.13
2024-05-23 23:00:00,2471.97
2024-05-24 00:00:00,1841.36
2024-05-24 01:00:00,1818.03
2024-05-24 02:00:00,1753.83
2024-05-24 03:00:00,1726.89
2024-05-24 04:00:00,1938.84
2024-05-24 05:00:00,2580.11
2024-05-24 06:00:00,3899.74
2024-05-24 07:00:00,4490.74
2024-05-24 08:00:00,4110.06
2024-05-24 09:00:00,4018.55
2024-05-24 10:00:00,3886.18
2024-05-24 11:00:00,4237.02
2024-05-24 12:00:00,3437.86
2024-05-24 13:00:00,3206.74
2024-05-24 14:00:00,3317.06
2024-05-24 15:00:00,3356.48
2024-05-24 16:00:00,3359.38
2024-05-24 17:00:00,3672.96
2024-05-24 18:00:00,3685.26
2024-05-24 19:00:00,3669.16
2024-05-24 20:00:00,4070.64
2024-05-24 21:00:00,4008.25
2024-05-24 22:00:00,3460.65
2024-05-24 23:00:00,2718.64
2024-05-25 00:00:00,1945.35
2024-05-25 01:00:00,1803.93
2024-05-25 02:00:00,1691.08
2024-05-25 03:00:00,1707.0
2024-05-25 04:00:00,1854.75
2024-05-25 05:00:00,2594.22
2024-05-25 06:00:00,3318.68
2024-05-25 07:00:00,3994.14
2024-05-25 08:00:00,4242.44
2024-05-25 09:00:00,4426.72
2024-05-25 10:00:00,4497.25
2024-05-25 11:00:00,3946.76
2024-05-25 12:00:00,3772.97
2024-05-25 13:00:00,3564.45
2024-05-25 14:00:00,3713.83
2024-05-25 15:00:00,3597.55
2024-05-25 16:00:00,3491.03
2024-05-25 17:00:00,3691.95
2024-05-25 18:00:00,3760.13
2024-05-25 19:00:00,3748.55
2024-05-25 20:00:00,3868.63
2024-05-25 21:00:00,3877.86
2024-05-25 22:00:00,3186.13
2024-05-25 23:00:00,2550.09
2024-05-26 00:00:00,1880.24
2024-05-26 01:00:00,1760.34
2024-05-26 02:00:00,1620.01
2024-05-26 03:00:00,1627.06
2024-05-26 04:00:00,1756.91
2024-05-26 05:00:00,2165.98
2024-05-26 06:00:00,3069.12
2024-05-26 07:00:00,3997.03
2024-05-26 08:00:00,4113.14
2024-05-26 09:00:00,4254.2
2024-05-26 10:00:00,4031.03
2024-05-26 11:00:00,3703.34
2024-05-26 12:00:00,3479.09
2024-05-26 13:00:00,3417.25
2024-05-26 14:00:00,3522.32
2024-05-26 15:00:00,3242.01
2024-05-26 16:00:00,3311.45
2024-05-26 17:00:00,3496.64
2024-05-26 18:00:00,3820.17
2024-05-26 19:00:00,3935.0
2024-05-26 20:00:00,4229.6
2024-05-26 21:00:00,4123.08
2024-05-26 22:00:00,2953.02
2024-05-26 23:00:00,2282.44
2024-05-27 00:00:00,1815.68
2024-05-27 01:00:00,1605.9
2024-05-27 02:00:00,1578.41
2024-05-27 03:00:00,1534.65
2024-05-27 04:00:00,1760.53
2024-05-27 05:00:00,1902.13
2024-05-27 06:00:00,2935.84
2024-05-27 07:00:00,3538.23
2024-05-27 08:00:00,3498.81
2024-05-27 09:00:00,3221.21
2024-05-27 10:00:00,3168.95
2024-05-27 11:00:00,3075.63
2024-05-27 12:00:00,3214.52
2024-05-27 13:00:00,3233.15
2024-05-27 14:00:00,3257.38
2024-05-27 15:00:00,3159.72
2024-05-27 16:00:00,3189.92
2024-05-27 17:00:00,3407.3
2024-05-27 18:00:00,3358.11
2024-05-27 19:00:00,3317.78
2024-05-27 20:00:00,3705.87
2024-05-27 21:00:00,3779.3
2024-05-27 22:00:00,3065.86
2024-05-27 23:00:00,2356.77
2024-05-28 00:00:00,1794.89
2024-05-28 01:00:00,1604.46
2024-05-28 02:00:00,1575.52
2024-05-28 03:00:00,1574.25
2024-05-28 04:00:00,1679.51
2024-05-28 05:00:00,2604.71
2024-05-28 06:00:00,3204.75
2024-05-28 07:00:00,3916.38
2024-05-28 08:00:00,3693.76
2024-05-28 09:00:00,3875.14
2024-05-28 10:00:00,3730.29
2024-05-28 11:00:00,3619.43
2024-05-28 12:00:00,3662.65
2024-05-28 13:00:00,3412.18
2024-05-28 14:00:00,3588.87
2024-05-28 15:00:00,3316.51
2024-05-28 16:00:00,3236.76
2024-05-28 17:00:00,3407.84
2024-05-28 18:00:00,3458.12
2024-05-28 19:00:00,3506.4
2024-05-28 20:00:00,4106.81
2024-05-28 21:00:00,3969.55
2024-05-28 22:00:00,3347.26
2024-05-28 23:00:00,2371.6
2024-05-29 00:00:00,1710.43
2024-05-29 01:00:00,1647.86
2024-05-29 02:00:00,1581.85
2024-05-29 03:00:00,1511.5
2024-05-29 04:00:00,1716.04
2024-05-29 05:00:00,2149.16
2024-05-29 06:00:00,3378.36
2024-05-29 07:00:00,4090.53
2024-05-29 08:00:00,3946.58
2024-05-29 09:00:00,3809.14
2024-05-29 10:00:00,3946.04
2024-05-29 11:00:00,3452.87
2024-05-29 12:00:00,3507.49
2024-05-29 13:00:00,3351.6
2024-05-29 14:00:00,3325.2
2024-05-29 15:00:00,3183.23
2024-05-29 16:00:00,3190.83
2024-05-29 17:00:00,3465.17
2024-05-29 18:00:00,3419.42
2024-05-29 19:00:00,3536.78
2024-05-29 20:00:00,3973.16
2024-05-29 21:00:00,3796.48
2024-05-29 22:00:00,3102.94
2024-05-29 23:00:00,2362.02
2024-05-30 00:00:00,1690.18
2024-05-30 01:00:00,1679.33
2024-05-30 02:00:00,1734.3
2024-05-30 03:00:00,1763.06
2024-05-30 04:00:00,1861.26
2024-05-30 05:00:00,2139.76
2024-05-30 06:00:00,3304.76
2024-05-30 07:00:00,3740.96
2024-05-30 08:00:00,3410.37
2024-05-30 09:00:00,3202.04
2024-05-30 10:00:00,3214.88
2024-05-30 11:00:00,3086.66
2024-05-30 12:00:00,2937.64
2024-05-30 13:00:00,2795.68
2024-05-30 14:00:00,2837.1
2024-05-30 15:00:00,2756.8
2024-05-30 16:00:00,2924.44
2024-05-30 17:00:00,3183.05
2024-05-30 18:00:00,3211.08
2024-05-30 19:00:00,3210.54
2024-05-30 20:00:00,3440.57
2024-05-30 21:00:00,3462.09
2024-05-30 22:00:00,2847.4
2024-05-30 23:00:00,2242.66
2024-05-31 00:00:00,1643.7
2024-05-31 01:00:00,1616.21
2024-05-31 02:00:00,1551.47
2024-05-31 03:00:00,1562.68
2024-05-31 04:00:00,1740.63
2024-05-31 05:00:00,2195.46
2024-05-31 06:00:00,3025.9
2024-05-31 07:00:00,3568.61
2024-05-31 08:00:00,3527.92
2024-05-31 09:00:00,3460.65
2024-05-31 10:00:00,3341.29
2024-05-31 11:00:00,3234.23
2024-05-31 12:00:00,3381.44
2024-05-31 13:00:00,3373.3
2024-05-31 14:00:00,3161.71
2024-05-31 15:00:00,3011.43
2024-05-31 16:00:00,3085.94
2024-05-31 17:00:00,3551.79
2024-05-31 18:00:00,3685.26
2024-05-31 19:00:00,3553.78
2024-05-31 20:00:00,3876.77
2024-05-31 21:00:00,3699.73
2024-05-31 22:00:00,3224.46
2024-05-31 23:00:00,2495.3
2024-06-01 00:00:00,1799.77
2024-06-01 01:00:00,1702.29
2024-06-01 02:00:00,1621.46
2024-06-01 03:00:00,1570.1
2024-06-01 04:00:00,1720.38
2024-06-01 05:00:00,2511.75
2024-06-01 06:00:00,3154.66
2024-06-01 07:00:00,3479.64
2024-06-01 08:00:00,3734.09
2024-06-01 09:00:00,3825.59
2024-06-01 10:00:00,3687.25
2024-06-01 11:00:00,3412.18
2024-06-01 12:00:00,3412.0
2024-06-01 13:00:00,3124.82
2024-06-01 14:00:00,3119.39
2024-06-01 15:00:00,2961.15
2024-06-01 16:00:00,3016.49
2024-06-01 17:00:00,3236.4
2024-06-01 18:00:00,3260.09
2024-06-01 19:00:00,3308.2
2024-06-01 20:00:00,3572.41
2024-06-01 21:00:00,3614.19
2024-06-01 22:00:00,3087.2
2024-06-01 23:00:00,2461.84
2024-06-02 00:00:00,1862.52
2024-06-02 01:00:00,1647.32
2024-06-02 02:00:00,1614.76
2024-06-02 03:00:00,1585.83
2024-06-02 04:00:00,1728.7
2024-06-02 05:00:00,2102.68
2024-06-02 06:00:00,3006.91
2024-06-02 07:00:00,3676.76
2024-06-02 08:00:00,4184.39
2024-06-02 09:00:00,4257.81
2024-06-02 10:00:00,4175.53
2024-06-02 11:00:00,3641.85
2024-06-02 12:00:00,3330.26
2024-06-02 13:00:00,3047.6
2024-06-02 14:00:00,3132.05
2024-06-02 15:00:00,3067.67
2024-06-02 16:00:00,3026.62
2024-06-02 17:00:00,3316.88
2024-06-02 18:00:00,3310.37
2024-06-02 19:00:00,3341.29
2024-06-02 20:00:00,3823.42
2024-06-02 21:00:00,3728.66
2024-06-02 22:00:00,3078.52
2024-06-02 23:00:00,2302.7
2024-06-03 00:00:00,1878.62
2024-06-03 01:00:00,1662.51
2024-06-03 02:00:00,1588.36
2024-06-03 03:00:00,1643.7
2024-06-03 04:00:00,1780.96
2024-06-03 05:00:00,2152.78
2024-06-03 06:00:00,3193.0
2024-06-03 07:00:00,3688.87
2024-06-03 08:00:00,3793.22
2024-06-03 09:00:00,3421.77
2024-06-03 10:00:00,3737.34
2024-06-03 11:00:00,3738.97
2024-06-03 12:00:00,3610.57
2024-06-03 13:00:00,3611.11
2024-06-03 14:00:00,3606.23
2024-06-03 15:00:00,3675.67
2024-06-03 16:00:00,3512.73
2024-06-03 17:00:00,3673.86
2024-06-03 18:00:00,3697.01
2024-06-03 19:00:00,3836.99
2024-06-03 20:00:00,4324.73
2024-06-03 21:00:00,4138.82
2024-06-03 22:00:00,3422.67
2024-06-03 23:00:00,2774.34
2024-06-04 00:00:00,2108.11
2024-06-04 01:00:00,2053.49
2024-06-04 02:00:00,1990.38
2024-06-04 03:00:00,2002.68
2024-06-04 04:00:00,2099.43
2024-06-04 05:00:00,2421.88
2024-06-04 06:00:00,3780.56
2024-06-04 07:00:00,4382.41
2024-06-04 08:00:00,3874.42
2024-06-04 09:00:00,4027.42
2024-06-04 10:00:00,3896.12
2024-06-04 11:00:00,3549.62
2024-06-04 12:00:00,3640.77
2024-06-04 13:00:00,3460.29
2024-06-04 14:00:00,3553.6
2024-06-04 15:00:00,3322.48
2024-06-04 16:00:00,3226.82
2024-06-04 17:00:00,3464.45
2024-06-04 18:00:00,3668.44
2024-06-04 19:00:00,3691.59
2024-06-04 20:00:00,3928.49
2024-06-04 21:00:00,3722.69
2024-06-04 22:00:00,3167.68
2024-06-04 23:00:00,2541.59
2024-06-05 00:00:00,1875.36
2024-06-05 01:00:00,1846.06
2024-06-05 02:00:00,1825.45
2024-06-05 03:00:00,1813.69
2024-06-05 04:00:00,1924.19
2024-06-05 05:00:00,2470.52
2024-06-05 06:00:00,3278.54
2024-06-05 07:00:00,3959.06
2024-06-05 08:00:00,3732.28
2024-06-05 09:00:00,3996.31
2024-06-05 10:00:00,3945.31
2024-06-05 11:00:00,3535.52
2024-06-05 12:00:00,3576.93
2024-06-05 13:00:00,3456.31
2024-06-05 14:00:00,3293.73
2024-06-05 15:00:00,3261.54
2024-06-05 16:00:00,3343.28
2024-06-05 17:00:00,3523.4
2024-06-05 18:00:00,3528.1
2024-06-05 19:00:00,3521.05
2024-06-05 20:00:00,3994.68
2024-06-05 21:00:00,4231.77
2024-06-05 22:00:00,3670.97
2024-06-05 23:00:00,2765.66
2024-06-06 00:00:00,2114.62
2024-06-06 01:00:00,2021.12
2024-06-06 02:00:00,1971.75
2024-06-06 03:00:00,1811.34
2024-06-06 04:00:00,1914.61
2024-06-06 05:00:00,2568.36
2024-06-06 06:00:00,3583.26
2024-06-06 07:00:00,4189.81
2024-06-06 08:00:00,4132.49
2024-06-06 09:00:00,4061.96
2024-06-06 10:00:00,4125.25
2024-06-06 11:00:00,3830.48
2024-06-06 12:00:00,3632.81
2024-06-06 13:00:00,3479.64
2024-06-06 14:00:00,3457.21
2024-06-06 15:00:00,3353.95
2024-06-06 16:00:00,3471.68
2024-06-06 17:00:00,3582.72
2024-06-06 18:00:00,3658.31
2024-06-06 19:00:00,3601.35
2024-06-06 20:00:00,3923.43
2024-06-06 21:00:00,4082.39
2024-06-06 22:00:00,3446.9
2024-06-06 23:00:00,2666.56
2024-06-07 00:00:00,2116.43
2024-06-07 01:00:00,1994.9
2024-06-07 02:00:00,1863.06
2024-06-07 03:00:00,1818.03
2024-06-07 04:00:00,1975.19
2024-06-07 05:00:00,2375.22
2024-06-07 06:00:00,3513.45
2024-06-07 07:00:00,4150.39
2024-06-07 08:00:00,4173.36
2024-06-07 09:00:00,4217.85
2024-06-07 10:00:00,4020.54
2024-06-07 11:00:00,3682.36
2024-06-07 12:00:00,3619.79
2024-06-07 13:00:00,3555.95
2024-06-07 14:00:00,3762.84
2024-06-07 15:00:00,3744.39
2024-06-07 16:00:00,3753.98
2024-06-07 17:00:00,3966.29
2024-06-07 18:00:00,3885.81
2024-06-07 19:00:00,3495.37
2024-06-07 20:00:00,3604.24
2024-06-07 21:00:00,4089.99
2024-06-07 22:00:00,4112.41
2024-06-07 23:00:00,2521.88
2024-06-08 00:00:00,2012.8
2024-06-08 01:00:00,1994.0
2024-06-08 02:00:00,1869.94
2024-06-08 03:00:00,1831.6
2024-06-08 04:00:00,1935.94
2024-06-08 05:00:00,2305.41
2024-06-08 06:00:00,3414.89
2024-06-08 07:00:00,4167.75
2024-06-08 08:00:00,4150.57
2024-06-08 09:00:00,4273.18
2024-06-08 10:00:00,4262.15
2024-06-08 11:00:00,3648.0
2024-06-08 12:00:00,3530.27
2024-06-08 13:00:00,3348.52
2024-06-08 14:00:00,3516.17
2024-06-08 15:00:00,3385.6
2024-06-08 16:00:00,3372.4
2024-06-08 17:00:00,3530.64
2024-06-08 18:00:00,3499.89
2024-06-08 19:00:00,3462.28
2024-06-08 20:00:00,3637.15
2024-06-08 21:00:00,3807.69
2024-06-08 22:00:00,3158.64
2024-06-08 23:00:00,2421.88
2024-06-09 00:00:00,2124.75
2024-06-09 01:00:00,2024.74
2024-06-09 02:00:00,1946.43
2024-06-09 03:00:00,1953.49
2024-06-09 04:00:00,2085.68
2024-06-09 05:00:00,2632.74
2024-06-09 06:00:00,3459.56
2024-06-09 07:00:00,3796.84
2024-06-09 08:00:00,3813.84
2024-06-09 09:00:00,3869.36
2024-06-09 10:00:00,3648.18
2024-06-09 11:00:00,3406.03
2024-06-09 12:00:00,3269.31
2024-06-09 13:00:00,3147.61
2024-06-09 14:00:00,3114.15
2024-06-09 15:00:00,3014.87
2024-06-09 16:00:00,2863.32
2024-06-09 17:00:00,3187.57
2024-06-09 18:00:00,3124.28
2024-06-09 19:00:00,3252.5
2024-06-09 20:00:00,3451.97
2024-06-09 21:00:00,3578.38
2024-06-09 22:00:00,3139.47
2024-06-09 23:00:00,2551.0
2024-06-10 00:00:00,1993.82
2024-06-10 01:00:00,1840.46
2024-06-10 02:00:00,1959.09
2024-06-10 03:00:00,1794.7
2024-06-10 04:00:00,1867.22
2024-06-10 05:00:00,2122.03
2024-06-10 06:00:00,2878.15
2024-06-10 07:00:00,3497.0
2024-06-10 08:00:00,3623.05
2024-06-10 09:00:00,3672.42
2024-06-10 10:00:00,3512.01
2024-06-10 11:00:00,3219.22
2024-06-10 12:00:00,3192.46
2024-06-10 13:00:00,3034.04
2024-06-10 14:00:00,2978.33
2024-06-10 15:00:00,3188.66
2024-06-10 16:00:00,3167.68
2024-06-10 17:00:00,3470.05
2024-06-10 18:00:00,3499.53
2024-06-10 19:00:00,3643.12
2024-06-10 20:00:00,3810.04
2024-06-10 21:00:00,3776.77
2024-06-10 22:00:00,3243.63
2024-06-10 23:00:00,2432.91
2024-06-11 00:00:00,1887.48
2024-06-11 01:00:00,1850.77
2024-06-11 02:00:00,1742.98
2024-06-11 03:00:00,1735.03
2024-06-11 04:00:00,1860.53
2024-06-11 05:00:00,2301.25
2024-06-11 06:00:00,3473.85
2024-06-11 07:00:00,4293.08
2024-06-11 08:00:00,4235.93
2024-06-11 09:00:00,4359.99
2024-06-11 10:00:00,3866.1
2024-06-11 11:00:00,3583.26
2024-06-11 12:00:00,3391.93
2024-06-11 13:00:00,3516.35
2024-06-11 14:00:00,3775.86
2024-06-11 15:00:00,3657.23
2024-06-11 16:00:00,3400.61
2024-06-11 17:00:00,3732.46
2024-06-11 18:00:00,3798.47
2024-06-11 19:00:00,3898.65
2024-06-11 20:00:00,4326.17
2024-06-11 21:00:00,4323.64
2024-06-11 22:00:00,3707.68
2024-06-11 23:00:00,2568.0
2024-06-12 00:00:00,2037.4
2024-06-12 01:00:00,1997.97
2024-06-12 02:00:00,1903.39
2024-06-12 03:00:00,1892.9
2024-06-12 04:00:00,1969.94
2024-06-12 05:00:00,2431.28
2024-06-12 06:00:00,3913.66
2024-06-12 07:00:00,4798.72
2024-06-12 08:00:00,4813.19
2024-06-12 09:00:00,5200.2
2024-06-12 10:00:00,4572.48
2024-06-12 11:00:00,4205.19
2024-06-12 12:00:00,4193.07
2024-06-12 13:00:00,3525.93
2024-06-12 14:00:00,3872.25
2024-06-12 15:00:00,3813.66
2024-06-12 16:00:00,3872.61
2024-06-12 17:00:00,3885.63
2024-06-12 18:00:00,4163.59
2024-06-12 19:00:00,4169.74
2024-06-12 20:00:00,4518.77
2024-06-12 21:00:00,4352.21
2024-06-12 22:00:00,3789.97
2024-06-12 23:00:00,2790.26
2024-06-13 00:00:00,2234.88
2024-06-13 01:00:00,2105.94
2024-06-13 02:00:00,1980.07
2024-06-13 03:00:00,2013.17
2024-06-13 04:00:00,2232.17
2024-06-13 05:00:00,2727.14
2024-06-13 06:00:00,4040.44
2024-06-13 07:00:00,4753.51
2024-06-13 08:00:00,4763.64
2024-06-13 09:00:00,4735.6
2024-06-13 10:00:00,4477.54
2024-06-13 11:00:00,4105.0
2024-06-13 12:00:00,3852.0
2024-06-13 13:00:00,3757.6
2024-06-13 14:00:00,4116.93
2024-06-13 15:00:00,4088.0
2024-06-13 16:00:00,4181.86
2024-06-13 17:00:00,4385.49
2024-06-13 18:00:00,4458.73
2024-06-13 19:00:00,4549.7
2024-06-13 20:00:00,4669.6
2024-06-13 21:00:00,4555.84
2024-06-13 22:00:00,3701.53
2024-06-13 23:00:00,2792.25
2024-06-14 00:00:00,2151.87
2024-06-14 01:00:00,2093.46
2024-06-14 02:00:00,1992.73
2024-06-14 03:00:00,1971.03
2024-06-14 04:00:00,2184.79
2024-06-14 05:00:00,2656.25
2024-06-14 06:00:00,4222.37
2024-06-14 07:00:00,4857.68
2024-06-14 08:00:00,5088.25
2024-06-14 09:00:00,4935.44
2024-06-14 10:00:00,4859.85
2024-06-14 11:00:00,4055.09
2024-06-14 12:00:00,3985.82
2024-06-14 13:00:00,3904.26
2024-06-14 14:00:00,4072.99
2024-06-14 15:00:00,4249.86
2024-06-14 16:00:00,4110.06
2024-06-14 17:00:00,4183.85
2024-06-14 18:00:00,4387.84
2024-06-14 19:00:00,4256.37
2024-06-14 20:00:00,4512.98
2024-06-14 21:00:00,4361.07
2024-06-14 22:00:00,3639.87
2024-06-14 23:00:00,2708.88
2024-06-15 00:00:00,2241.21
2024-06-15 01:00:00,2122.4
2024-06-15 02:00:00,1959.45
2024-06-15 03:00:00,2004.3
2024-06-15 04:00:00,2141.57
2024-06-15 05:00:00,2610.68
2024-06-15 06:00:00,4023.08
2024-06-15 07:00:00,4511.18
2024-06-15 08:00:00,4711.91
2024-06-15 09:00:00,4866.9
2024-06-15 10:00:00,4536.13
2024-06-15 11:00:00,4091.62
2024-06-15 12:00:00,3880.03
2024-06-15 13:00:00,3764.29
2024-06-15 14:00:00,3862.3
2024-06-15 15:00:00,3889.61
2024-06-15 16:00:00,4075.34
2024-06-15 17:00:00,4189.81
2024-06-15 18:00:00,4280.24
2024-06-15 19:00:00,4594.73
2024-06-15 20:00:00,4734.16
2024-06-15 21:00:00,4824.58
2024-06-15 22:00:00,3913.85
2024-06-15 23:00:00,3176.72
2024-06-16 00:00:00,2341.94
2024-06-16 01:00:00,2177.92
2024-06-16 02:00:00,2137.77
2024-06-16 03:00:00,2047.53
2024-06-16 04:00:00,2235.79
2024-06-16 05:00:00,2779.04
2024-06-16 06:00:00,3760.67
2024-06-16 07:00:00,5251.74
2024-06-16 08:00:00,5552.3
2024-06-16 09:00:00,5384.11
2024-06-16 10:00:00,4851.35
2024-06-16 11:00:00,4308.09
2024-06-16 12:00:00,3936.99
2024-06-16 13:00:00,3814.2
2024-06-16 14:00:00,3721.79
2024-06-16 15:00:00,3745.84
2024-06-16 16:00:00,3816.73
2024-06-16 17:00:00,4140.44
2024-06-16 18:00:00,4082.03
2024-06-16 19:00:00,4537.04
2024-06-16 20:00:00,4457.28
2024-06-16 21:00:00,4187.1
2024-06-16 22:00:00,3395.0
2024-06-16 23:00:00,2832.57
2024-06-17 00:00:00,2101.06
2024-06-17 01:00:00,1980.07
2024-06-17 02:00:00,1949.15
2024-06-17 03:00:00,1934.32
2024-06-17 04:00:00,2023.84
2024-06-17 05:00:00,2521.88
2024-06-17 06:00:00,3926.5
2024-06-17 07:00:00,4295.07
2024-06-17 08:00:00,4666.16
2024-06-17 09:00:00,4343.53
2024-06-17 10:00:00,4351.31
2024-06-17 11:00:00,4042.61
2024-06-17 12:00:00,3854.89
2024-06-17 13:00:00,3404.95
2024-06-17 14:00:00,3286.13
2024-06-17 15:00:00,3235.86
2024-06-17 16:00:00,3341.11
2024-06-17 17:00:00,3531.0
2024-06-17 18:00:00,3645.11
2024-06-17 19:00:00,3710.21
2024-06-17 20:00:00,4265.59
2024-06-17 21:00:00,4177.52
2024-06-17 22:00:00,3402.96
2024-06-17 23:00:00,2658.42
2024-06-18 00:00:00,1923.47
2024-06-18 01:00:00,1882.96
2024-06-18 02:00:00,1812.07
2024-06-18 03:00:00,1834.67
2024-06-18 04:00:00,1984.05
2024-06-18 05:00:00,2413.38
2024-06-18 06:00:00,3671.15
2024-06-18 07:00:00,4163.41
2024-06-18 08:00:00,4132.49
2024-06-18 09:00:00,3909.69
2024-06-18 10:00:00,3885.81
2024-06-18 11:00:00,3282.15
2024-06-18 12:00:00,3196.8
2024-06-18 13:00:00,3179.25
2024-06-18 14:00:00,3326.1
2024-06-18 15:00:00,3263.53
2024-06-18 16:00:00,3472.4
2024-06-18 17:00:00,3661.93
2024-06-18 18:00:00,3619.25
2024-06-18 19:00:00,3839.16
2024-06-18 20:00:00,4140.63
2024-06-18 21:00:00,4045.86
2024-06-18 22:00:00,3379.27
2024-06-18 23:00:00,2801.65
2024-06-19 00:00:00,2075.56
2024-06-19 01:00:00,2024.56
2024-06-19 02:00:00,1909.18
2024-06-19 03:00:00,1902.85
2024-06-19 04:00:00,1987.3
2024-06-19 05:00:00,2381.37
2024-06-19 06:00:00,3497.72
2024-06-19 07:00:00,3865.02
2024-06-19 08:00:00,3957.25
2024-06-19 09:00:00,3785.08
2024-06-19 10:00:00,3660.84
2024-06-19 11:00:00,3509.48
2024-06-19 12:00:00,3308.2
2024-06-19 13:00:00,3138.74
2024-06-19 14:00:00,2987.74
2024-06-19 15:00:00,3025.35
2024-06-19 16:00:00,3157.73
2024-06-19 17:00:00,3393.01
2024-06-19 18:00:00,3453.23
2024-06-19 19:00:00,3575.48
2024-06-19 20:00:00,3958.51
2024-06-19 21:00:00,3848.02
2024-06-19 22:00:00,3039.64
2024-06-19 23:00:00,2438.51
2024-06-20 00:00:00,1940.65
2024-06-20 01:00:00,1715.86
2024-06-20 02:00:00,1694.34
2024-06-20 03:00:00,1671.01
2024-06-20 04:00:00,1774.09
2024-06-20 05:00:00,2181.71
2024-06-20 06:00:00,3505.14
2024-06-20 07:00:00,4145.51
2024-06-20 08:00:00,4156.54
2024-06-20 09:00:00,4186.2
2024-06-20 10:00:00,4081.31
2024-06-20 11:00:00,3594.11
2024-06-20 12:00:00,3054.29
2024-06-20 13:00:00,2980.69
2024-06-20 14:00:00,2858.8
2024-06-20 15:00:00,2900.93
2024-06-20 16:00:00,3105.47
2024-06-20 17:00:00,3229.35
2024-06-20 18:00:00,3490.85
2024-06-20 19:00:00,3523.4
2024-06-20 20:00:00,4087.09
2024-06-20 21:00:00,3725.22
2024-06-20 22:00:00,3136.39
2024-06-20 23:00:00,2332.54
2024-06-21 00:00:00,1834.49
2024-06-21 01:00:00,1835.58
2024-06-21 02:00:00,1656.72
2024-06-21 03:00:00,1671.37
2024-06-21 04:00:00,1797.42
2024-06-21 05:00:00,2286.42
2024-06-21 06:00:00,3423.03
2024-06-21 07:00:00,3803.71
2024-06-21 08:00:00,3790.51
2024-06-21 09:00:00,3785.81
2024-06-21 10:00:00,3898.65
2024-06-21 11:00:00,3955.44
2024-06-21 12:00:00,3706.24
2024-06-21 13:00:00,3496.64
2024-06-21 14:00:00,3447.81
2024-06-21 15:00:00,3460.83
2024-06-21 16:00:00,3477.83
2024-06-21 17:00:00,3771.16
2024-06-21 18:00:00,3943.5
2024-06-21 19:00:00,3586.34
2024-06-21 20:00:00,3994.86
2024-06-21 21:00:00,3690.14
2024-06-21 22:00:00,3061.52
2024-06-21 23:00:00,2474.32
2024-06-22 00:00:00,1845.16
2024-06-22 01:00:00,1710.07
2024-06-22 02:00:00,1643.88
2024-06-22 03:00:00,1628.87
2024-06-22 04:00:00,1808.63
2024-06-22 05:00:00,2062.54
2024-06-22 06:00:00,2911.06
2024-06-22 07:00:00,3354.31
2024-06-22 08:00:00,3296.44
2024-06-22 09:00:00,3404.22
2024-06-22 10:00:00,3393.01
2024-06-22 11:00:00,3523.22
2024-06-22 12:00:00,3431.35
2024-06-22 13:00:00,3209.09
2024-06-22 14:00:00,3132.41
2024-06-22 15:00:00,3138.56
2024-06-22 16:00:00,3239.47
2024-06-22 17:00:00,3516.71
2024-06-22 18:00:00,3552.88
2024-06-22 19:00:00,3646.38
2024-06-22 20:00:00,3689.24
2024-06-22 21:00:00,3528.46
2024-06-22 22:00:00,3130.79
2024-06-22 23:00:00,2466.72
2024-06-23 00:00:00,1907.19
2024-06-23 01:00:00,1678.96
2024-06-23 02:00:00,1604.64
2024-06-23 03:00:00,1589.08
2024-06-23 04:00:00,1738.64
2024-06-23 05:00:00,1970.49
2024-06-23 06:00:00,2819.01
2024-06-23 07:00:00,3485.79
2024-06-23 08:00:00,3543.84
2024-06-23 09:00:00,3715.46
2024-06-23 10:00:00,3948.57
2024-06-23 11:00:00,3780.38
2024-06-23 12:00:00,3525.39
2024-06-23 13:00:00,3547.27
2024-06-23 14:00:00,3095.7
2024-06-23 15:00:00,2801.83
2024-06-23 16:00:00,2986.83
2024-06-23 17:00:00,3220.49
2024-06-23 18:00:00,3402.6
2024-06-23 19:00:00,3440.94
2024-06-23 20:00:00,3888.89
2024-06-23 21:00:00,3878.4
2024-06-23 22:00:00,3323.39
2024-06-23 23:00:00,2444.3
2024-06-24 00:00:00,1743.71
2024-06-24 01:00:00,1633.57
2024-06-24 02:00:00,1538.81
2024-06-24 03:00:00,1582.75
2024-06-24 04:00:00,1725.08
2024-06-24 05:00:00,2126.01
2024-06-24 06:00:00,3112.34
2024-06-24 07:00:00,3780.74
2024-06-24 08:00:00,3733.54
2024-06-24 09:00:00,3918.37
2024-06-24 10:00:00,3649.09
2024-06-24 11:00:00,3527.92
2024-06-24 12:00:00,3725.22
2024-06-24 13:00:00,3632.09
2024-06-24 14:00:00,3575.12
2024-06-24 15:00:00,3558.85
2024-06-24 16:00:00,3507.85
2024-06-24 17:00:00,3703.88
2024-06-24 18:00:00,3572.41
2024-06-24 19:00:00,3772.79
2024-06-24 20:00:00,4067.56
2024-06-24 21:00:00,3878.04
2024-06-24 22:00:00,3309.64
2024-06-24 23:00:00,2410.84
2024-06-25 00:00:00,1933.59
2024-06-25 01:00:00,1822.19
2024-06-25 02:00:00,1701.21
2024-06-25 03:00:00,1648.22
2024-06-25 04:00:00,1861.98
2024-06-25 05:00:00,2621.89
2024-06-25 06:00:00,3289.93
2024-06-25 07:00:00,3819.63
2024-06-25 08:00:00,3763.92
2024-06-25 09:00:00,3846.57
2024-06-25 10:00:00,3536.6
2024-06-25 11:00:00,3624.49
2024-06-25 12:00:00,3530.64
2024-06-25 13:00:00,3455.58
2024-06-25 14:00:00,3504.41
2024-06-25 15:00:00,3339.84
2024-06-25 16:00:00,3316.7
2024-06-25 17:00:00,3592.3
2024-06-25 18:00:00,3693.21
2024-06-25 19:00:00,3484.34
2024-06-25 20:00:00,3929.58
2024-06-25 21:00:00,3937.17
2024-06-25 22:00:00,3443.47
2024-06-25 23:00:00,2477.03
2024-06-26 00:00:00,1824.91
2024-06-26 01:00:00,1752.21
2024-06-26 02:00:00,1863.25
2024-06-26 03:00:00,1877.71
2024-06-26 04:00:00,1966.15
2024-06-26 05:00:00,2323.86
2024-06-26 06:00:00,3488.68
2024-06-26 07:00:00,4278.61
2024-06-26 08:00:00,4350.59
2024-06-26 09:00:00,4197.59
2024-06-26 10:00:00,4071.0
2024-06-26 11:00:00,3555.05
2024-06-26 12:00:00,3380.17
2024-06-26 13:00:00,3279.8
2024-06-26 14:00:00,3234.59
2024-06-26 15:00:00,3383.43
2024-06-26 16:00:00,3306.57
2024-06-26 17:00:00,3199.33
2024-06-26 18:00:00,3603.52
2024-06-26 19:00:00,3683.09
2024-06-26 20:00:00,4049.66
2024-06-26 21:00:00,3885.27
2024-06-26 22:00:00,3508.57
2024-06-26 23:00:00,2830.4
2024-06-27 00:00:00,2372.32
2024-06-27 01:00:00,1922.2
2024-06-27 02:00:00,1842.09
2024-06-27 03:00:00,1870.66
2024-06-27 04:00:00,1949.69
2024-06-27 05:00:00,2247.54
2024-06-27 06:00:00,3485.79
2024-06-27 07:00:00,3980.76
2024-06-27 08:00:00,3717.45
2024-06-27 09:00:00,3574.22
2024-06-27 10:00:00,3425.56
2024-06-27 11:00:00,3266.96
2024-06-27 12:00:00,3121.74
2024-06-27 13:00:00,3026.62
2024-06-27 14:00:00,2907.99
2024-06-27 15:00:00,2998.23
2024-06-27 16:00:00,3061.16
2024-06-27 17:00:00,3315.25
2024-06-27 18:00:00,3286.86
2024-06-27 19:00:00,3401.15
2024-06-27 20:00:00,3734.99
2024-06-27 21:00:00,3666.09
2024-06-27 22:00:00,3320.67
2024-06-27 23:00:00,2504.88
2024-06-28 00:00:00,1928.17
2024-06-28 01:00:00,1803.02
2024-06-28 02:00:00,1780.06
2024-06-28 03:00:00,1753.29
2024-06-28 04:00:00,1843.35
2024-06-28 05:00:00,1994.36
2024-06-28 06:00:00,3037.11
2024-06-28 07:00:00,3337.85
2024-06-28 08:00:00,3354.13
2024-06-28 09:00:00,3312.54
2024-06-28 10:00:00,3288.3
2024-06-28 11:00:00,3154.3
2024-06-28 12:00:00,3024.45
2024-06-28 13:00:00,2735.28
2024-06-28 14:00:00,2815.21
2024-06-28 15:00:00,2836.55
2024-06-28 16:00:00,3015.59
2024-06-28 17:00:00,3230.79
2024-06-28 18:00:00,3314.53
2024-06-28 19:00:00,3449.25
2024-06-28 20:00:00,3598.81
2024-06-28 21:00:00,3546.01
2024-06-28 22:00:00,3000.22
2024-06-28 23:00:00,2547.38
2024-06-29 00:00:00,1837.75
2024-06-29 01:00:00,1692.89
2024-06-29 02:00:00,1732.68
2024-06-29 03:00:00,1791.27
2024-06-29 04:00:00,1887.48
2024-06-29 05:00:00,2567.09
2024-06-29 06:00:00,2984.85
2024-06-29 07:00:00,3539.5
2024-06-29 08:00:00,3290.11
2024-06-29 09:00:00,3288.66
2024-06-29 10:00:00,3280.53
2024-06-29 11:00:00,3135.85
2024-06-29 12:00:00,2989.73
2024-06-29 13:00:00,2772.71
2024-06-29 14:00:00,2710.14
2024-06-29 15:00:00,2706.52
2024-06-29 16:00:00,2906.0
2024-06-29 17:00:00,3199.15
2024-06-29 18:00:00,3319.77
2024-06-29 19:00:00,3210.18
2024-06-29 20:00:00,3497.54
2024-06-29 21:00:00,3526.84
2024-06-29 22:00:00,3120.12
2024-06-29 23:00:00,2375.4
2024-06-30 00:00:00,1811.89
2024-06-30 01:00:00,1679.51
2024-06-30 02:00:00,1623.26
2024-06-30 03:00:00,1575.7
2024-06-30 04:00:00,1689.27
2024-06-30 05:00:00,2204.86
2024-06-30 06:00:00,2791.52
2024-06-30 07:00:00,3341.29
2024-06-30 08:00:00,3571.87
2024-06-30 09:00:00,3808.41
2024-06-30 10:00:00,3718.53
2024-06-30 11:00:00,3540.58
2024-06-30 12:00:00,3447.45
2024-06-30 13:00:00,3262.08
2024-06-30 14:00:00,3421.4
2024-06-30 15:00:00,3446.72
2024-06-30 16:00:00,3480.0
2024-06-30 17:00:00,3631.73
2024-06-30 18:00:00,3743.31
2024-06-30 19:00:00,3545.28
2024-06-30 20:00:00,3929.22
2024-06-30 21:00:00,4033.93
2024-06-30 22:00:00,3423.03
2024-06-30 23:00:00,2531.47
2024-07-01 00:00:00,1930.16
2024-07-01 01:00:00,1673.18
2024-07-01 02:00:00,1590.35
2024-07-01 03:00:00,1571.72
2024-07-01 04:00:00,1709.71
2024-07-01 05:00:00,2309.75
2024-07-01 06:00:00,3353.23
2024-07-01 07:00:00,3928.86
2024-07-01 08:00:00,4221.82
2024-07-01 09:00:00,4042.97
2024-07-01 10:00:00,4083.66
2024-07-01 11:00:00,3318.14
2024-07-01 12:00:00,2999.31
2024-07-01 13:00:00,2722.44
2024-07-01 14:00:00,2546.84
2024-07-01 15:00:00,2149.52
2024-07-01 16:00:00,2273.22
2024-07-01 17:00:00,2807.07
2024-07-01 18:00:00,3272.03
2024-07-01 19:00:00,3541.12
2024-07-01 20:00:00,4103.55
2024-07-01 21:00:00,3773.15
2024-07-01 22:00:00,2869.47
2024-07-01 23:00:00,2375.94
2024-07-02 00:00:00,1824.36
2024-07-02 01:00:00,1889.47
2024-07-02 02:00:00,1782.59
2024-07-02 03:00:00,1812.61
2024-07-02 04:00:00,1904.66
2024-07-02 05:00:00,2149.34
2024-07-02 06:00:00,3301.14
2024-07-02 07:00:00,3633.72
2024-07-02 08:00:00,3725.77
2024-07-02 09:00:00,3720.88
2024-07-02 10:00:00,3622.5
2024-07-02 11:00:00,3451.43
2024-07-02 12:00:00,3323.39
2024-07-02 13:00:00,3181.6
2024-07-02 14:00:00,3360.64
2024-07-02 15:00:00,3120.84
2024-07-02 16:00:00,3216.69
2024-07-02 17:00:00,3433.7
2024-07-02 18:00:00,3879.12
2024-07-02 19:00:00,3902.45
2024-07-02 20:00:00,4384.95
2024-07-02 21:00:00,4342.81
2024-07-02 22:00:00,3703.16
2024-07-02 23:00:00,2642.14
2024-07-03 00:00:00,2013.53
2024-07-03 01:00:00,1745.15
2024-07-03 02:00:00,1690.54
2024-07-03 03:00:00,1686.92
2024-07-03 04:00:00,1788.92
2024-07-03 05:00:00,2442.13
2024-07-03 06:00:00,3420.5
2024-07-03 07:00:00,3949.47
2024-07-03 08:00:00,4081.31
2024-07-03 09:00:00,4013.31
2024-07-03 10:00:00,4022.71
2024-07-03 11:00:00,3553.24
2024-07-03 12:00:00,3525.39
2024-07-03 13:00:00,3375.65
2024-07-03 14:00:00,3234.05
2024-07-03 15:00:00,3063.87
2024-07-03 16:00:00,3275.64
2024-07-03 17:00:00,3661.75
2024-07-03 18:00:00,3651.44
2024-07-03 19:00:00,3822.52
2024-07-03 20:00:00,4000.83
2024-07-03 21:00:00,3916.74
2024-07-03 22:00:00,3167.68
2024-07-03 23:00:00,2523.15
2024-07-04 00:00:00,1857.28
2024-07-04 01:00:00,1697.05
2024-07-04 02:00:00,1730.87
2024-07-04 03:00:00,1707.54
2024-07-04 04:00:00,1771.38
2024-07-04 05:00:00,2203.96
2024-07-04 06:00:00,3407.3
2024-07-04 07:00:00,4202.47
2024-07-04 08:00:00,4126.52
2024-07-04 09:00:00,4065.39
2024-07-04 10:00:00,3963.4
2024-07-04 11:00:00,3847.11
2024-07-04 12:00:00,3695.57
2024-07-04 13:00:00,3650.17
2024-07-04 14:00:00,3625.04
2024-07-04 15:00:00,3586.34
2024-07-04 16:00:00,3303.13
2024-07-04 17:00:00,3515.63
2024-07-04 18:00:00,3505.68
2024-07-04 19:00:00,3703.88
2024-07-04 20:00:00,4216.76
2024-07-04 21:00:00,4150.03
2024-07-04 22:00:00,3420.86
2024-07-04 23:00:00,2555.34
2024-07-05 00:00:00,1914.06
2024-07-05 01:00:00,1794.52
2024-07-05 02:00:00,1780.42
2024-07-05 03:00:00,1765.23
2024-07-05 04:00:00,1803.57
2024-07-05 05:00:00,2082.97
2024-07-05 06:00:00,3332.61
2024-07-05 07:00:00,3901.01
2024-07-05 08:00:00,4053.82
2024-07-05 09:00:00,4115.13
2024-07-05 10:00:00,4040.8
2024-07-05 11:00:00,3751.81
2024-07-05 12:00:00,3734.27
2024-07-05 13:00:00,3630.64
2024-07-05 14:00:00,3762.3
2024-07-05 15:00:00,3453.78
2024-07-05 16:00:00,3512.73
2024-07-05 17:00:00,3975.69
2024-07-05 18:00:00,4128.69
2024-07-05 19:00:00,4004.45
2024-07-05 20:00:00,3972.26
2024-07-05 21:00:00,4066.84
2024-07-05 22:00:00,3353.59
2024-07-05 23:00:00,2518.63
2024-07-06 00:00:00,2089.84
2024-07-06 01:00:00,1922.2
2024-07-06 02:00:00,1795.79
2024-07-06 03:00:00,1749.49
2024-07-06 04:00:00,1888.56
2024-07-06 05:00:00,2356.05
2024-07-06 06:00:00,3372.21
2024-07-06 07:00:00,3940.25
2024-07-06 08:00:00,4211.88
2024-07-06 09:00:00,4261.07
2024-07-06 10:00:00,4129.77
2024-07-06 11:00:00,3780.38
2024-07-06 12:00:00,3488.5
2024-07-06 13:00:00,3445.28
2024-07-06 14:00:00,3370.04
2024-07-06 15:00:00,3093.71
2024-07-06 16:00:00,3226.27
2024-07-06 17:00:00,3558.3
2024-07-06 18:00:00,3545.46
2024-07-06 19:00:00,3683.45
2024-07-06 20:00:00,4170.83
2024-07-06 21:00:00,4262.51
2024-07-06 22:00:00,3482.71
2024-07-06 23:00:00,3008.36
2024-07-07 00:00:00,2252.79
2024-07-07 01:00:00,2030.35
2024-07-07 02:00:00,1986.22
2024-07-07 03:00:00,1931.79
2024-07-07 04:00:00,2007.02
2024-07-07 05:00:00,2523.15
2024-07-07 06:00:00,3585.97
2024-07-07 07:00:00,3923.07
2024-07-07 08:00:00,4035.01
2024-07-07 09:00:00,4328.88
2024-07-07 10:00:00,4022.71
2024-07-07 11:00:00,3723.42
2024-07-07 12:00:00,3613.28
2024-07-07 13:00:00,3271.3
2024-07-07 14:00:00,3190.83
2024-07-07 15:00:00,3179.43
2024-07-07 16:00:00,3283.42
2024-07-07 17:00:00,3577.29
2024-07-07 18:00:00,3741.68
2024-07-07 19:00:00,3812.57
2024-07-07 20:00:00,4248.05
2024-07-07 21:00:00,4120.01
2024-07-07 22:00:00,3318.32
2024-07-07 23:00:00,2432.18
2024-07-08 00:00:00,2028.9
2024-07-08 01:00:00,1883.5
2024-07-08 02:00:00,1769.57
2024-07-08 03:00:00,1754.92
2024-07-08 04:00:00,1935.76
2024-07-08 05:00:00,2301.97
2024-07-08 06:00:00,3573.5
2024-07-08 07:00:00,4575.01
2024-07-08 08:00:00,4388.74
2024-07-08 09:00:00,4832.36
2024-07-08 10:00:00,4446.8
2024-07-08 11:00:00,4309.72
2024-07-08 12:00:00,3566.98
2024-07-08 13:00:00,3538.23
2024-07-08 14:00:00,3550.71
2024-07-08 15:00:00,3635.53
2024-07-08 16:00:00,3400.79
2024-07-08 17:00:00,3443.11
2024-07-08 18:00:00,3965.21
2024-07-08 19:00:00,4083.66
2024-07-08 20:00:00,4448.42
2024-07-08 21:00:00,4339.74
2024-07-08 22:00:00,3553.24
2024-07-08 23:00:00,2805.27
2024-07-09 00:00:00,2217.52
2024-07-09 01:00:00,1997.25
2024-07-09 02:00:00,1859.45
2024-07-09 03:00:00,1854.02
2024-07-09 04:00:00,2090.02
2024-07-09 05:00:00,2430.56
2024-07-09 06:00:00,3710.94
2024-07-09 07:00:00,4745.01
2024-07-09 08:00:00,4540.47
2024-07-09 09:00:00,4680.45
2024-07-09 10:00:00,4434.32
2024-07-09 11:00:00,4237.38
2024-07-09 12:00:00,3999.39
2024-07-09 13:00:00,3750.54
2024-07-09 14:00:00,3823.97
2024-07-09 15:00:00,3647.28
2024-07-09 16:00:00,3653.61
2024-07-09 17:00:00,3898.84
2024-07-09 18:00:00,3786.89
2024-07-09 19:00:00,4144.97
2024-07-09 20:00:00,4533.24
2024-07-09 21:00:00,4325.09
2024-07-09 22:00:00,3424.66
2024-07-09 23:00:00,2636.54
2024-07-10 00:00:00,2061.99
2024-07-10 01:00:00,2019.86
2024-07-10 02:00:00,1846.61
2024-07-10 03:00:00,1877.53
2024-07-10 04:00:00,2081.16
2024-07-10 05:00:00,2434.53
2024-07-10 06:00:00,3620.15
2024-07-10 07:00:00,4133.21
2024-07-10 08:00:00,4406.65
2024-07-10 09:00:00,4430.34
2024-07-10 10:00:00,4301.58
2024-07-10 11:00:00,4017.29
2024-07-10 12:00:00,3634.8
2024-07-10 13:00:00,3649.09
2024-07-10 14:00:00,3586.52
2024-07-10 15:00:00,3560.29
2024-07-10 16:00:00,3672.24
2024-07-10 17:00:00,4068.47
2024-07-10 18:00:00,4085.29
2024-07-10 19:00:00,4214.05
2024-07-10 20:00:00,4629.45
2024-07-10 21:00:00,4722.4
2024-07-10 22:00:00,3474.21
2024-07-10 23:00:00,2682.47
2024-07-11 00:00:00,2057.47
2024-07-11 01:00:00,1968.5
2024-07-11 02:00:00,1882.23
2024-07-11 03:00:00,1845.7
2024-07-11 04:00:00,1967.77
2024-07-11 05:00:00,2547.38
2024-07-11 06:00:00,3421.77
2024-07-11 07:00:00,4105.18
2024-07-11 08:00:00,4143.88
2024-07-11 09:00:00,4206.63
2024-07-11 10:00:00,3888.89
2024-07-11 11:00:00,3758.86
2024-07-11 12:00:00,3435.15
2024-07-11 13:00:00,3551.61
2024-07-11 14:00:00,3521.77
2024-07-11 15:00:00,3358.29
2024-07-11 16:00:00,3879.67
2024-07-11 17:00:00,4269.75
2024-07-11 18:00:00,4231.59
2024-07-11 19:00:00,4243.34
2024-07-11 20:00:00,4564.16
2024-07-11 21:00:00,4428.17
2024-07-11 22:00:00,3807.33
2024-07-11 23:00:00,3163.16
2024-07-12 00:00:00,2308.67
2024-07-12 01:00:00,2254.05
2024-07-12 02:00:00,2007.02
2024-07-12 03:00:00,1990.74
2024-07-12 04:00:00,2117.15
2024-07-12 05:00:00,2543.58
2024-07-12 06:00:00,3365.52
2024-07-12 07:00:00,4216.58
2024-07-12 08:00:00,4189.81
2024-07-12 09:00:00,4475.19
2024-07-12 10:00:00,4149.67
2024-07-12 11:00:00,3726.13
2024-07-12 12:00:00,3560.11
2024-07-12 13:00:00,3443.11
2024-07-12 14:00:00,3389.03
2024-07-12 15:00:00,3497.9
2024-07-12 16:00:00,3440.57
2024-07-12 17:00:00,4406.83
2024-07-12 18:00:00,4394.53
2024-07-12 19:00:00,4585.32
2024-07-12 20:00:00,4732.53
2024-07-12 21:00:00,5376.34
2024-07-12 22:00:00,3.98
2024-07-12 23:00:00,3.98
2024-07-13 00:00:00,3.98
2024-07-14 05:00:00,1984.95
2024-07-14 06:00:00,2799.12
2024-07-14 07:00:00,3336.23
2024-07-14 08:00:00,3507.31
2024-07-14 09:00:00,3768.99
2024-07-14 10:00:00,3702.62
2024-07-14 11:00:00,3620.7
2024-07-14 12:00:00,3281.79
2024-07-14 13:00:00,3107.46
2024-07-14 14:00:00,3188.48
2024-07-14 15:00:00,3175.09
2024-07-14 16:00:00,3253.22
2024-07-14 17:00:00,3401.15
2024-07-14 18:00:00,3417.79
2024-07-14 19:00:00,3896.12
2024-07-14 20:00:00,4242.8
2024-07-14 21:00:00,4109.7
2024-07-14 22:00:00,3393.74
2024-07-14 23:00:00,2749.93
2024-07-15 00:00:00,1843.89
2024-07-15 01:00:00,1648.94
2024-07-15 02:00:00,1601.38
2024-07-15 03:00:00,1672.45
2024-07-15 04:00:00,1735.39
2024-07-15 05:00:00,2330.37
2024-07-15 06:00:00,3174.01
2024-07-15 07:00:00,3711.84
2024-07-15 08:00:00,3761.57
2024-07-15 09:00:00,3937.72
2024-07-15 10:00:00,3774.6
2024-07-15 11:00:00,3467.52
2024-07-15 12:00:00,3439.31
2024-07-15 13:00:00,3298.25
2024-07-15 14:00:00,3252.86
2024-07-15 15:00:00,3217.59
2024-07-15 16:00:00,3154.48
2024-07-15 17:00:00,3387.95
2024-07-15 18:00:00,3621.42
2024-07-15 19:00:00,4246.6
2024-07-15 20:00:00,4281.5
2024-07-15 21:00:00,4298.5
2024-07-15 22:00:00,3427.55
2024-07-15 23:00:00,2778.86
2024-07-16 00:00:00,2041.2
2024-07-16 01:00:00,1884.04
2024-07-16 02:00:00,1893.08
2024-07-16 03:00:00,1843.35
2024-07-16 04:00:00,1878.44
2024-07-16 05:00:00,2215.71
2024-07-16 06:00:00,3274.74
2024-07-16 07:00:00,3961.23
2024-07-16 08:00:00,4020.18
2024-07-16 09:00:00,4170.83
2024-07-16 10:00:00,4076.97
2024-07-16 11:00:00,3926.87
2024-07-16 12:00:00,3597.73
2024-07-16 13:00:00,3431.89
2024-07-16 14:00:00,3441.48
2024-07-16 15:00:00,3437.32
2024-07-16 16:00:00,3446.72
2024-07-16 17:00:00,3600.44
2024-07-16 18:00:00,3639.87
2024-07-16 19:00:00,3889.43
2024-07-16 20:00:00,4137.73
2024-07-16 21:00:00,4173.36
2024-07-16 22:00:00,3549.62
2024-07-16 23:00:00,2662.94
2024-07-17 00:00:00,2168.69
2024-07-17 01:00:00,1975.19
2024-07-17 02:00:00,1895.25
2024-07-17 03:00:00,1809.35
2024-07-17 04:00:00,1988.21
2024-07-17 05:00:00,2414.1
2024-07-17 06:00:00,3665.36
2024-07-17 07:00:00,4334.13
2024-07-17 08:00:00,4237.56
2024-07-17 09:00:00,4287.47
2024-07-17 10:00:00,4192.35
2024-07-17 11:00:00,3775.68
2024-07-17 12:00:00,3834.27
2024-07-17 13:00:00,3502.24
2024-07-17 14:00:00,3577.84
2024-07-17 15:00:00,3386.86
2024-07-17 16:00:00,3515.08
2024-07-17 17:00:00,3541.12
2024-07-17 18:00:00,3588.51
2024-07-17 19:00:00,3930.84
2024-07-17 20:00:00,4264.32
2024-07-17 21:00:00,4462.35
2024-07-17 22:00:00,3768.63
2024-07-17 23:00:00,2805.09
2024-07-18 00:00:00,2121.67
2024-07-18 01:00:00,2115.89
2024-07-18 02:00:00,1960.72
2024-07-18 03:00:00,1898.87
2024-07-18 04:00:00,2111.18
2024-07-18 05:00:00,2443.03
2024-07-18 06:00:00,3657.59
2024-07-18 07:00:00,4113.86
2024-07-18 08:00:00,4303.93
2024-07-18 09:00:00,4302.66
2024-07-18 10:00:00,4103.19
2024-07-18 11:00:00,3790.15
2024-07-18 12:00:00,3668.08
2024-07-18 13:00:00,3386.86
2024-07-18 14:00:00,3297.35
2024-07-18 15:00:00,3453.05
2024-07-18 16:00:00,3395.72
2024-07-18 17:00:00,3732.64
2024-07-18 18:00:00,3646.38
2024-07-18 19:00:00,3935.73
2024-07-18 20:00:00,4282.77
2024-07-18 21:00:00,4239.73
2024-07-18 22:00:00,3608.04
2024-07-18 23:00:00,2648.11
2024-07-19 00:00:00,2322.95
2024-07-19 01:00:00,2148.08
2024-07-19 02:00:00,1997.97
2024-07-19 03:00:00,2031.97
2024-07-19 04:00:00,2073.75
2024-07-19 05:00:00,2693.32
2024-07-19 06:00:00,3933.2
2024-07-19 07:00:00,4258.54
2024-07-19 08:00:00,4517.69
2024-07-19 09:00:00,4635.96
2024-07-19 10:00:00,4419.13
2024-07-19 11:00:00,4160.34
2024-07-19 12:00:00,3725.22
2024-07-19 13:00:00,3559.03
2024-07-19 14:00:00,3499.71
2024-07-19 15:00:00,3591.04
2024-07-19 16:00:00,3514.0
2024-07-19 17:00:00,3607.68
2024-07-19 18:00:00,3903.36
2024-07-19 19:00:00,4038.45
2024-07-19 20:00:00,4218.57
2024-07-19 21:00:00,4154.01
2024-07-19 22:00:00,3454.32
2024-07-19 23:00:00,2645.04
2024-07-20 00:00:00,2133.79
2024-07-20 01:00:00,2026.91
2024-07-20 02:00:00,1937.57
2024-07-20 03:00:00,1820.02
2024-07-20 04:00:00,1977.18
2024-07-20 05:00:00,2354.96
2024-07-20 06:00:00,3327.37
2024-07-20 07:00:00,3989.26
2024-07-20 08:00:00,3967.56
2024-07-20 09:00:00,4222.01
2024-07-20 10:00:00,4341.36
2024-07-20 11:00:00,3865.74
2024-07-20 12:00:00,3708.95
2024-07-20 13:00:00,3524.67
2024-07-20 14:00:00,3295.18
2024-07-20 15:00:00,3336.59
2024-07-20 16:00:00,3398.98
2024-07-20 17:00:00,3640.05
2024-07-20 18:00:00,3554.51
2024-07-20 19:00:00,3748.73
2024-07-20 20:00:00,3947.48
2024-07-20 21:00:00,4025.97
2024-07-20 22:00:00,3369.32
2024-07-20 23:00:00,2705.08
2024-07-21 00:00:00,2102.68
2024-07-21 01:00:00,1851.31
2024-07-21 02:00:00,1772.46
2024-07-21 03:00:00,1751.84
2024-07-21 04:00:00,1795.25
2024-07-21 05:00:00,2211.37
2024-07-21 06:00:00,3374.02
2024-07-21 07:00:00,4042.61
2024-07-21 08:00:00,4284.58
2024-07-21 09:00:00,4547.71
2024-07-21 10:00:00,4247.32
2024-07-21 11:00:00,3699.73
2024-07-21 12:00:00,3756.51
2024-07-21 13:00:00,3438.22
2024-07-21 14:00:00,3434.97
2024-07-21 15:00:00,3465.53
2024-07-21 16:00:00,3420.68
2024-07-21 17:00:00,3737.7
2024-07-21 18:00:00,4338.11
2024-07-21 19:00:00,4237.74
2024-07-21 20:00:00,4415.33
2024-07-21 21:00:00,4233.22
2024-07-21 22:00:00,3376.37
2024-07-21 23:00:00,2458.95
2024-07-22 00:00:00,2179.0
2024-07-22 01:00:00,1884.4
2024-07-22 02:00:00,1751.48
2024-07-22 03:00:00,1800.85
2024-07-22 04:00:00,1869.21
2024-07-22 05:00:00,2996.6
2024-07-22 06:00:00,4003.91
2024-07-22 07:00:00,4919.7
2024-07-22 08:00:00,4890.41
2024-07-22 09:00:00,4800.89
2024-07-22 10:00:00,4711.01
2024-07-22 11:00:00,4088.54
2024-07-22 12:00:00,3967.92
2024-07-22 13:00:00,3605.32
2024-07-22 14:00:00,3794.13
2024-07-22 15:00:00,3718.53
2024-07-22 16:00:00,3793.58
2024-07-22 17:00:00,4003.73
2024-07-22 18:00:00,4168.66
2024-07-22 19:00:00,4320.2
2024-07-22 20:00:00,4654.77
2024-07-22 21:00:00,4311.34
2024-07-22 22:00:00,3327.18
2024-07-22 23:00:00,3050.85
2024-07-23 00:00:00,2238.32
2024-07-23 01:00:00,2194.37
2024-07-23 02:00:00,1994.54
2024-07-23 03:00:00,2097.26
2024-07-23 04:00:00,2203.6
2024-07-23 05:00:00,2714.12
2024-07-23 06:00:00,4220.02
2024-07-23 07:00:00,4935.26
2024-07-23 08:00:00,5191.51
2024-07-23 09:00:00,5192.96
2024-07-23 10:00:00,4875.58
2024-07-23 11:00:00,4197.77
2024-07-23 12:00:00,3846.21
2024-07-23 13:00:00,3785.63
2024-07-23 14:00:00,3817.46
2024-07-23 15:00:00,3755.61
2024-07-23 16:00:00,3943.69
2024-07-23 17:00:00,4216.58
2024-07-23 18:00:00,4266.31
2024-07-23 19:00:00,4616.61
2024-07-23 20:00:00,4726.2
2024-07-23 21:00:00,4614.26
2024-07-23 22:00:00,3699.18
2024-07-23 23:00:00,3237.3
2024-07-24 00:00:00,2378.11
2024-07-24 01:00:00,2187.5
2024-07-24 02:00:00,2200.16
2024-07-24 03:00:00,2061.27
2024-07-24 04:00:00,2256.76
2024-07-24 05:00:00,2742.69
2024-07-24 06:00:00,4150.57
2024-07-24 07:00:00,5000.72
2024-07-24 08:00:00,5254.81
2024-07-24 09:00:00,5108.87
2024-07-24 10:00:00,4951.35
2024-07-24 11:00:00,4159.98
2024-07-24 12:00:00,3846.75
2024-07-24 13:00:00,3580.73
2024-07-24 14:00:00,3759.95
2024-07-24 15:00:00,3959.96
2024-07-24 16:00:00,3861.58
2024-07-24 17:00:00,4142.8
2024-07-24 18:00:00,4245.7
2024-07-24 19:00:00,4516.24
2024-07-24 20:00:00,4703.6
2024-07-24 21:00:00,4552.41
2024-07-24 22:00:00,3660.66
2024-07-24 23:00:00,2924.8
2024-07-25 00:00:00,2302.16
2024-07-25 01:00:00,2198.35
2024-07-25 02:00:00,2121.31
2024-07-25 03:00:00,2065.25
2024-07-25 04:00:00,2234.34
2024-07-25 05:00:00,2809.97
2024-07-25 06:00:00,4350.59
2024-07-25 07:00:00,5250.65
2024-07-25 08:00:00,5118.63
2024-07-25 09:00:00,5094.04
2024-07-25 10:00:00,4552.23
2024-07-25 11:00:00,4001.56
2024-07-25 12:00:00,3896.3
2024-07-25 13:00:00,3871.53
2024-07-25 14:00:00,3902.81
2024-07-25 15:00:00,3916.2
2024-07-25 16:00:00,4161.42
2024-07-25 17:00:00,4376.27
2024-07-25 18:00:00,4415.69
2024-07-25 19:00:00,4796.37
2024-07-25 20:00:00,4829.1
2024-07-25 21:00:00,4462.35
2024-07-25 22:00:00,3800.27
2024-07-25 23:00:00,3015.59
2024-07-26 00:00:00,2256.22
2024-07-26 01:00:00,2131.62
2024-07-26 02:00:00,1976.27
2024-07-26 03:00:00,2092.74
2024-07-26 04:00:00,2077.55
2024-07-26 05:00:00,2764.21
2024-07-26 06:00:00,4333.95
2024-07-26 07:00:00,5035.45
2024-07-26 08:00:00,5141.6
2024-07-26 09:00:00,4921.51
2024-07-26 10:00:00,4570.49
2024-07-26 11:00:00,4240.63
2024-07-26 12:00:00,4014.58
2024-07-26 13:00:00,3581.45
2024-07-26 14:00:00,4114.04
2024-07-26 15:00:00,3856.88
2024-07-26 16:00:00,3913.3
2024-07-26 17:00:00,4035.19
2024-07-26 18:00:00,3825.95
2024-07-26 19:00:00,4014.21
2024-07-26 20:00:00,3986.36
2024-07-26 21:00:00,3806.42
2024-07-26 22:00:00,2770.36
2024-07-26 23:00:00,3079.79
2024-07-27 00:00:00,2629.12
2024-07-27 01:00:00,2900.39
2024-07-27 02:00:00,1941.01
2024-07-27 03:00:00,1870.66
2024-07-27 04:00:00,2012.62
2024-07-27 05:00:00,2539.06
2024-07-27 06:00:00,3516.71
2024-07-27 07:00:00,4093.24
2024-07-27 08:00:00,4450.95
2024-07-27 09:00:00,4487.3
2024-07-27 10:00:00,4168.11
2024-07-27 11:00:00,3603.7
2024-07-27 12:00:00,3514.36
2024-07-27 13:00:00,3537.15
2024-07-27 14:00:00,3893.05
2024-07-27 15:00:00,3645.11
2024-07-27 16:00:00,3659.04
2024-07-27 17:00:00,3791.59
2024-07-27 18:00:00,4021.63
2024-07-27 19:00:00,4093.06
2024-07-27 20:00:00,4341.0
2024-07-27 21:00:00,3659.94
2024-07-27 22:00:00,3066.77
2024-07-27 23:00:00,2460.94
2024-07-28 00:00:00,1973.2
2024-07-28 01:00:00,1837.57
2024-07-28 02:00:00,1771.38
2024-07-28 03:00:00,1746.06
2024-07-28 04:00:00,1825.99
2024-07-28 05:00:00,2083.69
2024-07-28 06:00:00,2909.98
2024-07-28 07:00:00,3668.98
2024-07-28 08:00:00,3858.87
2024-07-28 09:00:00,4254.38
2024-07-28 10:00:00,4139.36
2024-07-28 11:00:00,3876.59
2024-07-28 12:00:00,3771.52
2024-07-28 13:00:00,3425.38
2024-07-28 14:00:00,3151.77
2024-07-28 15:00:00,3198.97
2024-07-28 16:00:00,3148.15
2024-07-28 17:00:00,3483.07
2024-07-28 18:00:00,3560.66
2024-07-28 19:00:00,3596.82
2024-07-28 20:00:00,3944.41
2024-07-28 21:00:00,3726.85
2024-07-28 22:00:00,3104.38
2024-07-28 23:00:00,2588.43
2024-07-29 00:00:00,1942.27
2024-07-29 01:00:00,1722.55
2024-07-29 02:00:00,1692.71
2024-07-29 03:00:00,1695.42
2024-07-29 04:00:00,1932.87
2024-07-29 05:00:00,2333.8
2024-07-29 06:00:00,3498.08
2024-07-29 07:00:00,4261.43
2024-07-29 08:00:00,4492.01
2024-07-29 09:00:00,4424.19
2024-07-29 10:00:00,4279.51
2024-07-29 11:00:00,4029.95
2024-07-29 12:00:00,3301.5
2024-07-29 13:00:00,2948.86
2024-07-29 14:00:00,3682.18
2024-07-29 15:00:00,4059.61
2024-07-29 16:00:00,3967.01
2024-07-29 17:00:00,4199.04
2024-07-29 18:00:00,3631.55
2024-07-29 19:00:00,3830.84
2024-07-29 20:00:00,4214.59
2024-07-29 21:00:00,4341.91
2024-07-29 22:00:00,3305.66
2024-07-29 23:00:00,2596.39
2024-07-30 00:00:00,2042.28
2024-07-30 01:00:00,2022.21
2024-07-30 02:00:00,1999.6
2024-07-30 03:00:00,2046.44
2024-07-30 04:00:00,2057.83
2024-07-30 05:00:00,3046.33
2024-07-30 06:00:00,3773.87
2024-07-30 07:00:00,4508.28
2024-07-30 08:00:00,4482.06
2024-07-30 09:00:00,4426.0
2024-07-30 10:00:00,4321.47
2024-07-30 11:00:00,3727.21
2024-07-30 12:00:00,3581.27
2024-07-30 13:00:00,3486.69
2024-07-30 14:00:00,3585.97
2024-07-30 15:00:00,3753.8
2024-07-30 16:00:00,3559.75
2024-07-30 17:00:00,3949.65
2024-07-30 18:00:00,4105.54
2024-07-30 19:00:00,4145.87
2024-07-30 20:00:00,4536.49
2024-07-30 21:00:00,4257.27
2024-07-30 22:00:00,4126.52
2024-07-30 23:00:00,3631.73
2024-07-31 00:00:00,3205.48
2024-07-31 01:00:00,1946.43
2024-07-31 02:00:00,1831.24
2024-07-31 03:00:00,1780.24
2024-07-31 04:00:00,1950.23
2024-07-31 05:00:00,2490.78
2024-07-31 06:00:00,3629.2
2024-07-31 07:00:00,4609.01
2024-07-31 08:00:00,4935.26
2024-07-31 09:00:00,4807.76
2024-07-31 10:00:00,4723.31
2024-07-31 11:00:00,4282.41
2024-07-31 12:00:00,4054.36
2024-07-31 13:00:00,3727.94
2024-07-31 14:00:00,3630.46
2024-07-31 15:00:00,3812.75
2024-07-31 16:00:00,3133.68
2024-07-31 17:00:00,3704.79
2024-07-31 18:00:00,3725.22
2024-07-31 19:00:00,3841.87
2024-07-31 20:00:00,4084.56
2024-07-31 21:00:00,3963.04
2024-07-31 22:00:00,3142.0
2024-07-31 23:00:00,2586.08
2024-08-01 00:00:00,2001.77
2024-08-01 01:00:00,1839.01
2024-08-01 02:00:00,1799.41
2024-08-01 03:00:00,1823.82
2024-08-01 04:00:00,1884.22
2024-08-01 05:00:00,2426.03
2024-08-01 06:00:00,3712.2
2024-08-01 07:00:00,4313.15
2024-08-01 08:00:00,4473.56
2024-08-01 09:00:00,4534.32
2024-08-01 10:00:00,4016.2
2024-08-01 11:00:00,3769.53
2024-08-01 12:00:00,3677.84
2024-08-01 13:00:00,3600.8
2024-08-01 14:00:00,3723.42
2024-08-01 15:00:00,3548.72
2024-08-01 16:00:00,3413.27
2024-08-01 17:00:00,3760.49
2024-08-01 18:00:00,3856.88
2024-08-01 19:00:00,4003.54
2024-08-01 20:00:00,4444.99
2024-08-01 21:00:00,4378.98
2024-08-01 22:00:00,3414.17
2024-08-01 23:00:00,2757.34
2024-08-02 00:00:00,2024.74
2024-08-02 01:00:00,1863.06
2024-08-02 02:00:00,1786.93
2024-08-02 03:00:00,1885.13
2024-08-02 04:00:00,1986.94
2024-08-02 05:00:00,2464.55
2024-08-02 06:00:00,3398.44
2024-08-02 07:00:00,4639.58
2024-08-02 08:00:00,4611.73
2024-08-02 09:00:00,4685.87
2024-08-02 10:00:00,4526.73
2024-08-02 11:00:00,4122.9
2024-08-02 12:00:00,4129.41
2024-08-02 13:00:00,3712.93
2024-08-02 14:00:00,3867.91
2024-08-02 15:00:00,3619.43
2024-08-02 16:00:00,3646.56
2024-08-02 17:00:00,3924.33
2024-08-02 18:00:00,3960.68
2024-08-02 19:00:00,4071.54
2024-08-02 20:00:00,4282.95
2024-08-02 21:00:00,4239.37
2024-08-02 22:00:00,3324.65
2024-08-02 23:00:00,2587.53
2024-08-03 00:00:00,2126.01
2024-08-03 01:00:00,1969.22
2024-08-03 02:00:00,1931.79
2024-08-03 03:00:00,1878.98
2024-08-03 04:00:00,2056.93
2024-08-03 05:00:00,2910.52
2024-08-03 06:00:00,3580.91
2024-08-03 07:00:00,4295.25
2024-08-03 08:00:00,4587.67
2024-08-03 09:00:00,4762.37
2024-08-03 10:00:00,4290.73
2024-08-03 11:00:00,3923.07
2024-08-03 12:00:00,3630.46
2024-08-03 13:00:00,3386.32
2024-08-03 14:00:00,3814.56
2024-08-03 15:00:00,3789.24
2024-08-03 16:00:00,3947.3
2024-08-03 17:00:00,4044.05
2024-08-03 18:00:00,4125.07
2024-08-03 19:00:00,4190.54
2024-08-03 20:00:00,4320.38
2024-08-03 21:00:00,4114.04
2024-08-03 22:00:00,3430.27
2024-08-03 23:00:00,2988.46
2024-08-04 00:00:00,2213.9
2024-08-04 01:00:00,2066.88
2024-08-04 02:00:00,1899.78
2024-08-04 03:00:00,1904.66
2024-08-04 04:00:00,2043.0
2024-08-04 05:00:00,2585.36
2024-08-04 06:00:00,3948.21
2024-08-04 07:00:00,4458.55
2024-08-04 08:00:00,4750.8
2024-08-04 09:00:00,4837.06
2024-08-04 10:00:00,4517.32
2024-08-04 11:00:00,4046.22
2024-08-04 12:00:00,3795.57
2024-08-04 13:00:00,3528.1
2024-08-04 14:00:00,3582.9
2024-08-04 15:00:00,3805.88
2024-08-04 16:00:00,3900.82
2024-08-04 17:00:00,4110.97
2024-08-04 18:00:00,4337.02
2024-08-04 19:00:00,4757.49
2024-08-04 20:00:00,4842.12
2024-08-04 21:00:00,4365.05
2024-08-04 22:00:00,3765.55
2024-08-04 23:00:00,2805.09
2024-08-05 00:00:00,2452.8
2024-08-05 01:00:00,2188.04
2024-08-05 02:00:00,2128.0
2024-08-05 03:00:00,2116.25
2024-08-05 04:00:00,2218.61
2024-08-05 05:00:00,2615.2
2024-08-05 06:00:00,4107.35
2024-08-05 07:00:00,5024.96
2024-08-05 08:00:00,5156.97
2024-08-05 09:00:00,5200.56
2024-08-05 10:00:00,4902.34
2024-08-05 11:00:00,4323.28
2024-08-05 12:00:00,3516.53
2024-08-05 13:00:00,3423.03
2024-08-05 14:00:00,3587.24
2024-08-05 15:00:00,3558.67
2024-08-05 16:00:00,3580.37
2024-08-05 17:00:00,4017.47
2024-08-05 18:00:00,4371.93
2024-08-05 19:00:00,4554.22
2024-08-05 20:00:00,4714.27
2024-08-05 21:00:00,4466.87
2024-08-05 22:00:00,3510.74
2024-08-05 23:00:00,3126.63
2024-08-06 00:00:00,2207.39
2024-08-06 01:00:00,2169.96
2024-08-06 02:00:00,2071.58
2024-08-06 03:00:00,2174.66
2024-08-06 04:00:00,2319.52
2024-08-06 05:00:00,2840.35
2024-08-06 06:00:00,4461.99
2024-08-06 07:00:00,5413.41
2024-08-06 08:00:00,5362.41
2024-08-06 09:00:00,5354.46
2024-08-06 10:00:00,4875.04
2024-08-06 11:00:00,4255.46
2024-08-06 12:00:00,4131.22
2024-08-06 13:00:00,3708.23
2024-08-06 14:00:00,3853.81
2024-08-06 15:00:00,4009.33
2024-08-06 16:00:00,4140.99
2024-08-06 17:00:00,4422.74
2024-08-06 18:00:00,4475.73
2024-08-06 19:00:00,4605.94
2024-08-06 20:00:00,4747.9
2024-08-06 21:00:00,4503.04
2024-08-06 22:00:00,3936.45
2024-08-06 23:00:00,3168.04
2024-08-07 00:00:00,2608.33
2024-08-07 01:00:00,2471.06
2024-08-07 02:00:00,2351.89
2024-08-07 03:00:00,2381.91
2024-08-07 04:00:00,2589.16
2024-08-07 05:00:00,3039.64
2024-08-07 06:00:00,4410.63
2024-08-07 07:00:00,5446.33
2024-08-07 08:00:00,5196.94
2024-08-07 09:00:00,5212.13
2024-08-07 10:00:00,5020.07
2024-08-07 11:00:00,4343.53
2024-08-07 12:00:00,4367.4
2024-08-07 13:00:00,3922.71
2024-08-07 14:00:00,3929.58
2024-08-07 15:00:00,4052.01
2024-08-07 16:00:00,4139.54
2024-08-07 17:00:00,4233.4
2024-08-07 18:00:00,4599.97
2024-08-07 19:00:00,4806.86
2024-08-07 20:00:00,5023.33
2024-08-07 21:00:00,4776.66
2024-08-07 22:00:00,4245.33
2024-08-07 23:00:00,3551.07
2024-08-08 00:00:00,2716.83
2024-08-08 01:00:00,2646.48
2024-08-08 02:00:00,2472.51
2024-08-08 03:00:00,2437.43
2024-08-08 04:00:00,2690.07
2024-08-08 05:00:00,3148.15
2024-08-08 06:00:00,4856.05
2024-08-08 07:00:00,5324.62
2024-08-08 08:00:00,5354.46
2024-08-08 09:00:00,5335.83
2024-08-08 10:00:00,4942.85
2024-08-08 11:00:00,5218.46
2024-08-08 12:00:00,4764.0
2024-08-08 13:00:00,4028.68
2024-08-08 14:00:00,4257.27
2024-08-08 15:00:00,4394.89
2024-08-08 16:00:00,4548.43
2024-08-08 17:00:00,5097.29
2024-08-08 18:00:00,4840.13
2024-08-08 19:00:00,5027.13
2024-08-08 20:00:00,5302.91
2024-08-08 21:00:00,5087.89
2024-08-08 22:00:00,4781.36
2024-08-08 23:00:00,4267.76
2024-08-09 00:00:00,3374.57
2024-08-09 01:00:00,2518.45
2024-08-09 02:00:00,2250.25
2024-08-09 03:00:00,2340.86
2024-08-09 04:00:00,2518.27
2024-08-09 05:00:00,2826.24
2024-08-09 06:00:00,4420.57
2024-08-09 07:00:00,5313.22
2024-08-09 08:00:00,5388.27
2024-08-09 09:00:00,5471.46
2024-08-09 10:00:00,5068.72
2024-08-09 11:00:00,4528.36
2024-08-09 12:00:00,4375.54
2024-08-09 13:00:00,4382.23
2024-08-09 14:00:00,4218.03
2024-08-09 15:00:00,4401.04
2024-08-09 16:00:00,4666.16
2024-08-09 17:00:00,4892.04
2024-08-09 18:00:00,4983.0
2024-08-09 19:00:00,5180.3
2024-08-09 20:00:00,5100.37
2024-08-09 21:00:00,4844.84
2024-08-09 22:00:00,4125.8
2024-08-09 23:00:00,3331.16
2024-08-10 00:00:00,2551.72
2024-08-10 01:00:00,2417.53
2024-08-10 02:00:00,2263.09
2024-08-10 03:00:00,2281.54
2024-08-10 04:00:00,2438.87
2024-08-10 05:00:00,2887.73
2024-08-10 06:00:00,4532.7
2024-08-10 07:00:00,5447.95
2024-08-10 08:00:00,5683.59
2024-08-10 09:00:00,5857.93
2024-08-10 10:00:00,5219.37
2024-08-10 11:00:00,4405.92
2024-08-10 12:00:00,4072.63
2024-08-10 13:00:00,3902.27
2024-08-10 14:00:00,3809.32
2024-08-10 15:00:00,4086.19
2024-08-10 16:00:00,4227.07
2024-08-10 17:00:00,4619.14
2024-08-10 18:00:00,4567.78
2024-08-10 19:00:00,4853.52
2024-08-10 20:00:00,4854.06
2024-08-10 21:00:00,4517.51
2024-08-10 22:00:00,3763.02
2024-08-10 23:00:00,3233.15
2024-08-11 00:00:00,2658.78
2024-08-11 01:00:00,2467.09
2024-08-11 02:00:00,2315.36
2024-08-11 03:00:00,2211.01
2024-08-11 04:00:00,2386.79
2024-08-11 05:00:00,2807.26
2024-08-11 06:00:00,4152.92
2024-08-11 07:00:00,4711.19
2024-08-11 08:00:00,4774.67
2024-08-11 09:00:00,5056.97
2024-08-11 10:00:00,4800.17
2024-08-11 11:00:00,4357.46
2024-08-11 12:00:00,3942.6
2024-08-11 13:00:00,3754.16
2024-08-11 14:00:00,3770.44
2024-08-11 15:00:00,3957.07
2024-08-11 16:00:00,3868.82
2024-08-11 17:00:00,4350.59
2024-08-11 18:00:00,4384.04
2024-08-11 19:00:00,4713.9
2024-08-11 20:00:00,4862.74
2024-08-11 21:00:00,4638.31
2024-08-11 22:00:00,3899.56
2024-08-11 23:00:00,2998.77
2024-08-12 00:00:00,2215.17
2024-08-12 01:00:00,2036.49
2024-08-12 02:00:00,1969.76
2024-08-12 03:00:00,1994.0
2024-08-12 04:00:00,2178.64
2024-08-12 05:00:00,2928.06
2024-08-12 06:00:00,4174.62
2024-08-12 07:00:00,5098.92
2024-08-12 08:00:00,5394.42
2024-08-12 09:00:00,5251.92
2024-08-12 10:00:00,4811.92
2024-08-12 11:00:00,4245.88
2024-08-12 12:00:00,3688.69
2024-08-12 13:00:00,3382.52
2024-08-12 14:00:00,3347.98
2024-08-12 15:00:00,4106.45
2024-08-12 16:00:00,4338.29
2024-08-12 17:00:00,4610.46
2024-08-12 18:00:00,4619.5
2024-08-12 19:00:00,4666.16
2024-08-12 20:00:00,5131.11
2024-08-12 21:00:00,4845.92
2024-08-12 22:00:00,3839.16
2024-08-12 23:00:00,3363.9
2024-08-13 00:00:00,2467.81
2024-08-13 01:00:00,2343.39
2024-08-13 02:00:00,2259.66
2024-08-13 03:00:00,2241.39
2024-08-13 04:00:00,2382.63
2024-08-13 05:00:00,2928.96
2024-08-13 06:00:00,5125.33
2024-08-13 07:00:00,5682.33
2024-08-13 08:00:00,5738.57
2024-08-13 09:00:00,5562.25
2024-08-13 10:00:00,5317.38
2024-08-13 11:00:00,4390.37
2024-08-13 12:00:00,4091.25
2024-08-13 13:00:00,3802.81
2024-08-13 14:00:00,4012.59
2024-08-13 15:00:00,4165.04
2024-08-13 16:00:00,4115.31
2024-08-13 17:00:00,4386.75
2024-08-13 18:00:00,4342.27
2024-08-13 19:00:00,4618.06
2024-08-13 20:00:00,4604.85
2024-08-13 21:00:00,4776.29
2024-08-13 22:00:00,4216.22
2024-08-13 23:00:00,3113.97
2024-08-14 00:00:00,2445.2
2024-08-14 01:00:00,2252.97
2024-08-14 02:00:00,2171.4
2024-08-14 03:00:00,2183.16
2024-08-14 04:00:00,2170.32
2024-08-14 05:00:00,2981.41
2024-08-14 06:00:00,4192.53
2024-08-14 07:00:00,5297.85
2024-08-14 08:00:00,5361.87
2024-08-14 09:00:00,5401.48
2024-08-14 10:00:00,4956.96
2024-08-14 11:00:00,4384.22
2024-08-14 12:00:00,4303.75
2024-08-14 13:00:00,3999.93
2024-08-14 14:00:00,4026.15
2024-08-14 15:00:00,4096.5
2024-08-14 16:00:00,4373.37
2024-08-14 17:00:00,4373.55
2024-08-14 18:00:00,4561.81
2024-08-14 19:00:00,4744.65
2024-08-14 20:00:00,4772.14
2024-08-14 21:00:00,4637.41
2024-08-14 22:00:00,3789.06
2024-08-14 23:00:00,2927.16
2024-08-15 00:00:00,2393.48
2024-08-15 01:00:00,2176.83
2024-08-15 02:00:00,2120.95
2024-08-15 03:00:00,2108.65
2024-08-15 04:00:00,2197.45
2024-08-15 05:00:00,2826.61
2024-08-15 06:00:00,4136.28
2024-08-15 07:00:00,5078.49
2024-08-15 08:00:00,5233.29
2024-08-15 09:00:00,5287.0
2024-08-15 10:00:00,5228.95
2024-08-15 11:00:00,4461.62
2024-08-15 12:00:00,4291.81
2024-08-15 13:00:00,4035.37
2024-08-15 14:00:00,3871.53
2024-08-15 15:00:00,3953.63
2024-08-15 16:00:00,3872.97
2024-08-15 17:00:00,4531.25
2024-08-15 18:00:00,4873.59
2024-08-15 19:00:00,4857.68
2024-08-15 20:00:00,4939.6
2024-08-15 21:00:00,4795.83
2024-08-15 22:00:00,3725.04
2024-08-15 23:00:00,3085.94
2024-08-16 00:00:00,2377.39
2024-08-16 01:00:00,2168.51
2024-08-16 02:00:00,2090.02
2024-08-16 03:00:00,2138.67
2024-08-16 04:00:00,2221.86
2024-08-16 05:00:00,3092.45
2024-08-16 06:00:00,4414.42
2024-08-16 07:00:00,5339.08
2024-08-16 08:00:00,5357.17
2024-08-16 09:00:00,5060.04
2024-08-16 10:00:00,4630.35
2024-08-16 11:00:00,4040.08
2024-08-16 12:00:00,3981.3
2024-08-16 13:00:00,3839.7
2024-08-16 14:00:00,4000.83
2024-08-16 15:00:00,4117.3
2024-08-16 16:00:00,4324.54
2024-08-16 17:00:00,4828.92
2024-08-16 18:00:00,4970.16
2024-08-16 19:00:00,5015.91
2024-08-16 20:00:00,4977.76
2024-08-16 21:00:00,4892.58
2024-08-16 22:00:00,4091.44
2024-08-16 23:00:00,3102.03
2024-08-17 00:00:00,2439.42
2024-08-17 01:00:00,2268.16
2024-08-17 02:00:00,2139.58
2024-08-17 03:00:00,2166.52
2024-08-17 04:00:00,2315.18
2024-08-17 05:00:00,2707.97
2024-08-17 06:00:00,4159.25
2024-08-17 07:00:00,5031.83
2024-08-17 08:00:00,5189.89
2024-08-17 09:00:00,5104.17
2024-08-17 10:00:00,4930.37
2024-08-17 11:00:00,4175.35
2024-08-17 12:00:00,4099.75
2024-08-17 13:00:00,3597.73
2024-08-17 14:00:00,4059.79
2024-08-17 15:00:00,4133.03
2024-08-17 16:00:00,4345.88
2024-08-17 17:00:00,4789.86
2024-08-17 18:00:00,4593.1
2024-08-17 19:00:00,4848.09
2024-08-17 20:00:00,4836.52
2024-08-17 21:00:00,4549.7
2024-08-17 22:00:00,3553.6
2024-08-17 23:00:00,3013.96
2024-08-18 00:00:00,2309.39
2024-08-18 01:00:00,2156.21
2024-08-18 02:00:00,2021.67
2024-08-18 03:00:00,2033.24
2024-08-18 04:00:00,2177.19
2024-08-18 05:00:00,2444.3
2024-08-18 06:00:00,3809.5
2024-08-18 07:00:00,4404.66
2024-08-18 08:00:00,4619.68
2024-08-18 09:00:00,4743.56
2024-08-18 10:00:00,4655.13
2024-08-18 11:00:00,4043.33
2024-08-18 12:00:00,3789.61
2024-08-18 13:00:00,3612.56
2024-08-18 14:00:00,3732.46
2024-08-18 15:00:00,3812.21
2024-08-18 16:00:00,3593.03
2024-08-18 17:00:00,3990.89
2024-08-18 18:00:00,4439.38
2024-08-18 19:00:00,4633.25
2024-08-18 20:00:00,4758.93
2024-08-18 21:00:00,4511.9
2024-08-18 22:00:00,3966.65
2024-08-18 23:00:00,2886.47
2024-08-19 00:00:00,2200.7
2024-08-19 01:00:00,2086.05
2024-08-19 02:00:00,2050.24
2024-08-19 03:00:00,1984.77
2024-08-19 04:00:00,2146.99
2024-08-19 05:00:00,2492.22
2024-08-19 06:00:00,3770.62
2024-08-19 07:00:00,4702.87
2024-08-19 08:00:00,5100.91
2024-08-19 09:00:00,5062.93
2024-08-19 10:00:00,4684.61
2024-08-19 11:00:00,3689.78
2024-08-19 12:00:00,3576.03
2024-08-19 13:00:00,3347.44
2024-08-19 14:00:00,3036.57
2024-08-19 15:00:00,3125.72
2024-08-19 16:00:00,2987.74
2024-08-19 17:00:00,3733.36
2024-08-19 18:00:00,3928.67
2024-08-19 19:00:00,4282.41
2024-08-19 20:00:00,4548.79
2024-08-19 21:00:00,4682.07
2024-08-19 22:00:00,3971.35
2024-08-19 23:00:00,3102.03
2024-08-20 00:00:00,2390.95
2024-08-20 01:00:00,2249.17
2024-08-20 02:00:00,2201.43
2024-08-20 03:00:00,2093.28
2024-08-20 04:00:00,2177.19
2024-08-20 05:00:00,2770.72
2024-08-20 06:00:00,3649.81
2024-08-20 07:00:00,4550.24
2024-08-20 08:00:00,4557.47
2024-08-20 09:00:00,4858.94
2024-08-20 10:00:00,4620.23
2024-08-20 11:00:00,4065.57
2024-08-20 12:00:00,3907.15
2024-08-20 13:00:00,3769.17
2024-08-20 14:00:00,3692.85
2024-08-20 15:00:00,3680.74
2024-08-20 16:00:00,3805.7
2024-08-20 17:00:00,4124.89
2024-08-20 18:00:00,4103.19
2024-08-20 19:00:00,4435.22
2024-08-20 20:00:00,4803.06
2024-08-20 21:00:00,4582.25
2024-08-20 22:00:00,4001.37
2024-08-20 23:00:00,3120.48
2024-08-21 00:00:00,2397.82
2024-08-21 01:00:00,2194.37
2024-08-21 02:00:00,2082.43
2024-08-21 03:00:00,2126.01
2024-08-21 04:00:00,2354.42
2024-08-21 05:00:00,2681.93
2024-08-21 06:00:00,4034.29
2024-08-21 07:00:00,4717.7
2024-08-21 08:00:00,5015.37
2024-08-21 09:00:00,5057.33
2024-08-21 10:00:00,4953.7
2024-08-21 11:00:00,4124.71
2024-08-21 12:00:00,4127.97
2024-08-21 13:00:00,3740.23
2024-08-21 14:00:00,3940.25
2024-08-21 15:00:00,4036.46
2024-08-21 16:00:00,4023.08
2024-08-21 17:00:00,4215.49
2024-08-21 18:00:00,4463.25
2024-08-21 19:00:00,4646.63
2024-08-21 20:00:00,4938.15
2024-08-21 21:00:00,4715.17
2024-08-21 22:00:00,3819.44
2024-08-21 23:00:00,3149.05
2024-08-22 00:00:00,2419.16
2024-08-22 01:00:00,2209.74
2024-08-22 02:00:00,2143.37
2024-08-22 03:00:00,2168.33
2024-08-22 04:00:00,2305.23
2024-08-22 05:00:00,2563.12
2024-08-22 06:00:00,4011.32
2024-08-22 07:00:00,4792.03
2024-08-22 08:00:00,4876.48
2024-08-22 09:00:00,4881.73
2024-08-22 10:00:00,4939.78
2024-08-22 11:00:00,4347.15
2024-08-22 12:00:00,4172.27
2024-08-22 13:00:00,3967.01
2024-08-22 14:00:00,4101.92
2024-08-22 15:00:00,4129.77
2024-08-22 16:00:00,4052.37
2024-08-22 17:00:00,4295.97
2024-08-22 18:00:00,4442.82
2024-08-22 19:00:00,4573.93
2024-08-22 20:00:00,4873.23
2024-08-22 21:00:00,4686.23
2024-08-22 22:00:00,3951.82
2024-08-22 23:00:00,3168.22
2024-08-23 00:00:00,2391.31
2024-08-23 01:00:00,2318.07
2024-08-23 02:00:00,2252.79
2024-08-23 03:00:00,2231.45
2024-08-23 04:00:00,2355.69
2024-08-23 05:00:00,3029.33
2024-08-23 06:00:00,4209.17
2024-08-23 07:00:00,4909.58
2024-08-23 08:00:00,5336.37
2024-08-23 09:00:00,5307.26
2024-08-23 10:00:00,4997.65
2024-08-23 11:00:00,4362.16
2024-08-23 12:00:00,4217.85
2024-08-23 13:00:00,3998.3
2024-08-23 14:00:00,3929.76
2024-08-23 15:00:00,4118.56
2024-08-23 16:00:00,4115.13
2024-08-23 17:00:00,4378.8
2024-08-23 18:00:00,4656.21
2024-08-23 19:00:00,4885.71
2024-08-23 20:00:00,5053.17
2024-08-23 21:00:00,4872.87
2024-08-23 22:00:00,4268.84
2024-08-23 23:00:00,3478.01
2024-08-24 00:00:00,2677.59
2024-08-24 01:00:00,2431.64
2024-08-24 02:00:00,2208.66
2024-08-24 03:00:00,2273.76
2024-08-24 04:00:00,2361.29
2024-08-24 05:00:00,3022.82
2024-08-24 06:00:00,4186.02
2024-08-24 07:00:00,4991.32
2024-08-24 08:00:00,5127.13
2024-08-24 09:00:00,5200.38
2024-08-24 10:00:00,4853.52
2024-08-24 11:00:00,4262.88
2024-08-24 12:00:00,3947.12
2024-08-24 13:00:00,3776.4
2024-08-24 14:00:00,3878.22
2024-08-24 15:00:00,3994.5
2024-08-24 16:00:00,3865.38
2024-08-24 17:00:00,4131.76
2024-08-24 18:00:00,4154.91
2024-08-24 19:00:00,4258.72
2024-08-24 20:00:00,4483.15
2024-08-24 21:00:00,4335.76
2024-08-24 22:00:00,3752.53
2024-08-24 23:00:00,2870.55
2024-08-25 00:00:00,2266.71
2024-08-25 01:00:00,2148.8
2024-08-25 02:00:00,2222.22
2024-08-25 03:00:00,2283.89
2024-08-25 04:00:00,2410.3
2024-08-25 05:00:00,2874.71
2024-08-25 06:00:00,4342.63
2024-08-25 07:00:00,4926.4
2024-08-25 08:00:00,5373.63
2024-08-25 09:00:00,5065.65
2024-08-25 10:00:00,4741.57
2024-08-25 11:00:00,4419.49
2024-08-25 12:00:00,3797.38
2024-08-25 13:00:00,3734.45
2024-08-25 14:00:00,3596.82
2024-08-25 15:00:00,3874.96
2024-08-25 16:00:00,3875.14
2024-08-25 17:00:00,4423.29
2024-08-25 18:00:00,4528.18
2024-08-25 19:00:00,4777.02
2024-08-25 20:00:00,4833.62
2024-08-25 21:00:00,4742.48
2024-08-25 22:00:00,3999.75
2024-08-25 23:00:00,3137.3
2024-08-26 00:00:00,2471.06
2024-08-26 01:00:00,2219.15
2024-08-26 02:00:00,2163.45
2024-08-26 03:00:00,2173.03
2024-08-26 04:00:00,2302.34
2024-08-26 05:00:00,2820.82
2024-08-26 06:00:00,4157.26
2024-08-26 07:00:00,4981.19
2024-08-26 08:00:00,5770.94
2024-08-26 09:00:00,5557.18
2024-08-26 10:00:00,4913.38
2024-08-26 11:00:00,4688.22
2024-08-26 12:00:00,4484.77
2024-08-26 13:00:00,4457.1
2024-08-26 14:00:00,4452.94
2024-08-26 15:00:00,4357.28
2024-08-26 16:00:00,4261.97
2024-08-26 17:00:00,4747.72
2024-08-26 18:00:00,4835.43
2024-08-26 19:00:00,5262.04
2024-08-26 20:00:00,5248.48
2024-08-26 21:00:00,4969.8
2024-08-26 22:00:00,4019.82
2024-08-26 23:00:00,3309.1
2024-08-27 00:00:00,2621.89
2024-08-27 01:00:00,2431.64
2024-08-27 02:00:00,2365.63
2024-08-27 03:00:00,2402.16
2024-08-27 04:00:00,2637.08
2024-08-27 05:00:00,3227.72
2024-08-27 06:00:00,4157.44
2024-08-27 07:00:00,4568.87
2024-08-27 08:00:00,4417.86
2024-08-27 09:00:00,4434.32
2024-08-27 10:00:00,4483.15
2024-08-27 11:00:00,4167.57
2024-08-27 12:00:00,4168.29
2024-08-27 13:00:00,3860.32
2024-08-27 14:00:00,4081.31
2024-08-27 15:00:00,4142.07
2024-08-27 16:00:00,4103.55
2024-08-27 17:00:00,4463.79
2024-08-27 18:00:00,4483.51
2024-08-27 19:00:00,4830.19
2024-08-27 20:00:00,4665.98
2024-08-27 21:00:00,4625.47
2024-08-27 22:00:00,4256.55
2024-08-27 23:00:00,3281.07
2024-08-28 00:00:00,2471.79
2024-08-28 01:00:00,2284.61
2024-08-28 02:00:00,2248.99
2024-08-28 03:00:00,2249.35
2024-08-28 04:00:00,2359.3
2024-08-28 05:00:00,2765.84
2024-08-28 06:00:00,3771.88
2024-08-28 07:00:00,4447.52
2024-08-28 08:00:00,4277.16
2024-08-28 09:00:00,4183.3
2024-08-28 10:00:00,4284.94
2024-08-28 11:00:00,3972.98
2024-08-28 12:00:00,3986.73
2024-08-28 13:00:00,3865.2
2024-08-28 14:00:00,3861.22
2024-08-28 15:00:00,3987.81
2024-08-28 16:00:00,3843.32
2024-08-28 17:00:00,4216.58
2024-08-28 18:00:00,4171.37
2024-08-28 19:00:00,4385.67
2024-08-28 20:00:00,4559.46
2024-08-28 21:00:00,4532.15
2024-08-28 22:00:00,3867.19
2024-08-28 23:00:00,3007.99
2024-08-29 00:00:00,2388.6
2024-08-29 01:00:00,2243.2
2024-08-29 02:00:00,2174.12
2024-08-29 03:00:00,2188.22
2024-08-29 04:00:00,2301.79
2024-08-29 05:00:00,2495.3
2024-08-29 06:00:00,3795.57
2024-08-29 07:00:00,4541.74
2024-08-29 08:00:00,4728.73
2024-08-29 09:00:00,4820.96
2024-08-29 10:00:00,4760.92
2024-08-29 11:00:00,4419.49
2024-08-29 12:00:00,4086.37
2024-08-29 13:00:00,3899.92
2024-08-29 14:00:00,3935.19
2024-08-29 15:00:00,4001.92
2024-08-29 16:00:00,3857.78
2024-08-29 17:00:00,3555.95
2024-08-29 18:00:00,4266.31
2024-08-29 19:00:00,4451.14
2024-08-29 20:00:00,4763.64
2024-08-29 21:00:00,4583.15
2024-08-29 22:00:00,3810.94
2024-08-29 23:00:00,3182.87
2024-08-30 00:00:00,2416.81
2024-08-30 01:00:00,2213.72
2024-08-30 02:00:00,2189.67
2024-08-30 03:00:00,2114.8
2024-08-30 04:00:00,2269.24
2024-08-30 05:00:00,2595.31
2024-08-30 06:00:00,3986.55
2024-08-30 07:00:00,4973.6
2024-08-30 08:00:00,5196.4
2024-08-30 09:00:00,4972.69
2024-08-30 10:00:00,4926.94
2024-08-30 11:00:00,4352.03
2024-08-30 12:00:00,4205.91
2024-08-30 13:00:00,4020.36
2024-08-30 14:00:00,3693.58
2024-08-30 15:00:00,3735.89
2024-08-30 16:00:00,4152.38
2024-08-30 17:00:00,4456.2
2024-08-30 18:00:00,3724.32
2024-08-30 19:00:00,4485.32
2024-08-30 20:00:00,4594.55
2024-08-30 21:00:00,4702.51
2024-08-30 22:00:00,3876.23
2024-08-30 23:00:00,3268.95
2024-08-31 00:00:00,2844.69
2024-08-31 01:00:00,2658.78
2024-08-31 02:00:00,2554.07
2024-08-31 03:00:00,2521.34
2024-08-31 04:00:00,2663.48
2024-08-31 05:00:00,3036.39
2024-08-31 06:00:00,4221.28
2024-08-31 07:00:00,5001.81
2024-08-31 08:00:00,5172.35
2024-08-31 09:00:00,5026.04
2024-08-31 10:00:00,4964.55
2024-08-31 11:00:00,4400.5
2024-08-31 12:00:00,4236.83
2024-08-31 13:00:00,3819.08
2024-08-31 14:00:00,3677.48
2024-08-31 15:00:00,3843.86
2024-08-31 16:00:00,3953.45
2024-08-31 17:00:00,4256.18
2024-08-31 18:00:00,4335.03
2024-08-31 19:00:00,4364.33
2024-08-31 20:00:00,4595.45
2024-08-31 21:00:00,4582.61
2024-08-31 22:00:00,3802.63
2024-08-31 23:00:00,3271.85
2024-09-01 00:00:00,2460.94
2024-09-01 01:00:00,2332.9
2024-09-01 02:00:00,2196.36
2024-09-01 03:00:00,2129.99
2024-09-01 04:00:00,2264.36
2024-09-01 05:00:00,2632.92
2024-09-01 06:00:00,3789.42
2024-09-01 07:00:00,4785.88
2024-09-01 08:00:00,5206.89
2024-09-01 09:00:00,4987.34
2024-09-01 10:00:00,4823.68
2024-09-01 11:00:00,4198.86
2024-09-01 12:00:00,4023.44
2024-09-01 13:00:00,3844.04
2024-09-01 14:00:00,3904.98
2024-09-01 15:00:00,4082.03
2024-09-01 16:00:00,4174.99
2024-09-01 17:00:00,4352.58
2024-09-01 18:00:00,4481.88
2024-09-01 19:00:00,4606.84
2024-09-01 20:00:00,4818.43
2024-09-01 21:00:00,4523.29
2024-09-01 22:00:00,3743.67
2024-09-01 23:00:00,2920.46
2024-09-02 00:00:00,2373.77
2024-09-02 01:00:00,2310.11
2024-09-02 02:00:00,2157.66
2024-09-02 03:00:00,2189.67
2024-09-02 04:00:00,2324.58
2024-09-02 05:00:00,2696.4
2024-09-02 06:00:00,4148.22
2024-09-02 07:00:00,5162.58
2024-09-02 08:00:00,5285.55
2024-09-02 09:00:00,5289.35
2024-09-02 10:00:00,4872.5
2024-09-02 11:00:00,4445.89
2024-09-02 12:00:00,3952.73
2024-09-02 13:00:00,3808.05
2024-09-02 14:00:00,3903.72
2024-09-02 15:00:00,4008.07
2024-09-02 16:00:00,4096.14
2024-09-02 17:00:00,5077.58
2024-09-02 18:00:00,5138.89
2024-09-02 19:00:00,5308.34
2024-09-02 20:00:00,5531.32
2024-09-02 21:00:00,5186.63
2024-09-02 22:00:00,4396.7
2024-09-02 23:00:00,3829.57
2024-09-03 00:00:00,2721.17
2024-09-03 01:00:00,2239.76
2024-09-03 02:00:00,2166.16
2024-09-03 03:00:00,2147.53
2024-09-03 04:00:00,2374.13
2024-09-03 05:00:00,2786.1
2024-09-03 06:00:00,4432.51
2024-09-03 07:00:00,5463.32
2024-09-03 08:00:00,5505.64
2024-09-03 09:00:00,5380.5
2024-09-03 10:00:00,4905.96
2024-09-03 11:00:00,4200.12
2024-09-03 12:00:00,4195.24
2024-09-03 13:00:00,3957.61
2024-09-03 14:00:00,3987.99
2024-09-03 15:00:00,4284.76
2024-09-03 16:00:00,4302.66
2024-09-03 17:00:00,4498.52
2024-09-03 18:00:00,4788.41
2024-09-03 19:00:00,4917.9
2024-09-03 20:00:00,4983.72
2024-09-03 21:00:00,5144.49
2024-09-03 22:00:00,4773.22
2024-09-03 23:00:00,3345.27
2024-09-04 00:00:00,2587.17
2024-09-04 01:00:00,2446.65
2024-09-04 02:00:00,2351.16
2024-09-04 03:00:00,2403.07
2024-09-04 04:00:00,2580.84
2024-09-04 05:00:00,2878.33
2024-09-04 06:00:00,4509.91
2024-09-04 07:00:00,5436.2
2024-09-04 08:00:00,5277.6
2024-09-04 09:00:00,5431.86
2024-09-04 10:00:00,5331.67
2024-09-04 11:00:00,5084.09
2024-09-04 12:00:00,4810.47
2024-09-04 13:00:00,3913.48
2024-09-04 14:00:00,4108.25
2024-09-04 15:00:00,4225.98
2024-09-04 16:00:00,4271.19
2024-09-04 17:00:00,4775.03
2024-09-04 18:00:00,4742.48
2024-09-04 19:00:00,4906.32
2024-09-04 20:00:00,4856.05
2024-09-04 21:00:00,4764.72
2024-09-04 22:00:00,3941.51
2024-09-04 23:00:00,3196.8
2024-09-05 00:00:00,2489.15
2024-09-05 01:00:00,2291.85
2024-09-05 02:00:00,2183.88
2024-09-05 03:00:00,2229.64
2024-09-05 04:00:00,2374.49
2024-09-05 05:00:00,2854.82
2024-09-05 06:00:00,5016.28
2024-09-05 07:00:00,5870.04
2024-09-05 08:00:00,5914.71
2024-09-05 09:00:00,5550.13
2024-09-05 10:00:00,5087.71
2024-09-05 11:00:00,4438.84
2024-09-05 12:00:00,3828.67
2024-09-05 13:00:00,3853.08
2024-09-05 14:00:00,3834.27
2024-09-05 15:00:00,4091.25
2024-09-05 16:00:00,3951.28
2024-09-05 17:00:00,4210.07
2024-09-05 18:00:00,4626.92
2024-09-05 19:00:00,4811.92
2024-09-05 20:00:00,4981.92
2024-09-05 21:00:00,4749.89
2024-09-05 22:00:00,4090.35
2024-09-05 23:00:00,3734.63
2024-09-06 00:00:00,2692.96
2024-09-06 01:00:00,2595.67
2024-09-06 02:00:00,2527.67
2024-09-06 03:00:00,2568.36
2024-09-06 04:00:00,2662.22
2024-09-06 05:00:00,3077.8
2024-09-06 06:00:00,4496.89
2024-09-06 07:00:00,5350.84
2024-09-06 08:00:00,5507.63
2024-09-06 09:00:00,5479.78
2024-09-06 10:00:00,5152.81
2024-09-06 11:00:00,4535.77
2024-09-06 12:00:00,4421.3
2024-09-06 13:00:00,4081.31
2024-09-06 14:00:00,4102.47
2024-09-06 15:00:00,4313.33
2024-09-06 16:00:00,4361.26
2024-09-06 17:00:00,4704.32
2024-09-06 18:00:00,4582.25
2024-09-06 19:00:00,4639.94
2024-09-06 20:00:00,4738.14
2024-09-06 21:00:00,5098.2
2024-09-06 22:00:00,4233.4
2024-09-06 23:00:00,3434.61
2024-09-07 00:00:00,2452.62
2024-09-07 01:00:00,2243.38
2024-09-07 02:00:00,2192.93
2024-09-07 03:00:00,2229.28
2024-09-07 04:00:00,2372.69
2024-09-07 05:00:00,2691.33
2024-09-07 06:00:00,4264.14
2024-09-07 07:00:00,5129.3
2024-09-07 08:00:00,5540.91
2024-09-07 09:00:00,5400.57
2024-09-07 10:00:00,5070.89
2024-09-07 11:00:00,4371.74
2024-09-07 12:00:00,4122.0
2024-09-07 13:00:00,4049.66
2024-09-07 14:00:00,4041.34
2024-09-07 15:00:00,4028.5
2024-09-07 16:00:00,4073.35
2024-09-07 17:00:00,4699.98
2024-09-07 18:00:00,5195.67
2024-09-07 19:00:00,4766.35
2024-09-07 20:00:00,4547.53
2024-09-07 21:00:00,4443.18
2024-09-07 22:00:00,3662.65
2024-09-07 23:00:00,3130.24
2024-09-08 00:00:00,2391.67
2024-09-08 01:00:00,2134.87
2024-09-08 02:00:00,2075.2
2024-09-08 03:00:00,2135.24
2024-09-08 04:00:00,2385.53
2024-09-08 05:00:00,2731.3
2024-09-08 06:00:00,4349.14
2024-09-08 07:00:00,4996.56
2024-09-08 08:00:00,5364.76
2024-09-08 09:00:00,5215.02
2024-09-08 10:00:00,4939.6
2024-09-08 11:00:00,4329.07
2024-09-08 12:00:00,4086.37
2024-09-08 13:00:00,3721.79
2024-09-08 14:00:00,3852.54
2024-09-08 15:00:00,3978.41
2024-09-08 16:00:00,4140.08
2024-09-08 17:00:00,5042.14
2024-09-08 18:00:00,5228.05
2024-09-08 19:00:00,4789.68
2024-09-08 20:00:00,4511.72
2024-09-08 21:00:00,4382.78
2024-09-08 22:00:00,3603.88
2024-09-08 23:00:00,3027.16
2024-09-09 00:00:00,2284.25
2024-09-09 01:00:00,2110.46
2024-09-09 02:00:00,2133.61
2024-09-09 03:00:00,2187.5
2024-09-09 04:00:00,2324.58
2024-09-09 05:00:00,3009.26
2024-09-09 06:00:00,4426.0
2024-09-09 07:00:00,5432.04
2024-09-09 08:00:00,4765.26
2024-09-09 09:00:00,4708.66
2024-09-09 10:00:00,4647.71
2024-09-09 11:00:00,4091.07
2024-09-09 12:00:00,4071.36
2024-09-09 13:00:00,4603.23
2024-09-09 14:00:00,4778.46
2024-09-09 15:00:00,4929.83
2024-09-09 16:00:00,4816.44
2024-09-09 17:00:00,4938.87
2024-09-09 18:00:00,4689.31
2024-09-09 19:00:00,4991.86
2024-09-09 20:00:00,5146.48
2024-09-09 21:00:00,4896.92
2024-09-09 22:00:00,4138.64
2024-09-09 23:00:00,2992.98
2024-09-10 00:00:00,2432.0
2024-09-10 01:00:00,2271.05
2024-09-10 02:00:00,2312.83
2024-09-10 03:00:00,2261.47
2024-09-10 04:00:00,2450.63
2024-09-10 05:00:00,2792.25
2024-09-10 06:00:00,4603.05
2024-09-10 07:00:00,5442.71
2024-09-10 08:00:00,5755.03
2024-09-10 09:00:00,5427.52
2024-09-10 10:00:00,5636.39
2024-09-10 11:00:00,4836.15
2024-09-10 12:00:00,4531.79
2024-09-10 13:00:00,4570.67
2024-09-10 15:00:00,4762.01
2024-09-10 16:00:00,4394.71
2024-09-10 17:00:00,4640.12
2024-09-10 18:00:00,4561.45
2024-09-10 19:00:00,4586.77
2024-09-10 20:00:00,4826.21
2024-09-10 21:00:00,4660.92
2024-09-10 22:00:00,4078.41
2024-09-10 23:00:00,2849.93
2024-09-11 00:00:00,2235.24
2024-09-11 01:00:00,2069.23
2024-09-11 02:00:00,2061.09
2024-09-11 03:00:00,2109.38
2024-09-11 04:00:00,2284.79
2024-09-11 05:00:00,2737.63
2024-09-11 06:00:00,4295.97
2024-09-11 07:00:00,5066.55
2024-09-11 08:00:00,5196.94
2024-09-11 09:00:00,5206.52
2024-09-11 10:00:00,4907.05
2024-09-11 11:00:00,4215.31
2024-09-11 12:00:00,4324.0
2024-09-11 13:00:00,4411.35
2024-09-11 14:00:00,4473.56
2024-09-11 15:00:00,4381.33
2024-09-11 16:00:00,4037.36
2024-09-11 17:00:00,4084.74
2024-09-11 18:00:00,4200.48
2024-09-11 19:00:00,4427.99
2024-09-11 20:00:00,4655.31
2024-09-11 21:00:00,4304.47
2024-09-11 22:00:00,3769.53
2024-09-11 23:00:00,2590.42
2024-09-12 00:00:00,2173.94
2024-09-12 01:00:00,2036.49
2024-09-12 02:00:00,1997.61
2024-09-12 03:00:00,2019.5
2024-09-12 04:00:00,2087.31
2024-09-12 05:00:00,2348.45
2024-09-12 06:00:00,3788.34
2024-09-12 07:00:00,4270.47
2024-09-12 08:00:00,4247.14
2024-09-12 09:00:00,4240.27
2024-09-12 10:00:00,4182.76
2024-09-12 11:00:00,3707.5
2024-09-12 12:00:00,3355.4
2024-09-12 13:00:00,3779.3
2024-09-12 14:00:00,3360.46
2024-09-12 15:00:00,3599.36
2024-09-12 16:00:00,4449.69
2024-09-12 17:00:00,4418.22
2024-09-12 18:00:00,3945.13
2024-09-12 19:00:00,4118.2
2024-09-12 20:00:00,4366.5
2024-09-12 21:00:00,4181.86
2024-09-12 22:00:00,3341.65
2024-09-12 23:00:00,2698.03
2024-09-13 00:00:00,2116.61
2024-09-13 01:00:00,1978.08
2024-09-13 02:00:00,1987.12
2024-09-13 03:00:00,1938.11
2024-09-13 04:00:00,2135.78
2024-09-13 05:00:00,2523.69
2024-09-13 06:00:00,3538.77
2024-09-13 07:00:00,4234.3
2024-09-13 08:00:00,4334.85
2024-09-13 09:00:00,4480.79
2024-09-13 10:00:00,4220.74
2024-09-13 11:00:00,3655.42
2024-09-13 12:00:00,3866.64
2024-09-13 13:00:00,3555.95
2024-09-13 14:00:00,3784.54
2024-09-13 15:00:00,3682.0
2024-09-13 16:00:00,3747.83
2024-09-13 17:00:00,3725.95
2024-09-13 18:00:00,3789.24
2024-09-13 19:00:00,4041.88
2024-09-13 20:00:00,4322.55
2024-09-13 21:00:00,4330.87
2024-09-13 22:00:00,3447.81
2024-09-13 23:00:00,3033.31
2024-09-14 00:00:00,2530.56
2024-09-14 01:00:00,2423.32
2024-09-14 02:00:00,2372.32
2024-09-14 03:00:00,2352.43
2024-09-14 04:00:00,2155.49
2024-09-14 05:00:00,2518.08
2024-09-14 06:00:00,3830.3
2024-09-14 07:00:00,4418.58
2024-09-14 08:00:00,4350.59
2024-09-14 09:00:00,4452.76
2024-09-14 10:00:00,4369.94
2024-09-14 11:00:00,3909.69
2024-09-14 12:00:00,3741.32
2024-09-14 13:00:00,3768.08
2024-09-14 14:00:00,3860.13
2024-09-14 15:00:00,3785.63
2024-09-14 16:00:00,3864.11
2024-09-14 17:00:00,3993.6
2024-09-14 18:00:00,4011.14
2024-09-14 19:00:00,4027.6
2024-09-14 20:00:00,4212.6
2024-09-14 21:00:00,4209.17
2024-09-14 22:00:00,3750.18
2024-09-14 23:00:00,3075.27
2024-09-15 00:00:00,2302.88
2024-09-15 01:00:00,1987.85
2024-09-15 02:00:00,2040.29
2024-09-15 03:00:00,2196.36
2024-09-15 04:00:00,2344.65
2024-09-15 05:00:00,2556.42
2024-09-15 06:00:00,3665.36
2024-09-15 07:00:00,4235.75
2024-09-15 08:00:00,4497.61
2024-09-15 09:00:00,4501.59
2024-09-15 10:00:00,4378.8
2024-09-15 11:00:00,3856.52
2024-09-15 12:00:00,3750.54
2024-09-15 13:00:00,3668.44
2024-09-15 14:00:00,3696.83
2024-09-15 15:00:00,3749.28
2024-09-15 16:00:00,3678.02
2024-09-15 17:00:00,3859.59
2024-09-15 18:00:00,3867.37
2024-09-15 19:00:00,3710.21
2024-09-15 20:00:00,3933.92
2024-09-15 21:00:00,3876.77
2024-09-15 22:00:00,3522.86
2024-09-15 23:00:00,2683.74
2024-09-16 00:00:00,2111.55
2024-09-16 01:00:00,1903.21
2024-09-16 02:00:00,1804.47
2024-09-16 03:00:00,1837.93
2024-09-16 04:00:00,1967.23
2024-09-16 05:00:00,2191.3
2024-09-16 06:00:00,3356.3
2024-09-16 07:00:00,4554.76
2024-09-16 08:00:00,4458.19
2024-09-16 09:00:00,4284.94
2024-09-16 10:00:00,4290.0
2024-09-16 11:00:00,3655.24
2024-09-16 12:00:00,3505.32
2024-09-16 13:00:00,3317.78
2024-09-16 14:00:00,3819.08
2024-09-16 15:00:00,3340.57
2024-09-16 16:00:00,3300.42
2024-09-16 17:00:00,3762.48
2024-09-16 18:00:00,3770.8
2024-09-16 19:00:00,3789.97
2024-09-16 20:00:00,3840.06
2024-09-16 21:00:00,3747.83
2024-09-16 22:00:00,3276.73
2024-09-16 23:00:00,2669.27
2024-09-17 00:00:00,2009.73
2024-09-17 01:00:00,1848.96
2024-09-17 02:00:00,1781.14
2024-09-17 03:00:00,1752.39
2024-09-17 04:00:00,1897.24
2024-09-17 05:00:00,2457.14
2024-09-17 06:00:00,3090.28
2024-09-17 07:00:00,3673.68
2024-09-17 08:00:00,3947.48
2024-09-17 09:00:00,4205.37
2024-09-17 10:00:00,4113.5
2024-09-17 11:00:00,3554.87
2024-09-17 12:00:00,3410.37
2024-09-17 13:00:00,3471.14
2024-09-17 14:00:00,3831.74
2024-09-17 15:00:00,3728.48
2024-09-17 16:00:00,3258.64
2024-09-17 17:00:00,3573.13
2024-09-17 18:00:00,3610.03
2024-09-17 19:00:00,4027.96
2024-09-17 20:00:00,4131.4
2024-09-17 21:00:00,3784.54
2024-09-17 22:00:00,3115.6
2024-09-17 23:00:00,2556.6
2024-09-18 00:00:00,1910.08
2024-09-18 01:00:00,1883.68
2024-09-18 02:00:00,1836.48
2024-09-18 03:00:00,1841.72
2024-09-18 04:00:00,2002.5
2024-09-18 05:00:00,2184.24
2024-09-18 06:00:00,3938.44
2024-09-18 07:00:00,4983.54
2024-09-18 08:00:00,4987.16
2024-09-18 09:00:00,5108.33
2024-09-18 10:00:00,4648.8
2024-09-18 11:00:00,4229.24
2024-09-18 12:00:00,4137.19
2024-09-18 13:00:00,3984.56
2024-09-18 14:00:00,4061.96
2024-09-18 15:00:00,3928.86
2024-09-18 16:00:00,4097.58
2024-09-18 17:00:00,4132.49
2024-09-18 18:00:00,4307.54
2024-09-18 19:00:00,4388.56
2024-09-18 20:00:00,5098.2
2024-09-18 21:00:00,4967.45
2024-09-18 22:00:00,3744.94
2024-09-18 23:00:00,2840.71
2024-09-19 00:00:00,2112.45
2024-09-19 01:00:00,1956.38
2024-09-19 02:00:00,1940.47
2024-09-19 03:00:00,1915.33
2024-09-19 04:00:00,2090.57
2024-09-19 05:00:00,2387.51
2024-09-19 06:00:00,4106.81
2024-09-19 07:00:00,4918.44
2024-09-19 08:00:00,4792.03
2024-09-19 09:00:00,4836.88
2024-09-19 10:00:00,4381.51
2024-09-19 11:00:00,3965.57
2024-09-19 12:00:00,3760.85
2024-09-19 13:00:00,3755.79
2024-09-19 14:00:00,3887.44
2024-09-19 15:00:00,3661.75
2024-09-19 16:00:00,3480.18
2024-09-19 17:00:00,3606.05
2024-09-19 18:00:00,4262.51
2024-09-19 19:00:00,4410.26
2024-09-19 20:00:00,4658.2
2024-09-19 21:00:00,4485.86
2024-09-19 22:00:00,3704.07
2024-09-19 23:00:00,2635.81
2024-09-20 00:00:00,2197.45
2024-09-20 01:00:00,2045.72
2024-09-20 02:00:00,1963.79
2024-09-20 03:00:00,1951.32
2024-09-20 04:00:00,2112.99
2024-09-20 05:00:00,2391.67
2024-09-20 06:00:00,4895.29
2024-09-20 07:00:00,5533.67
2024-09-20 08:00:00,5103.62
2024-09-20 09:00:00,4904.88
2024-09-20 10:00:00,4564.34
2024-09-20 11:00:00,4369.03
2024-09-20 12:00:00,3949.47
2024-09-20 13:00:00,3690.14
2024-09-20 14:00:00,3976.96
2024-09-20 15:00:00,4023.44
2024-09-20 16:00:00,4087.64
2024-09-20 17:00:00,4142.25
2024-09-20 18:00:00,4229.78
2024-09-20 19:00:00,4256.55
2024-09-20 20:00:00,4654.59
2024-09-20 21:00:00,4440.65
2024-09-20 22:00:00,3763.2
2024-09-20 23:00:00,2929.33
2024-09-21 00:00:00,2241.21
2024-09-21 01:00:00,1998.16
2024-09-21 02:00:00,1963.25
2024-09-21 03:00:00,1939.56
2024-09-21 04:00:00,2103.77
2024-09-21 05:00:00,2286.06
2024-09-21 06:00:00,3919.99
2024-09-21 07:00:00,4882.09
2024-09-21 08:00:00,5315.39
2024-09-21 09:00:00,5418.29
2024-09-21 10:00:00,4566.88
2024-09-21 11:00:00,4114.22
2024-09-21 12:00:00,3872.25
2024-09-21 13:00:00,3847.48
2024-09-21 14:00:00,3949.83
2024-09-21 15:00:00,3973.71
2024-09-21 16:00:00,3923.79
2024-09-21 17:00:00,3983.65
2024-09-21 18:00:00,3884.73
2024-09-21 19:00:00,3993.24
2024-09-21 20:00:00,4129.23
2024-09-21 21:00:00,3991.61
2024-09-21 22:00:00,3579.64
2024-09-21 23:00:00,2404.88
2024-09-22 00:00:00,2079.72
2024-09-22 01:00:00,1944.81
2024-09-22 02:00:00,1827.62
2024-09-22 03:00:00,1820.2
2024-09-22 04:00:00,1991.28
2024-09-22 05:00:00,2486.44
2024-09-22 06:00:00,3515.26
2024-09-22 07:00:00,4319.3
2024-09-22 08:00:00,4688.22
2024-09-22 09:00:00,4769.06
2024-09-22 10:00:00,4343.53
2024-09-22 11:00:00,4012.95
2024-09-22 12:00:00,3795.57
2024-09-22 13:00:00,3649.45
2024-09-22 14:00:00,3829.93
2024-09-22 15:00:00,4342.45
2024-09-22 16:00:00,4385.67
2024-09-22 17:00:00,4168.48
2024-09-22 18:00:00,3965.75
2024-09-22 19:00:00,4167.03
2024-09-22 20:00:00,4378.07
2024-09-22 21:00:00,4420.57
2024-09-22 22:00:00,3387.95
2024-09-22 23:00:00,2766.75
2024-09-23 00:00:00,1985.68
2024-09-23 01:00:00,1835.03
2024-09-23 02:00:00,1837.2
2024-09-23 03:00:00,1821.11
2024-09-23 04:00:00,1972.84
2024-09-23 05:00:00,2236.69
2024-09-23 06:00:00,3970.45
2024-09-23 07:00:00,5175.6
2024-09-23 08:00:00,5001.81
2024-09-23 09:00:00,5090.06
2024-09-23 10:00:00,4843.93
2024-09-23 11:00:00,3551.97
2024-09-23 12:00:00,3392.29
2024-09-23 13:00:00,3412.18
2024-09-23 14:00:00,4338.83
2024-09-23 15:00:00,4457.83
2024-09-23 16:00:00,4611.18
2024-09-23 17:00:00,4732.35
2024-09-23 18:00:00,4207.36
2024-09-23 19:00:00,4160.88
2024-09-23 20:00:00,4388.93
2024-09-23 21:00:00,4205.73
2024-09-23 22:00:00,3684.9
2024-09-23 23:00:00,2663.48
2024-09-24 00:00:00,2067.06
2024-09-24 01:00:00,2014.25
2024-09-24 02:00:00,1814.78
2024-09-24 03:00:00,1847.15
2024-09-24 04:00:00,2046.44
2024-09-24 05:00:00,2294.56
2024-09-24 06:00:00,4119.29
2024-09-24 07:00:00,4774.67
2024-09-24 08:00:00,5013.2
2024-09-24 09:00:00,4890.77
2024-09-24 10:00:00,4731.45
2024-09-24 11:00:00,4059.43
2024-09-24 12:00:00,3884.73
2024-09-24 13:00:00,3895.94
2024-09-24 14:00:00,4083.48
2024-09-24 15:00:00,4285.66
2024-09-24 16:00:00,4471.57
2024-09-24 17:00:00,4836.7
2024-09-24 18:00:00,4344.44
2024-09-24 19:00:00,4379.16
2024-09-24 20:00:00,4657.48
2024-09-24 21:00:00,4475.55
2024-09-24 22:00:00,3722.87
2024-09-24 23:00:00,2935.47
2024-09-25 00:00:00,1993.45
2024-09-25 01:00:00,1843.53
2024-09-25 02:00:00,1877.35
2024-09-25 03:00:00,1874.64
2024-09-25 04:00:00,1963.98
2024-09-25 05:00:00,2519.89
2024-09-25 06:00:00,4037.72
2024-09-25 07:00:00,4887.51
2024-09-25 08:00:00,4914.82
2024-09-25 09:00:00,4834.17
2024-09-25 10:00:00,4929.83
2024-09-25 11:00:00,4069.55
2024-09-25 12:00:00,3875.87
2024-09-25 13:00:00,3822.7
2024-09-25 14:00:00,4202.47
2024-09-25 15:00:00,4196.87
2024-09-25 16:00:00,4175.17
2024-09-25 17:00:00,4258.9
2024-09-25 18:00:00,4319.12
2024-09-25 19:00:00,4276.26
2024-09-25 20:00:00,5158.24
2024-09-25 21:00:00,4930.74
2024-09-25 22:00:00,3619.25
2024-09-25 23:00:00,2652.27
2024-09-26 00:00:00,2135.42
2024-09-26 01:00:00,1965.97
2024-09-26 02:00:00,1867.4
2024-09-26 03:00:00,1875.0
2024-09-26 04:00:00,1994.36
2024-09-26 05:00:00,2271.05
2024-09-26 06:00:00,3909.69
2024-09-26 07:00:00,4883.72
2024-09-26 08:00:00,4919.89
2024-09-26 09:00:00,4983.36
2024-09-26 10:00:00,4721.32
2024-09-26 11:00:00,4087.64
2024-09-26 12:00:00,4109.34
2024-09-26 13:00:00,3754.16
2024-09-26 14:00:00,3997.76
2024-09-26 15:00:00,3908.24
2024-09-26 16:00:00,4290.36
2024-09-26 17:00:00,4389.11
2024-09-26 18:00:00,4083.12
2024-09-26 19:00:00,4553.86
2024-09-26 20:00:00,4935.44
2024-09-26 21:00:00,4449.33
2024-09-26 22:00:00,4189.63
2024-09-26 23:00:00,2701.64
2024-09-27 00:00:00,1932.87
2024-09-27 01:00:00,1816.04
2024-09-27 02:00:00,1784.58
2024-09-27 03:00:00,1832.5
2024-09-27 04:00:00,2013.53
2024-09-27 05:00:00,2298.9
2024-09-27 06:00:00,4041.16
2024-09-27 07:00:00,4884.44
2024-09-27 08:00:00,5089.34
2024-09-27 09:00:00,4968.53
2024-09-27 10:00:00,4769.42
2024-09-27 11:00:00,3901.73
2024-09-27 12:00:00,4069.91
2024-09-27 13:00:00,3928.49
2024-09-27 14:00:00,4208.8
2024-09-27 15:00:00,4174.08
2024-09-27 16:00:00,3927.23
2024-09-27 17:00:00,4026.69
2024-09-27 18:00:00,4059.06
2024-09-27 19:00:00,4007.88
2024-09-27 20:00:00,4964.92
2024-09-27 21:00:00,4760.74
2024-09-27 22:00:00,3443.83
2024-09-27 23:00:00,2698.21
2024-09-28 00:00:00,2022.93
2024-09-28 01:00:00,1859.81
2024-09-28 02:00:00,1816.59
2024-09-28 03:00:00,1758.9
2024-09-28 04:00:00,1986.04
2024-09-28 05:00:00,2349.9
2024-09-28 06:00:00,3779.66
2024-09-28 07:00:00,4806.5
2024-09-28 08:00:00,5034.54
2024-09-28 09:00:00,5014.83
2024-09-28 10:00:00,4790.76
2024-09-28 11:00:00,4167.39
2024-09-28 12:00:00,3973.52
2024-09-28 13:00:00,3924.15
2024-09-28 14:00:00,4021.27
2024-09-28 15:00:00,3931.75
2024-09-28 16:00:00,4008.97
2024-09-28 17:00:00,4072.99
2024-09-28 18:00:00,4122.72
2024-09-28 19:00:00,3093.35
2024-09-28 20:00:00,4528.36
2024-09-28 21:00:00,4427.99
2024-09-28 22:00:00,3987.45
2024-09-28 23:00:00,1897.61
2024-09-29 00:00:00,1999.78
2024-09-29 01:00:00,2003.22
2024-09-29 02:00:00,1931.79
2024-09-29 03:00:00,1884.58
2024-09-29 04:00:00,2031.07
2024-09-29 05:00:00,2796.22
2024-09-29 06:00:00,4588.94
2024-09-29 07:00:00,5299.84
2024-09-29 08:00:00,5011.03
2024-09-29 09:00:00,4847.91
2024-09-29 10:00:00,4836.34
2024-09-29 11:00:00,4067.93
2024-09-29 12:00:00,3788.34
2024-09-29 13:00:00,3901.19
2024-09-29 14:00:00,3943.68
2024-09-29 15:00:00,4057.07
2024-09-29 16:00:00,3925.06
2024-09-29 17:00:00,4245.7
2024-09-29 18:00:00,4165.58
2024-09-29 19:00:00,4143.7
2024-09-29 20:00:00,4555.3
2024-09-29 21:00:00,4301.22
2024-09-29 22:00:00,3787.43
2024-09-29 23:00:00,2870.55
2024-09-30 00:00:00,1985.13
2024-09-30 01:00:00,1897.06
2024-09-30 02:00:00,1847.69
2024-09-30 03:00:00,1873.92
2024-09-30 04:00:00,1945.17
2024-09-30 05:00:00,2159.83
2024-09-30 06:00:00,4120.01
2024-09-30 07:00:00,4949.54
2024-09-30 08:00:00,5000.36
2024-09-30 09:00:00,5156.43
2024-09-30 10:00:00,5346.32
2024-09-30 11:00:00,5001.09
2024-09-30 12:00:00,4448.78
2024-09-30 13:00:00,4104.64
2024-09-30 14:00:00,4481.88
2024-09-30 15:00:00,4383.14
2024-09-30 16:00:00,4072.27
2024-09-30 17:00:00,3922.35
2024-09-30 18:00:00,3869.18
2024-09-30 19:00:00,3716.0
2024-09-30 20:00:00,3843.68
2024-09-30 21:00:00,4351.49
2024-09-30 22:00:00,3816.55
2024-09-30 23:00:00,2812.5
2024-10-01 00:00:00,1909.54
2024-10-01 01:00:00,1729.78
2024-10-01 02:00:00,1705.55
2024-10-01 03:00:00,1661.24
2024-10-01 04:00:00,1891.28
2024-10-01 05:00:00,2128.91
2024-10-01 06:00:00,3105.83
2024-10-01 07:00:00,3600.44
2024-10-01 08:00:00,3835.0
2024-10-01 09:00:00,4577.37
2024-10-01 10:00:00,4551.5
2024-10-01 11:00:00,4043.33
2024-10-01 12:00:00,3254.12
2024-10-01 13:00:00,3265.34
2024-10-01 14:00:00,3221.03
2024-10-01 15:00:00,3217.23
2024-10-01 16:00:00,3089.37
2024-10-01 17:00:00,3240.56
2024-10-01 18:00:00,3120.12
2024-10-01 19:00:00,3351.06
2024-10-01 20:00:00,3543.84
2024-10-01 21:00:00,3422.31
2024-10-01 22:00:00,2836.91
2024-10-01 23:00:00,2443.4
2024-10-02 00:00:00,1744.25
2024-10-02 01:00:00,1665.94
2024-10-02 02:00:00,1596.5
2024-10-02 03:00:00,1572.08
2024-10-02 04:00:00,1753.11
2024-10-02 05:00:00,1788.56
2024-10-02 06:00:00,2895.87
2024-10-02 07:00:00,3745.3
2024-10-02 08:00:00,3983.65
2024-10-02 09:00:00,4209.89
2024-10-02 10:00:00,4666.34
2024-10-02 11:00:00,4038.27
2024-10-02 12:00:00,3350.69
2024-10-02 13:00:00,3118.13
2024-10-02 14:00:00,3246.71
2024-10-02 15:00:00,3133.32
2024-10-02 16:00:00,3211.44
2024-10-02 17:00:00,3429.9
2024-10-02 18:00:00,3314.71
2024-10-02 19:00:00,3242.55
2024-10-02 20:00:00,3468.42
2024-10-02 21:00:00,3238.57
2024-10-02 22:00:00,2778.5
2024-10-02 23:00:00,2498.19
2024-10-03 00:00:00,1955.66
2024-10-03 01:00:00,1624.17
2024-10-03 02:00:00,1660.7
2024-10-03 03:00:00,1621.64
2024-10-03 04:00:00,1774.99
2024-10-03 05:00:00,2042.64
2024-10-03 06:00:00,3242.91
2024-10-03 07:00:00,3942.96
2024-10-03 08:00:00,4191.98
2024-10-03 09:00:00,4399.59
2024-10-03 10:00:00,4239.19
2024-10-03 11:00:00,3569.52
2024-10-03 12:00:00,3400.25
2024-10-03 13:00:00,3101.85
2024-10-03 14:00:00,3157.73
2024-10-03 15:00:00,3186.67
2024-10-03 16:00:00,3016.13
2024-10-03 17:00:00,3067.31
2024-10-03 18:00:00,3514.0
2024-10-03 19:00:00,3533.35
2024-10-03 20:00:00,3697.19
2024-10-03 21:00:00,3381.26
2024-10-03 22:00:00,3027.34
2024-10-03 23:00:00,2531.47
2024-10-04 00:00:00,1907.19
2024-10-04 01:00:00,1762.15
2024-10-04 02:00:00,1786.75
2024-10-04 03:00:00,2040.29
2024-10-04 04:00:00,2200.52
2024-10-04 05:00:00,2360.21
2024-10-04 06:00:00,3243.27
2024-10-04 07:00:00,3993.6
2024-10-04 08:00:00,4364.69
2024-10-04 09:00:00,4395.98
2024-10-04 10:00:00,4193.43
2024-10-04 11:00:00,3661.02
2024-10-04 12:00:00,3538.77
2024-10-04 13:00:00,3654.51
2024-10-04 14:00:00,3745.12
2024-10-04 15:00:00,3675.67
2024-10-04 16:00:00,3535.52
2024-10-04 17:00:00,3718.71
2024-10-04 18:00:00,3633.54
2024-10-04 19:00:00,3944.77
2024-10-04 20:00:00,3687.43
2024-10-04 21:00:00,3614.19
2024-10-04 22:00:00,3257.02
2024-10-04 23:00:00,2646.48
2024-10-05 00:00:00,2277.56
2024-10-05 01:00:00,1744.97
2024-10-05 02:00:00,1733.22
2024-10-05 03:00:00,1711.34
2024-10-05 04:00:00,1914.61
2024-10-05 05:00:00,2262.19
2024-10-05 06:00:00,4095.59
2024-10-05 07:00:00,4287.47
2024-10-05 08:00:00,4539.39
2024-10-05 09:00:00,4703.59
2024-10-05 10:00:00,4442.09
2024-10-05 11:00:00,3916.74
2024-10-05 12:00:00,3782.37
2024-10-05 13:00:00,3823.42
2024-10-05 14:00:00,3784.9
2024-10-05 15:00:00,3709.13
2024-10-05 16:00:00,3604.96
2024-10-05 17:00:00,3794.13
2024-10-05 18:00:00,3791.23
2024-10-05 19:00:00,3639.87
2024-10-05 20:00:00,4010.42
2024-10-05 21:00:00,3915.29
2024-10-05 22:00:00,3301.32
2024-10-05 23:00:00,2652.63
2024-10-06 00:00:00,2023.29
2024-10-06 01:00:00,1777.71
2024-10-06 02:00:00,1818.03
2024-10-06 03:00:00,1798.86
2024-10-06 04:00:00,1927.63
2024-10-06 05:00:00,2049.7
2024-10-06 06:00:00,3375.65
2024-10-06 07:00:00,4180.41
2024-10-06 08:00:00,4470.49
2024-10-06 09:00:00,4622.58
2024-10-06 10:00:00,4448.78
2024-10-06 11:00:00,3785.99
2024-10-06 12:00:00,3614.37
2024-10-06 13:00:00,3594.83
2024-10-06 14:00:00,3602.07
2024-10-06 15:00:00,3635.34
2024-10-06 16:00:00,3446.36
2024-10-06 17:00:00,3631.91
2024-10-06 18:00:00,3545.46
2024-10-06 19:00:00,3839.34
2024-10-06 20:00:00,3921.26
2024-10-06 21:00:00,4331.05
2024-10-06 22:00:00,3247.79
2024-10-06 23:00:00,2732.2
2024-10-07 00:00:00,1982.42
2024-10-07 01:00:00,1731.59
2024-10-07 02:00:00,1682.22
2024-10-07 03:00:00,1706.63
2024-10-07 04:00:00,1828.7
2024-10-07 05:00:00,1951.32
2024-10-07 06:00:00,2928.24
2024-10-07 07:00:00,3561.02
2024-10-07 08:00:00,3725.77
2024-10-07 09:00:00,4223.45
2024-10-07 10:00:00,4111.87
2024-10-07 11:00:00,3313.08
2024-10-07 12:00:00,3159.72
2024-10-07 13:00:00,3073.1
2024-10-07 14:00:00,3023.18
2024-10-07 15:00:00,3003.11
2024-10-07 16:00:00,2965.13
2024-10-07 17:00:00,3518.88
2024-10-07 18:00:00,3750.0
2024-10-07 19:00:00,3883.83
2024-10-07 20:00:00,3957.07
2024-10-07 21:00:00,3794.31
2024-10-07 22:00:00,3180.34
2024-10-07 23:00:00,2479.93
2024-10-08 00:00:00,1854.02
2024-10-08 01:00:00,1722.55
2024-10-08 02:00:00,1699.22
2024-10-08 03:00:00,1718.39
2024-10-08 04:00:00,1880.61
2024-10-08 05:00:00,1982.42
2024-10-08 06:00:00,3351.78
2024-10-08 07:00:00,4270.11
2024-10-08 08:00:00,4474.83
2024-10-08 09:00:00,4469.76
2024-10-08 10:00:00,4428.53
2024-10-08 11:00:00,3806.42
2024-10-08 12:00:00,4286.57
2024-10-08 13:00:00,4208.8
2024-10-08 14:00:00,3791.96
2024-10-08 15:00:00,3769.35
2024-10-08 16:00:00,3691.77
2024-10-08 17:00:00,3806.24
2024-10-08 18:00:00,3868.45
2024-10-08 19:00:00,3957.97
2024-10-08 20:00:00,4103.91
2024-10-08 21:00:00,4162.33
2024-10-08 22:00:00,3574.76
2024-10-08 23:00:00,2762.41
2024-10-09 00:00:00,1941.37
2024-10-09 01:00:00,1842.09
2024-10-09 02:00:00,1786.57
2024-10-09 03:00:00,1771.38
2024-10-09 04:00:00,2047.35
2024-10-09 05:00:00,2161.82
2024-10-09 06:00:00,3589.95
2024-10-09 07:00:00,4612.45
2024-10-09 08:00:00,4685.33
2024-10-09 09:00:00,4919.34
2024-10-09 10:00:00,4594.91
2024-10-09 11:00:00,3992.87
2024-10-09 12:00:00,3788.88
2024-10-09 13:00:00,3835.36
2024-10-09 14:00:00,4099.21
2024-10-09 15:00:00,3917.46
2024-10-09 16:00:00,3942.06
2024-10-09 17:00:00,4108.25
2024-10-09 18:00:00,4089.99
2024-10-09 19:00:00,4820.06
2024-10-09 20:00:00,5035.08
2024-10-09 21:00:00,4307.18
2024-10-09 22:00:00,3551.79
2024-10-09 23:00:00,2856.45
2024-10-10 00:00:00,1983.33
2024-10-10 01:00:00,1871.38
2024-10-10 02:00:00,1763.96
2024-10-10 03:00:00,1834.85
2024-10-10 04:00:00,1921.12
2024-10-10 05:00:00,2108.29
2024-10-10 06:00:00,3573.68
2024-10-10 07:00:00,4716.07
2024-10-10 08:00:00,4694.73
2024-10-10 09:00:00,4907.41
2024-10-10 10:00:00,4627.28
2024-10-10 11:00:00,4086.01
2024-10-10 12:00:00,3896.3
2024-10-10 13:00:00,3690.86
2024-10-10 14:00:00,3713.65
2024-10-10 15:00:00,3874.96
2024-10-10 16:00:00,3302.23
2024-10-10 17:00:00,3514.36
2024-10-10 18:00:00,3624.49
2024-10-10 19:00:00,3999.02
2024-10-10 20:00:00,4204.46
2024-10-10 21:00:00,4110.97
2024-10-10 22:00:00,3402.05
2024-10-10 23:00:00,2717.38
2024-10-11 00:00:00,1939.38
2024-10-11 01:00:00,1799.59
2024-10-11 02:00:00,1989.29
2024-10-11 03:00:00,2097.98
2024-10-11 04:00:00,2313.01
2024-10-11 05:00:00,2575.59
2024-10-11 06:00:00,3540.4
2024-10-11 07:00:00,4474.28
2024-10-11 08:00:00,4697.08
2024-10-11 09:00:00,4756.94
2024-10-11 10:00:00,4493.82
2024-10-11 11:00:00,4053.28
2024-10-11 12:00:00,3810.04
2024-10-11 13:00:00,3700.27
2024-10-11 14:00:00,3957.43
2024-10-11 15:00:00,4102.47
2024-10-11 16:00:00,4034.65
2024-10-11 17:00:00,4047.13
2024-10-11 18:00:00,3918.73
2024-10-11 19:00:00,3937.9
2024-10-11 20:00:00,4196.14
2024-10-11 21:00:00,4215.49
2024-10-11 22:00:00,3406.58
2024-10-11 23:00:00,2428.57
2024-10-12 00:00:00,1971.39
2024-10-12 01:00:00,1872.65
2024-10-12 02:00:00,1758.9
2024-10-12 03:00:00,1824.18
2024-10-12 04:00:00,1908.09
2024-10-12 05:00:00,2034.32
2024-10-12 06:00:00,3766.82
2024-10-12 07:00:00,4441.73
2024-10-12 08:00:00,4680.63
2024-10-12 09:00:00,4747.36
2024-10-12 10:00:00,4433.59
2024-10-12 11:00:00,3936.63
2024-10-12 12:00:00,3719.62
2024-10-12 13:00:00,4173.9
2024-10-12 14:00:00,4354.75
2024-10-12 15:00:00,4465.6
2024-10-12 16:00:00,3712.57
2024-10-12 17:00:00,3733.18
2024-10-12 18:00:00,3674.41
2024-10-12 19:00:00,3778.03
2024-10-12 20:00:00,3846.93
2024-10-12 21:00:00,3844.22
2024-10-12 22:00:00,3366.79
2024-10-12 23:00:00,2513.2
2024-10-13 00:00:00,1957.47
2024-10-13 01:00:00,1906.29
2024-10-13 02:00:00,1750.22
2024-10-13 03:00:00,1819.48
2024-10-13 04:00:00,1896.7
2024-10-13 05:00:00,1945.17
2024-10-13 06:00:00,3206.2
2024-10-13 07:00:00,3962.67
2024-10-13 08:00:00,4363.97
2024-10-13 09:00:00,4497.61
2024-10-13 10:00:00,4557.47
2024-10-13 11:00:00,4003.18
2024-10-13 12:00:00,3698.82
2024-10-13 13:00:00,3633.54
2024-10-13 14:00:00,3415.8
2024-10-13 15:00:00,3272.21
2024-10-13 16:00:00,3483.8
2024-10-13 17:00:00,3694.12
2024-10-13 18:00:00,3753.26
2024-10-13 19:00:00,3759.04
2024-10-13 20:00:00,4542.82
2024-10-13 21:00:00,4307.73
2024-10-13 22:00:00,3007.09
2024-10-13 23:00:00,2396.74
2024-10-14 00:00:00,1960.9
2024-10-14 01:00:00,1659.25
2024-10-14 02:00:00,1653.83
2024-10-14 03:00:00,1660.7
2024-10-14 04:00:00,1825.09
2024-10-14 05:00:00,1960.0
2024-10-14 06:00:00,3146.7
2024-10-14 07:00:00,4033.2
2024-10-14 08:00:00,3823.42
2024-10-14 09:00:00,3958.69
2024-10-14 10:00:00,3873.52
2024-10-14 11:00:00,3588.51
2024-10-14 12:00:00,3659.94
2024-10-14 13:00:00,3370.95
2024-10-14 14:00:00,3486.33
2024-10-14 15:00:00,2985.75
2024-10-14 16:00:00,2993.34
2024-10-14 17:00:00,3269.13
2024-10-14 18:00:00,3523.58
2024-10-14 19:00:00,3740.42
2024-10-14 20:00:00,3891.42
2024-10-14 21:00:00,3983.65
2024-10-14 22:00:00,3228.44
2024-10-14 23:00:00,2621.71
2024-10-15 00:00:00,1812.61
2024-10-15 01:00:00,1690.0
2024-10-15 02:00:00,1652.38
2024-10-15 03:00:00,1668.11
2024-10-15 04:00:00,1744.25
2024-10-15 05:00:00,2431.82
2024-10-15 06:00:00,3264.25
2024-10-15 07:00:00,4016.2
2024-10-15 08:00:00,4090.35
2024-10-15 09:00:00,4828.74
2024-10-15 10:00:00,4733.8
2024-10-15 11:00:00,3688.51
2024-10-15 12:00:00,3654.51
2024-10-15 13:00:00,3446.0
2024-10-15 14:00:00,3474.75
2024-10-15 15:00:00,3384.15
2024-10-15 16:00:00,3465.17
2024-10-15 17:00:00,3450.88
2024-10-15 18:00:00,3653.97
2024-10-15 19:00:00,3604.06
2024-10-15 20:00:00,4004.81
2024-10-15 21:00:00,3875.14
2024-10-15 22:00:00,3685.26
2024-10-15 23:00:00,2479.02
2024-10-16 00:00:00,1810.08
2024-10-16 01:00:00,1707.9
2024-10-16 02:00:00,1642.07
2024-10-16 03:00:00,1694.88
2024-10-16 04:00:00,1800.31
2024-10-16 05:00:00,1937.57
2024-10-16 06:00:00,3191.19
2024-10-16 07:00:00,4540.11
2024-10-16 08:00:00,4567.96
2024-10-16 09:00:00,4565.79
2024-10-16 10:00:00,3998.66
2024-10-16 11:00:00,3738.97
2024-10-16 12:00:00,3682.54
2024-10-16 13:00:00,3510.92
2024-10-16 14:00:00,3319.95
2024-10-16 15:00:00,3360.64
2024-10-16 16:00:00,3344.0
2024-10-16 17:00:00,3624.31
2024-10-16 18:00:00,3841.87
2024-10-16 19:00:00,3893.77
2024-10-16 20:00:00,4087.28
2024-10-16 21:00:00,3968.1
2024-10-16 22:00:00,3320.49
2024-10-16 23:00:00,2355.69
2024-10-17 00:00:00,1771.01
2024-10-17 01:00:00,1753.29
2024-10-17 02:00:00,1727.07
2024-10-17 03:00:00,2031.43
2024-10-17 04:00:00,2126.56
2024-10-17 05:00:00,2293.29
2024-10-17 06:00:00,3586.52
2024-10-17 07:00:00,4133.75
2024-10-17 08:00:00,4274.27
2024-10-17 09:00:00,4134.11
2024-10-17 10:00:00,3827.22
2024-10-17 11:00:00,3849.28
2024-10-17 12:00:00,3686.7
2024-10-17 13:00:00,3612.56
2024-10-17 14:00:00,3118.13
2024-10-17 15:00:00,3031.32
2024-10-17 16:00:00,3162.8
2024-10-17 17:00:00,3433.7
2024-10-17 18:00:00,3494.29
2024-10-17 19:00:00,3537.69
2024-10-17 20:00:00,3937.17
2024-10-17 21:00:00,3713.47
2024-10-17 22:00:00,3196.61
2024-10-17 23:00:00,2244.83
2024-10-18 00:00:00,1759.08
2024-10-18 01:00:00,1674.8
2024-10-18 02:00:00,1679.51
2024-10-18 03:00:00,1659.79
2024-10-18 04:00:00,1807.36
2024-10-18 05:00:00,1909.9
2024-10-18 06:00:00,3270.22
2024-10-18 07:00:00,3870.8
2024-10-18 08:00:00,3984.56
2024-10-18 09:00:00,4063.22
2024-10-18 10:00:00,4498.16
2024-10-18 11:00:00,4394.53
2024-10-18 12:00:00,3635.89
2024-10-18 13:00:00,3636.61
2024-10-18 14:00:00,3451.61
2024-10-18 15:00:00,3462.82
2024-10-18 16:00:00,3291.2
2024-10-18 17:00:00,3507.67
2024-10-18 18:00:00,3612.2
2024-10-18 19:00:00,3525.93
2024-10-18 20:00:00,3863.39
2024-10-18 21:00:00,3932.83
2024-10-18 22:00:00,3337.49
2024-10-18 23:00:00,2890.44
2024-10-19 00:00:00,2058.2
2024-10-19 01:00:00,1725.8
2024-10-19 02:00:00,1725.62
2024-10-19 03:00:00,1655.45
2024-10-19 04:00:00,1797.24
2024-10-19 05:00:00,2305.95
2024-10-19 06:00:00,3122.29
2024-10-19 07:00:00,3732.28
2024-10-19 08:00:00,3938.26
2024-10-19 09:00:00,3947.66
2024-10-19 10:00:00,3898.65
2024-10-19 11:00:00,3611.11
2024-10-19 12:00:00,3474.75
2024-10-19 13:00:00,3227.0
2024-10-19 14:00:00,3209.09
2024-10-19 15:00:00,3146.34
2024-10-19 16:00:00,3057.91
2024-10-19 17:00:00,3468.97
2024-10-19 18:00:00,3348.16
2024-10-19 19:00:00,3488.68
2024-10-19 20:00:00,3595.92
2024-10-19 21:00:00,3366.97
2024-10-19 22:00:00,2971.46
2024-10-19 23:00:00,2413.19
2024-10-20 00:00:00,1895.98
2024-10-20 01:00:00,1767.4
2024-10-20 02:00:00,1707.18
2024-10-20 03:00:00,1670.1
2024-10-20 04:00:00,2092.92
2024-10-20 05:00:00,2274.31
2024-10-20 06:00:00,3319.95
2024-10-20 07:00:00,3362.45
2024-10-20 08:00:00,3906.25
2024-10-20 09:00:00,3917.28
2024-10-20 10:00:00,3833.91
2024-10-20 11:00:00,3460.11
2024-10-20 12:00:00,3229.35
2024-10-20 13:00:00,3192.27
2024-10-20 14:00:00,3131.69
2024-10-20 15:00:00,3044.52
2024-10-20 16:00:00,3145.62
2024-10-20 17:00:00,3216.51
2024-10-20 18:00:00,3344.91
2024-10-20 19:00:00,3495.01
2024-10-20 20:00:00,3516.53
2024-10-20 21:00:00,3306.03
2024-10-20 22:00:00,2961.88
2024-10-20 23:00:00,2215.89
2024-10-21 00:00:00,1636.28
2024-10-21 01:00:00,1583.3
2024-10-21 02:00:00,1561.6
2024-10-21 03:00:00,1579.86
2024-10-21 04:00:00,1641.71
2024-10-21 05:00:00,1842.45
2024-10-21 06:00:00,2974.9
2024-10-21 07:00:00,3311.81
2024-10-21 08:00:00,3527.2
2024-10-21 09:00:00,3369.86
2024-10-21 10:00:00,3381.98
2024-10-21 11:00:00,3128.44
2024-10-21 12:00:00,3115.23
2024-10-21 13:00:00,3097.69
2024-10-21 14:00:00,3120.66
2024-10-21 15:00:00,2976.16
2024-10-21 16:00:00,3144.35
2024-10-21 17:00:00,3326.1
2024-10-21 18:00:00,3439.85
2024-10-21 19:00:00,4151.11
2024-10-21 20:00:00,4421.3
2024-10-21 21:00:00,3491.57
2024-10-21 22:00:00,2982.31
2024-10-21 23:00:00,2268.88
2024-10-22 00:00:00,1708.08
2024-10-22 01:00:00,1561.6
2024-10-22 02:00:00,1538.45
2024-10-22 03:00:00,1576.79
2024-10-22 04:00:00,1707.72
2024-10-22 05:00:00,1779.15
2024-10-22 06:00:00,2819.73
2024-10-22 07:00:00,3819.81
2024-10-22 08:00:00,3745.3
2024-10-22 09:00:00,3991.25
2024-10-22 10:00:00,3824.33
2024-10-22 11:00:00,3552.88
2024-10-22 12:00:00,3588.51
2024-10-22 13:00:00,3200.59
2024-10-22 14:00:00,3453.05
2024-10-22 15:00:00,3049.41
2024-10-22 16:00:00,3253.22
2024-10-22 17:00:00,3308.2
2024-10-22 18:00:00,3546.01
2024-10-22 19:00:00,3604.78
2024-10-22 20:00:00,3882.38
2024-10-22 21:00:00,3942.96
2024-10-22 22:00:00,3125.72
2024-10-22 23:00:00,2477.94
2024-10-23 00:00:00,1832.68
2024-10-23 01:00:00,1644.06
2024-10-23 02:00:00,1606.99
2024-10-23 03:00:00,1742.98
2024-10-23 04:00:00,1754.2
2024-10-23 05:00:00,2247.36
2024-10-23 06:00:00,3085.58
2024-10-23 07:00:00,3972.62
2024-10-23 08:00:00,4065.39
2024-10-23 09:00:00,4220.56
2024-10-23 10:00:00,4352.58
2024-10-23 11:00:00,3748.19
2024-10-23 12:00:00,3697.92
2024-10-23 13:00:00,3419.96
2024-10-23 14:00:00,3346.35
2024-10-23 15:00:00,4106.99
2024-10-23 16:00:00,4051.47
2024-10-23 17:00:00,3425.75
2024-10-23 18:00:00,3508.21
2024-10-23 19:00:00,3649.63
2024-10-23 20:00:00,3984.56
2024-10-23 21:00:00,3972.98
2024-10-23 22:00:00,3157.01
2024-10-23 23:00:00,2435.98
2024-10-24 00:00:00,1832.14
2024-10-24 01:00:00,1652.92
2024-10-24 02:00:00,1713.32
2024-10-24 03:00:00,1652.92
2024-10-24 04:00:00,1786.57
2024-10-24 05:00:00,2163.09
2024-10-24 06:00:00,3480.36
2024-10-24 07:00:00,4086.73
2024-10-24 08:00:00,4061.41
2024-10-24 09:00:00,4156.72
2024-10-24 10:00:00,4083.66
2024-10-24 11:00:00,3691.23
2024-10-24 12:00:00,3569.34
2024-10-24 13:00:00,3495.91
2024-10-24 14:00:00,3540.22
2024-10-24 15:00:00,3388.13
2024-10-24 16:00:00,3267.33
2024-10-24 17:00:00,3505.14
2024-10-24 18:00:00,3514.0
2024-10-24 19:00:00,3680.01
2024-10-24 20:00:00,3852.36
2024-10-24 21:00:00,3938.08
2024-10-24 22:00:00,3227.54
2024-10-24 23:00:00,2537.43
2024-10-25 00:00:00,1840.46
2024-10-25 01:00:00,1723.81
2024-10-25 02:00:00,1670.28
2024-10-25 03:00:00,1663.95
2024-10-25 04:00:00,1795.43
2024-10-25 05:00:00,1971.03
2024-10-25 06:00:00,3294.63
2024-10-25 07:00:00,4063.77
2024-10-25 08:00:00,4094.87
2024-10-25 09:00:00,5047.02
2024-10-25 10:00:00,4584.96
2024-10-25 11:00:00,3810.76
2024-10-25 12:00:00,3439.31
2024-10-25 13:00:00,3532.44
2024-10-25 14:00:00,3576.21
2024-10-25 15:00:00,3391.38
2024-10-25 16:00:00,3757.23
2024-10-25 17:00:00,3633.36
2024-10-25 18:00:00,3673.32
2024-10-25 19:00:00,3622.14
2024-10-25 20:00:00,3857.42
2024-10-25 21:00:00,3787.62
2024-10-25 22:00:00,3404.95
2024-10-25 23:00:00,2351.89
2024-10-26 00:00:00,1891.82
2024-10-26 01:00:00,1702.47
2024-10-26 02:00:00,1622.9
2024-10-26 03:00:00,1651.29
2024-10-26 04:00:00,1716.4
2024-10-26 05:00:00,1934.5
2024-10-26 06:00:00,2809.43
2024-10-26 07:00:00,3820.17
2024-10-26 08:00:00,3931.57
2024-10-26 09:00:00,4116.21
2024-10-26 10:00:00,3905.89
2024-10-26 11:00:00,3735.89
2024-10-26 12:00:00,3641.13
2024-10-26 13:00:00,3370.77
2024-10-26 14:00:00,3505.68
2024-10-26 15:00:00,3443.65
2024-10-26 16:00:00,3442.02
2024-10-26 17:00:00,3529.37
2024-10-26 18:00:00,3459.56
2024-10-26 19:00:00,3437.5
2024-10-26 20:00:00,3606.77
2024-10-26 21:00:00,3578.38
2024-10-26 22:00:00,3072.56
2024-10-26 23:00:00,2629.49
2024-10-27 00:00:00,1787.65
2024-10-27 01:00:00,1655.64
2024-10-27 02:00:00,1663.41
2024-10-27 03:00:00,1655.09
2024-10-27 04:00:00,1864.87
2024-10-27 05:00:00,2167.79
2024-10-27 06:00:00,2646.85
2024-10-27 07:00:00,3548.36
2024-10-27 08:00:00,4595.45
2024-10-27 09:00:00,4741.57
2024-10-27 10:00:00,3774.78
2024-10-27 11:00:00,3540.22
2024-10-27 12:00:00,3314.53
2024-10-27 13:00:00,3272.57
2024-10-27 14:00:00,3207.47
2024-10-27 15:00:00,3183.77
2024-10-27 16:00:00,3415.08
2024-10-27 17:00:00,3318.68
2024-10-27 18:00:00,3420.68
2024-10-27 19:00:00,3768.99
2024-10-27 20:00:00,3835.9
2024-10-27 21:00:00,3709.13
2024-10-27 22:00:00,2917.75
2024-10-27 23:00:00,2354.24
2024-10-28 00:00:00,1762.88
2024-10-28 01:00:00,1641.71
2024-10-28 02:00:00,1609.16
2024-10-28 03:00:00,1623.81
2024-10-28 04:00:00,1722.73
2024-10-28 05:00:00,1824.73
2024-10-28 06:00:00,3121.56
2024-10-28 07:00:00,3399.16
2024-10-28 08:00:00,3430.81
2024-10-28 09:00:00,3996.13
2024-10-28 10:00:00,3864.47
2024-10-28 11:00:00,3789.97
2024-10-28 12:00:00,3490.49
2024-10-28 13:00:00,3525.75
2024-10-28 14:00:00,3568.61
2024-10-28 15:00:00,3344.73
2024-10-28 16:00:00,3338.4
2024-10-28 17:00:00,3506.04
2024-10-28 18:00:00,3469.33
2024-10-28 19:00:00,3459.92
2024-10-28 20:00:00,4214.41
2024-10-28 21:00:00,4490.92
2024-10-28 22:00:00,3119.94
2024-10-28 23:00:00,2295.65
2024-10-29 00:00:00,1768.66
2024-10-29 01:00:00,1713.51
2024-10-29 02:00:00,1663.41
2024-10-29 03:00:00,1679.87
2024-10-29 04:00:00,1754.92
2024-10-29 05:00:00,2012.44
2024-10-29 06:00:00,3250.51
2024-10-29 07:00:00,4089.81
2024-10-29 08:00:00,4136.28
2024-10-29 09:00:00,4315.86
2024-10-29 10:00:00,3986.91
2024-10-29 11:00:00,3613.64
2024-10-29 12:00:00,3575.3
2024-10-29 13:00:00,3449.98
2024-10-29 14:00:00,3549.26
2024-10-29 15:00:00,3398.62
2024-10-29 16:00:00,3320.31
2024-10-29 17:00:00,3453.05
2024-10-29 18:00:00,3385.96
2024-10-29 19:00:00,3634.26
2024-10-29 20:00:00,4177.34
2024-10-29 21:00:00,4093.97
2024-10-29 22:00:00,3259.37
2024-10-29 23:00:00,2422.6
2024-10-30 00:00:00,1797.78
2024-10-30 01:00:00,1619.29
2024-10-30 02:00:00,1603.91
2024-10-30 03:00:00,1615.49
2024-10-30 04:00:00,1727.61
2024-10-30 05:00:00,2030.35
2024-10-30 06:00:00,3063.33
2024-10-30 07:00:00,4697.81
2024-10-30 08:00:00,4849.9
2024-10-30 09:00:00,4312.79
2024-10-30 10:00:00,4034.65
2024-10-30 11:00:00,3879.12
2024-10-30 12:00:00,3616.54
2024-10-30 13:00:00,3582.0
2024-10-30 14:00:00,3429.18
2024-10-30 15:00:00,3404.04
2024-10-30 16:00:00,3385.05
2024-10-30 17:00:00,3713.65
2024-10-30 18:00:00,3693.03
2024-10-30 19:00:00,3553.24
2024-10-30 20:00:00,3893.41
2024-10-30 21:00:00,3850.73
2024-10-30 22:00:00,3223.92
2024-10-30 23:00:00,2500.72
2024-10-31 00:00:00,1831.78
2024-10-31 01:00:00,1701.21
2024-10-31 02:00:00,1675.53
2024-10-31 03:00:00,1686.74
2024-10-31 04:00:00,1845.34
2024-10-31 05:00:00,2127.82
2024-10-31 06:00:00,3460.47
2024-10-31 07:00:00,4194.52
2024-10-31 08:00:00,4230.14
2024-10-31 09:00:00,4368.13
2024-10-31 10:00:00,4229.06
2024-10-31 11:00:00,3585.97
2024-10-31 12:00:00,3641.49
2024-10-31 13:00:00,3487.05
2024-10-31 14:00:00,3595.56
2024-10-31 15:00:00,4089.63
2024-10-31 16:00:00,4061.41
2024-10-31 17:00:00,3600.44
2024-10-31 18:00:00,3501.7
2024-10-31 19:00:00,3616.72
2024-10-31 20:00:00,3863.03
2024-10-31 21:00:00,3795.03
2024-10-31 22:00:00,3053.39
2024-10-31 23:00:00,2467.45
2024-11-01 00:00:00,1868.49
2024-11-01 01:00:00,1721.28
2024-11-01 02:00:00,1630.32
2024-11-01 03:00:00,1689.81
2024-11-01 04:00:00,1749.49
2024-11-01 05:00:00,2068.14
2024-11-01 06:00:00,3242.91
2024-11-01 07:00:00,4130.14
2024-11-01 08:00:00,4454.39
2024-11-01 09:00:00,4379.52
2024-11-01 10:00:00,4069.01
2024-11-01 11:00:00,3534.25
2024-11-01 12:00:00,3309.82
2024-11-01 13:00:00,3412.18
2024-11-01 14:00:00,3497.54
2024-11-01 15:00:00,3471.68
2024-11-01 16:00:00,3381.62
2024-11-01 17:00:00,3510.38
2024-11-01 18:00:00,3374.93
2024-11-01 19:00:00,3581.45
2024-11-01 20:00:00,3732.1
2024-11-01 21:00:00,3561.38
2024-11-01 22:00:00,3248.34
2024-11-01 23:00:00,2364.19
2024-11-02 00:00:00,1834.85
2024-11-02 01:00:00,1705.01
2024-11-02 02:00:00,1631.94
2024-11-02 03:00:00,1610.06
2024-11-02 04:00:00,2074.83
2024-11-02 05:00:00,2286.6
2024-11-02 06:00:00,3240.92
2024-11-02 07:00:00,4030.67
2024-11-02 08:00:00,4340.46
2024-11-02 09:00:00,4503.22
2024-11-02 10:00:00,4054.0
2024-11-02 11:00:00,3789.61
2024-11-02 12:00:00,3783.28
2024-11-02 13:00:00,3524.49
2024-11-02 14:00:00,3451.43
2024-11-02 15:00:00,3384.87
2024-11-02 16:00:00,3438.22
2024-11-02 17:00:00,3447.45
2024-11-02 18:00:00,3540.22
2024-11-02 19:00:00,3510.56
2024-11-02 20:00:00,3764.65
2024-11-02 21:00:00,3756.69
2024-11-02 22:00:00,3112.34
2024-11-02 23:00:00,2367.44
2024-11-03 00:00:00,1867.22
2024-11-03 01:00:00,1748.59
2024-11-03 02:00:00,1660.7
2024-11-03 03:00:00,1664.86
2024-11-03 04:00:00,1795.25
2024-11-03 05:00:00,1920.93
2024-11-03 06:00:00,2870.19
2024-11-03 07:00:00,3647.1
2024-11-03 08:00:00,4182.22
2024-11-03 09:00:00,4267.58
2024-11-03 10:00:00,4014.94
2024-11-03 11:00:00,3643.66
2024-11-03 12:00:00,3484.88
2024-11-03 13:00:00,3577.29
2024-11-03 14:00:00,3356.48
2024-11-03 15:00:00,3461.73
2024-11-03 16:00:00,3325.38
2024-11-03 17:00:00,3478.01
2024-11-03 18:00:00,3540.58
2024-11-03 19:00:00,3906.43
2024-11-03 20:00:00,4776.29
2024-11-03 21:00:00,4395.8
2024-11-03 22:00:00,3064.96
2024-11-03 23:00:00,2428.39
2024-11-04 00:00:00,1850.59
2024-11-04 01:00:00,1737.38
2024-11-04 02:00:00,1663.23
2024-11-04 03:00:00,1680.77
2024-11-04 04:00:00,1788.92
2024-11-04 05:00:00,2341.76
2024-11-04 06:00:00,3257.56
2024-11-04 07:00:00,4095.96
2024-11-04 08:00:00,3233.15
2024-11-04 09:00:00,3646.74
2024-11-04 10:00:00,4240.45
2024-11-04 11:00:00,3902.99
2024-11-04 12:00:00,3710.94
2024-11-04 13:00:00,3137.84
2024-11-04 14:00:00,3790.51
2024-11-04 15:00:00,3830.66
2024-11-04 16:00:00,3736.98
2024-11-04 17:00:00,3328.27
2024-11-04 18:00:00,3563.73
2024-11-04 19:00:00,3628.83
2024-11-04 20:00:00,3728.66
2024-11-04 21:00:00,3833.73
2024-11-04 22:00:00,3193.36
2024-11-04 23:00:00,2459.49
2024-11-05 00:00:00,2341.76
2024-11-05 01:00:00,2174.12
2024-11-05 02:00:00,1756.73
2024-11-05 03:00:00,1725.62
2024-11-05 04:00:00,1834.31
2024-11-05 05:00:00,2084.6
2024-11-05 06:00:00,3346.17
2024-11-05 07:00:00,4315.68
2024-11-05 08:00:00,4446.98
2024-11-05 09:00:00,4467.95
2024-11-05 10:00:00,4348.05
2024-11-05 11:00:00,4103.19
2024-11-05 12:00:00,4078.05
2024-11-05 13:00:00,3766.64
2024-11-05 14:00:00,3841.51
2024-11-05 15:00:00,3770.44
2024-11-05 16:00:00,3878.58
2024-11-05 17:00:00,3857.78
2024-11-05 18:00:00,3797.38
2024-11-05 19:00:00,3987.81
2024-11-05 20:00:00,4185.47
2024-11-05 21:00:00,4110.6
2024-11-05 22:00:00,3563.01
2024-11-05 23:00:00,2646.85
2024-11-06 00:00:00,2074.29
2024-11-06 01:00:00,2025.28
2024-11-06 02:00:00,2059.1
2024-11-06 03:00:00,1984.41
2024-11-06 04:00:00,2044.99
2024-11-06 05:00:00,2328.02
2024-11-06 06:00:00,3476.02
2024-11-06 07:00:00,4554.94
2024-11-06 08:00:00,4611.73
2024-11-06 09:00:00,5103.81
2024-11-06 10:00:00,4857.13
2024-11-06 11:00:00,4273.0
2024-11-06 12:00:00,3665.91
2024-11-06 13:00:00,3658.67
2024-11-06 14:00:00,3531.72
2024-11-06 15:00:00,3531.72
2024-11-06 16:00:00,3669.7
2024-11-06 17:00:00,3602.61
2024-11-06 18:00:00,3532.44
2024-11-06 19:00:00,3736.08
2024-11-06 20:00:00,3768.81
2024-11-06 21:00:00,3754.7
2024-11-06 22:00:00,3168.76
2024-11-06 23:00:00,2401.08
2024-11-07 00:00:00,1820.38
2024-11-07 01:00:00,1686.92
2024-11-07 02:00:00,1662.87
2024-11-07 03:00:00,1679.69
2024-11-07 04:00:00,1753.29
2024-11-07 05:00:00,1953.31
2024-11-07 06:00:00,3212.35
2024-11-07 07:00:00,4277.34
2024-11-07 08:00:00,4340.28
2024-11-07 09:00:00,4367.4
2024-11-07 10:00:00,4220.74
2024-11-07 11:00:00,3605.32
2024-11-07 12:00:00,3768.45
2024-11-07 13:00:00,3721.43
2024-11-07 14:00:00,3648.55
2024-11-07 15:00:00,3511.83
2024-11-07 16:00:00,3647.64
2024-11-07 17:00:00,4367.77
2024-11-07 18:00:00,4299.23
2024-11-07 19:00:00,3489.76
2024-11-07 20:00:00,4028.14
2024-11-07 21:00:00,3783.82
2024-11-07 22:00:00,3281.43
2024-11-07 23:00:00,2396.19
2024-11-08 00:00:00,1871.2
2024-11-08 01:00:00,1792.72
2024-11-08 02:00:00,1697.95
2024-11-08 03:00:00,1766.49
2024-11-08 04:00:00,1826.17
2024-11-08 05:00:00,2177.55
2024-11-08 06:00:00,2896.41
2024-11-08 07:00:00,4326.71
2024-11-08 08:00:00,4534.87
2024-11-08 09:00:00,4523.65
2024-11-08 10:00:00,4289.46
2024-11-08 11:00:00,3835.72
2024-11-08 12:00:00,3690.68
2024-11-08 13:00:00,3526.84
2024-11-08 14:00:00,3710.39
2024-11-08 15:00:00,3543.29
2024-11-08 16:00:00,3400.61
2024-11-08 17:00:00,3589.77
2024-11-08 18:00:00,3542.75
2024-11-08 19:00:00,3684.53
2024-11-08 20:00:00,3631.37
2024-11-08 21:00:00,3751.99
2024-11-08 22:00:00,3921.08
2024-11-08 23:00:00,4.34
2024-11-09 00:00:00,4.34
2024-11-09 01:00:00,2071.4
2024-11-09 02:00:00,1634.48
2024-11-09 03:00:00,1744.25
2024-11-09 04:00:00,1751.3
2024-11-09 05:00:00,1946.8
2024-11-09 06:00:00,2953.38
2024-11-09 07:00:00,3973.16
2024-11-09 08:00:00,4475.55
2024-11-09 09:00:00,4809.21
2024-11-09 10:00:00,4739.22
2024-11-09 11:00:00,3530.45
2024-11-09 12:00:00,3440.57
2024-11-09 13:00:00,3408.2
2024-11-09 14:00:00,3432.98
2024-11-09 15:00:00,3248.16
2024-11-09 16:00:00,3141.46
2024-11-09 17:00:00,3386.5
2024-11-09 18:00:00,3393.37
2024-11-09 19:00:00,3453.6
2024-11-09 20:00:00,3686.16
2024-11-09 21:00:00,3337.49
2024-11-09 22:00:00,3023.37
2024-11-09 23:00:00,2301.79
2024-11-10 00:00:00,1876.81
2024-11-10 01:00:00,1773.37
2024-11-10 02:00:00,1755.82
2024-11-10 03:00:00,1712.24
2024-11-10 04:00:00,1761.97
2024-11-10 05:00:00,2008.28
2024-11-10 06:00:00,2781.39
2024-11-10 07:00:00,3536.96
2024-11-10 08:00:00,4012.23
2024-11-10 09:00:00,4301.76
2024-11-10 10:00:00,3981.84
2024-11-10 11:00:00,3970.09
2024-11-10 12:00:00,3565.36
2024-11-10 13:00:00,3570.42
2024-11-10 14:00:00,3395.36
2024-11-10 15:00:00,3297.35
2024-11-10 16:00:00,3407.3
2024-11-10 17:00:00,3568.79
2024-11-10 18:00:00,3563.91
2024-11-10 19:00:00,3625.94
2024-11-10 20:00:00,3885.09
2024-11-10 21:00:00,3649.63
2024-11-10 22:00:00,2947.95
2024-11-10 23:00:00,2267.43
2024-11-11 00:00:00,1835.94
2024-11-11 01:00:00,1755.46
2024-11-11 02:00:00,1940.47
2024-11-11 03:00:00,2033.78
2024-11-11 04:00:00,2072.12
2024-11-11 05:00:00,2194.37
2024-11-11 06:00:00,3241.46
2024-11-11 07:00:00,4317.67
2024-11-11 08:00:00,4541.2
2024-11-11 09:00:00,4176.61
2024-11-11 10:00:00,4013.67
2024-11-11 11:00:00,3751.27
2024-11-11 12:00:00,3534.79
2024-11-11 13:00:00,3730.11
2024-11-11 14:00:00,3710.03
2024-11-11 15:00:00,3591.58
2024-11-11 16:00:00,3600.26
2024-11-11 17:00:00,3507.13
2024-11-11 18:00:00,3572.59
2024-11-11 19:00:00,3723.78
2024-11-11 20:00:00,3845.31
2024-11-11 21:00:00,3900.64
2024-11-11 22:00:00,3261.36
2024-11-11 23:00:00,2268.52
2024-11-12 00:00:00,1836.48
2024-11-12 01:00:00,1732.68
2024-11-12 02:00:00,1667.93
2024-11-12 03:00:00,1660.52
2024-11-12 04:00:00,1787.29
2024-11-12 05:00:00,2266.89
2024-11-12 06:00:00,3142.18
2024-11-12 07:00:00,4330.33
2024-11-12 08:00:00,4403.21
2024-11-12 09:00:00,4405.92
2024-11-12 10:00:00,4082.75
2024-11-12 11:00:00,3802.45
2024-11-12 12:00:00,4129.96
2024-11-12 13:00:00,4031.94
2024-11-12 14:00:00,3880.21
2024-11-12 15:00:00,3597.73
2024-11-12 16:00:00,3406.39
2024-11-12 17:00:00,3425.93
2024-11-12 18:00:00,3423.39
2024-11-12 19:00:00,3661.75
2024-11-12 20:00:00,3948.03
2024-11-12 21:00:00,3765.01
2024-11-12 22:00:00,3293.73
2024-11-12 23:00:00,2193.47
2024-11-13 00:00:00,1772.82
2024-11-13 01:00:00,1688.01
2024-11-13 02:00:00,1597.58
2024-11-13 03:00:00,1735.57
2024-11-13 04:00:00,1745.88
2024-11-13 05:00:00,2092.56
2024-11-13 06:00:00,3229.35
2024-11-13 07:00:00,4359.27
2024-11-13 08:00:00,4639.03
2024-11-13 09:00:00,4636.5
2024-11-13 10:00:00,3919.99
2024-11-13 11:00:00,3601.35
2024-11-13 12:00:00,3664.28
2024-11-13 13:00:00,3618.16
2024-11-13 14:00:00,3607.31
2024-11-13 15:00:00,3535.88
2024-11-13 16:00:00,3921.62
2024-11-13 17:00:00,4132.85
2024-11-13 18:00:00,4195.6
2024-11-13 19:00:00,3700.09
2024-11-13 20:00:00,4065.57
2024-11-13 21:00:00,4077.69
2024-11-13 22:00:00,3230.25
2024-11-13 23:00:00,2262.91
2024-11-14 00:00:00,1890.37
2024-11-14 01:00:00,1718.03
2024-11-14 02:00:00,1648.94
2024-11-14 03:00:00,1678.96
2024-11-14 04:00:00,1715.31
2024-11-14 05:00:00,2009.55
2024-11-14 06:00:00,3245.08
2024-11-14 07:00:00,4350.95
2024-11-14 08:00:00,4526.91
2024-11-14 09:00:00,4600.15
2024-11-14 10:00:00,4379.16
2024-11-14 11:00:00,3823.42
2024-11-14 12:00:00,3827.04
2024-11-14 13:00:00,3635.71
2024-11-14 14:00:00,3579.1
2024-11-14 15:00:00,3486.15
2024-11-14 16:00:00,3522.32
2024-11-14 17:00:00,3495.19
2024-11-14 18:00:00,3531.9
2024-11-14 19:00:00,3715.1
2024-11-14 20:00:00,3901.73
2024-11-14 21:00:00,3823.42
2024-11-14 22:00:00,3223.56
2024-11-14 23:00:00,2369.43
2024-11-15 00:00:00,1921.3
2024-11-15 01:00:00,2030.35
2024-11-15 02:00:00,1997.79
2024-11-15 03:00:00,1968.68
2024-11-15 04:00:00,2091.83
2024-11-15 05:00:00,1941.73
2024-11-15 06:00:00,3232.96
2024-11-15 07:00:00,4057.8
2024-11-15 08:00:00,4086.55
2024-11-15 09:00:00,4259.8
2024-11-15 10:00:00,4009.15
2024-11-15 11:00:00,3696.47
2024-11-15 12:00:00,3525.21
2024-11-15 13:00:00,3473.67
2024-11-15 14:00:00,3296.62
2024-11-15 15:00:00,3367.69
2024-11-15 16:00:00,3312.9
2024-11-15 17:00:00,3529.01
2024-11-15 18:00:00,3362.09
2024-11-15 19:00:00,3516.89
2024-11-15 20:00:00,3561.02
2024-11-15 21:00:00,3728.3
2024-11-15 22:00:00,3250.51
2024-11-15 23:00:00,2252.06
2024-11-16 00:00:00,1868.13
2024-11-16 01:00:00,1622.54
2024-11-16 02:00:00,1585.83
2024-11-16 03:00:00,1605.54
2024-11-16 04:00:00,1659.07
2024-11-16 05:00:00,2702.0
2024-11-16 06:00:00,3553.24
2024-11-16 07:00:00,3856.52
2024-11-16 08:00:00,4152.74
2024-11-16 09:00:00,4220.74
2024-11-16 10:00:00,3813.3
2024-11-16 11:00:00,3526.11
2024-11-16 12:00:00,3208.37
2024-11-16 13:00:00,3303.67
2024-11-16 14:00:00,3527.02
2024-11-16 15:00:00,3393.19
2024-11-16 16:00:00,3312.36
2024-11-16 17:00:00,3252.13
2024-11-16 18:00:00,3165.69
2024-11-16 19:00:00,3171.84
2024-11-16 20:00:00,3472.22
2024-11-16 21:00:00,3521.05
2024-11-16 22:00:00,2964.23
2024-11-16 23:00:00,2275.57
2024-11-17 00:00:00,1766.31
2024-11-17 01:00:00,1676.79
2024-11-17 02:00:00,1547.85
2024-11-17 03:00:00,1563.95
2024-11-17 04:00:00,1636.47
2024-11-17 05:00:00,1769.21
2024-11-17 06:00:00,2399.99
2024-11-17 07:00:00,3022.1
2024-11-17 08:00:00,3513.64
2024-11-17 09:00:00,3932.83
2024-11-17 10:00:00,3493.56
2024-11-17 11:00:00,3517.07
2024-11-17 12:00:00,3140.91
2024-11-17 13:00:00,3179.25
2024-11-17 14:00:00,2986.83
2024-11-17 15:00:00,2846.5
2024-11-17 16:00:00,3028.43
2024-11-17 17:00:00,3112.16
2024-11-17 18:00:00,3200.05
2024-11-17 19:00:00,3276.91
2024-11-17 20:00:00,3251.59
2024-11-17 21:00:00,3217.41
2024-11-17 22:00:00,2875.8
2024-11-17 23:00:00,2066.15
2024-11-18 00:00:00,1737.74
2024-11-18 01:00:00,1958.37
2024-11-18 02:00:00,1962.53
2024-11-18 03:00:00,1905.56
2024-11-18 04:00:00,1646.41
2024-11-18 05:00:00,1808.27
2024-11-18 06:00:00,2841.62
2024-11-18 07:00:00,3466.8
2024-11-18 08:00:00,3733.54
2024-11-18 09:00:00,3810.4
2024-11-18 10:00:00,3847.11
2024-11-18 11:00:00,3564.63
2024-11-18 12:00:00,3298.97
2024-11-18 13:00:00,3243.82
2024-11-18 14:00:00,3036.93
2024-11-18 15:00:00,3320.85
2024-11-18 16:00:00,3206.92
2024-11-18 17:00:00,3360.46
2024-11-18 18:00:00,3338.58
2024-11-18 19:00:00,3714.19
2024-11-18 20:00:00,3618.89
2024-11-18 21:00:00,3656.5
2024-11-18 22:00:00,3100.77
2024-11-18 23:00:00,3938.8
2024-11-19 00:00:00,3017.4
2024-11-19 01:00:00,3268.23
2024-11-19 02:00:00,3269.68
2024-11-19 03:00:00,3313.8
2024-11-19 04:00:00,3385.96
2024-11-19 05:00:00,4121.46
2024-11-19 06:00:00,3049.41
2024-11-19 07:00:00,3640.59
2024-11-19 08:00:00,3737.52
2024-11-19 09:00:00,3965.75
2024-11-19 10:00:00,3659.76
2024-11-19 11:00:00,3564.09
2024-11-19 12:00:00,3425.02
2024-11-19 13:00:00,3292.46
2024-11-19 14:00:00,2960.07
2024-11-19 15:00:00,2960.43
2024-11-19 16:00:00,3031.68
2024-11-19 17:00:00,3954.17
2024-11-19 18:00:00,4009.87
2024-11-19 19:00:00,3305.3
2024-11-19 20:00:00,3596.28
2024-11-19 21:00:00,3612.92
2024-11-19 22:00:00,4767.98
2024-11-19 23:00:00,4516.42
2024-11-20 00:00:00,3413.45
2024-11-20 01:00:00,3261.72
2024-11-20 02:00:00,3263.71
2024-11-20 03:00:00,3236.58
2024-11-20 04:00:00,1570.28
2024-11-20 05:00:00,2018.41
2024-11-20 06:00:00,2600.01
2024-11-20 07:00:00,3716.0
2024-11-20 08:00:00,3830.66
2024-11-20 09:00:00,3784.18
2024-11-20 10:00:00,3565.54
2024-11-20 11:00:00,3218.68
2024-11-20 12:00:00,3283.6
2024-11-20 13:00:00,3128.26
2024-11-20 14:00:00,3179.8
2024-11-20 15:00:00,2972.19
2024-11-20 16:00:00,2999.86
2024-11-20 17:00:00,3237.85
2024-11-20 18:00:00,3310.55
2024-11-20 19:00:00,3529.37
2024-11-20 20:00:00,3517.25
2024-11-20 21:00:00,3719.98
2024-11-20 22:00:00,3086.3
2024-11-20 23:00:00,2091.29
2024-11-21 00:00:00,1667.39
2024-11-21 01:00:00,1747.32
2024-11-21 02:00:00,1521.99
2024-11-21 03:00:00,1547.31
2024-11-21 04:00:00,1606.26
2024-11-21 05:00:00,1873.19
2024-11-21 06:00:00,2747.03
2024-11-21 07:00:00,3838.61
2024-11-21 08:00:00,3996.85
2024-11-21 09:00:00,4071.18
2024-11-21 10:00:00,4119.65
2024-11-21 11:00:00,4210.25
2024-11-21 12:00:00,3351.06
2024-11-21 13:00:00,3261.9
2024-11-21 14:00:00,3202.58
2024-11-21 15:00:00,3248.7
2024-11-21 16:00:00,3164.06
2024-11-21 17:00:00,3382.34
2024-11-21 18:00:00,3305.12
2024-11-21 19:00:00,3442.74
2024-11-21 20:00:00,3618.16
2024-11-21 21:00:00,3508.57
2024-11-21 22:00:00,3055.01
2024-11-21 23:00:00,2081.16
2024-11-22 00:00:00,1633.93
2024-11-22 01:00:00,1576.43
2024-11-22 02:00:00,1521.09
2024-11-22 03:00:00,1520.36
2024-11-22 04:00:00,1656.72
2024-11-22 05:00:00,1874.64
2024-11-22 06:00:00,2690.43
2024-11-22 07:00:00,3714.92
2024-11-22 08:00:00,3643.84
2024-11-22 09:00:00,3779.3
2024-11-22 10:00:00,3506.76
2024-11-22 11:00:00,3227.9
2024-11-22 12:00:00,3255.39
2024-11-22 13:00:00,3114.51
2024-11-22 14:00:00,3185.22
2024-11-22 15:00:00,3471.14
2024-11-22 16:00:00,3369.68
2024-11-22 17:00:00,3440.03
2024-11-22 18:00:00,3289.93
2024-11-22 19:00:00,3555.59
2024-11-22 20:00:00,3717.63
2024-11-22 21:00:00,3676.22
2024-11-22 22:00:00,3203.49
2024-11-22 23:00:00,2245.73
2024-11-23 00:00:00,1835.58
2024-11-23 01:00:00,1665.94
2024-11-23 02:00:00,1650.39
2024-11-23 03:00:00,1657.44
2024-11-23 04:00:00,1689.09
2024-11-23 05:00:00,1998.7
2024-11-23 06:00:00,3419.6
2024-11-23 07:00:00,4285.84
2024-11-23 08:00:00,4128.87
2024-11-23 09:00:00,4241.17
2024-11-23 10:00:00,4161.24
2024-11-23 11:00:00,3419.6
2024-11-23 12:00:00,3283.78
2024-11-23 13:00:00,3220.12
2024-11-23 14:00:00,3167.68
2024-11-23 15:00:00,3130.24
2024-11-23 16:00:00,3049.05
2024-11-23 17:00:00,3339.84
2024-11-23 18:00:00,3070.2
2024-11-23 19:00:00,3404.22
2024-11-23 20:00:00,3402.05
2024-11-23 21:00:00,3500.25
2024-11-23 22:00:00,2707.25
2024-11-23 23:00:00,2152.78
2024-11-24 00:00:00,1672.09
2024-11-24 01:00:00,1565.57
2024-11-24 02:00:00,1468.28
2024-11-24 03:00:00,1500.83
2024-11-24 04:00:00,1522.35
2024-11-24 05:00:00,1830.69
2024-11-24 06:00:00,2281.54
2024-11-24 07:00:00,2947.77
2024-11-24 08:00:00,3498.99
2024-11-24 09:00:00,3577.29
2024-11-24 10:00:00,3552.88
2024-11-24 11:00:00,3486.87
2024-11-24 12:00:00,3280.53
2024-11-24 13:00:00,3215.42
2024-11-24 14:00:00,3002.93
2024-11-24 15:00:00,2783.56
2024-11-24 16:00:00,2902.2
2024-11-24 17:00:00,3222.11
2024-11-24 18:00:00,3237.12
2024-11-24 19:00:00,4005.35
2024-11-24 20:00:00,4000.65
2024-11-24 21:00:00,3308.56
2024-11-24 22:00:00,2632.74
2024-11-24 23:00:00,2048.61
2024-11-25 00:00:00,1545.5
2024-11-25 01:00:00,1458.51
2024-11-25 02:00:00,1441.33
2024-11-25 03:00:00,1472.44
2024-11-25 04:00:00,1511.5
2024-11-25 05:00:00,1673.36
2024-11-25 06:00:00,2597.11
2024-11-25 07:00:00,3480.0
2024-11-25 08:00:00,3622.32
2024-11-25 09:00:00,3732.28
2024-11-25 10:00:00,3831.2
2024-11-25 11:00:00,3087.2
2024-11-25 12:00:00,3189.38
2024-11-25 13:00:00,3037.83
2024-11-25 14:00:00,3099.5
2024-11-25 15:00:00,2918.48
2024-11-25 16:00:00,3003.29
2024-11-25 17:00:00,3141.82
2024-11-25 18:00:00,3203.49
2024-11-25 19:00:00,3417.06
2024-11-25 20:00:00,3600.98
2024-11-25 21:00:00,3555.41
2024-11-25 22:00:00,4020.72
2024-11-25 23:00:00,3540.4
2024-11-26 00:00:00,2981.23
2024-11-26 01:00:00,2840.35
2024-11-26 02:00:00,1533.2
2024-11-26 03:00:00,1511.86
2024-11-26 04:00:00,1626.16
2024-11-26 05:00:00,1872.83
2024-11-26 06:00:00,2786.1
2024-11-26 07:00:00,3718.71
2024-11-26 08:00:00,3910.59
2024-11-26 09:00:00,3959.24
2024-11-26 10:00:00,3687.07
2024-11-26 11:00:00,3478.37
2024-11-26 12:00:00,3413.45
2024-11-26 13:00:00,3306.93
2024-11-26 14:00:00,3160.26
2024-11-26 15:00:00,3055.74
2024-11-26 16:00:00,3740.42
2024-11-26 17:00:00,4046.59
2024-11-26 18:00:00,3239.47
2024-11-26 19:00:00,3315.61
2024-11-26 20:00:00,3621.42
2024-11-26 21:00:00,3740.78
2024-11-26 22:00:00,2916.49
2024-11-26 23:00:00,2123.66
2024-11-27 00:00:00,1708.62
2024-11-27 01:00:00,1521.81
2024-11-27 02:00:00,1508.07
2024-11-27 03:00:00,1516.02
2024-11-27 04:00:00,1550.38
2024-11-27 05:00:00,1843.89
2024-11-27 06:00:00,2823.35
2024-11-27 07:00:00,3729.2
2024-11-27 08:00:00,3892.69
2024-11-27 09:00:00,3917.82
2024-11-27 10:00:00,3784.0
2024-11-27 11:00:00,3549.62
2024-11-27 12:00:00,3610.57
2024-11-27 13:00:00,3233.87
2024-11-27 14:00:00,3184.5
2024-11-27 15:00:00,3011.07
2024-11-27 16:00:00,3018.66
2024-11-27 17:00:00,3263.89
2024-11-27 18:00:00,3222.29
2024-11-27 19:00:00,3528.46
2024-11-27 20:00:00,3590.31
2024-11-27 21:00:00,3593.39
2024-11-27 22:00:00,2781.58
2024-11-27 23:00:00,2134.15
2024-11-28 00:00:00,1644.06
2024-11-28 01:00:00,1653.28
2024-11-28 02:00:00,1597.58
2024-11-28 03:00:00,1497.76
2024-11-28 04:00:00,1603.19
2024-11-28 05:00:00,2009.19
2024-11-28 06:00:00,2631.84
2024-11-28 07:00:00,3700.81
2024-11-28 08:00:00,3934.82
2024-11-28 09:00:00,3964.3
2024-11-28 10:00:00,4293.26
2024-11-28 11:00:00,4322.74
2024-11-28 12:00:00,3964.84
2024-11-28 13:00:00,3453.41
2024-11-28 14:00:00,3386.86
2024-11-28 15:00:00,3281.25
2024-11-28 16:00:00,3330.08
2024-11-28 17:00:00,3308.92
2024-11-28 18:00:00,3176.54
2024-11-28 19:00:00,3488.86
2024-11-28 20:00:00,3777.13
2024-11-28 21:00:00,3699.0
2024-11-28 22:00:00,2876.52
2024-11-28 23:00:00,2055.3
2024-11-29 00:00:00,1625.98
2024-11-29 01:00:00,1533.2
2024-11-29 02:00:00,1487.09
2024-11-29 03:00:00,1514.03
2024-11-29 04:00:00,1599.57
2024-11-29 05:00:00,1785.3
2024-11-29 06:00:00,2643.59
2024-11-29 07:00:00,3815.29
2024-11-29 08:00:00,3953.09
2024-11-29 09:00:00,3733.54
2024-11-29 10:00:00,3631.73
2024-11-29 11:00:00,3544.38
2024-11-29 12:00:00,3962.13
2024-11-29 13:00:00,3864.84
2024-11-29 14:00:00,3426.83
2024-11-29 15:00:00,3289.75
2024-11-29 16:00:00,3151.58
2024-11-29 17:00:00,3227.0
2024-11-29 18:00:00,3153.39
2024-11-29 19:00:00,3399.88
2024-11-29 20:00:00,3458.84
2024-11-29 21:00:00,3713.29
2024-11-29 22:00:00,3096.61
2024-11-29 23:00:00,2174.66
2024-11-30 00:00:00,1705.19
2024-11-30 01:00:00,1618.02
2024-11-30 02:00:00,1604.64
2024-11-30 03:00:00,1537.54
2024-11-30 04:00:00,1554.0
2024-11-30 05:00:00,1900.14
2024-11-30 06:00:00,2416.81
2024-11-30 07:00:00,3694.3
2024-11-30 08:00:00,3980.4
2024-11-30 09:00:00,4032.3
2024-11-30 10:00:00,3955.08
2024-11-30 11:00:00,3459.56
2024-11-30 12:00:00,3840.24
2024-11-30 13:00:00,3991.61
2024-11-30 14:00:00,3930.12
2024-11-30 15:00:00,3073.82
2024-11-30 16:00:00,3215.97
2024-11-30 17:00:00,3489.04
2024-11-30 18:00:00,3269.68
2024-11-30 19:00:00,3313.8
2024-11-30 20:00:00,3562.64
2024-11-30 21:00:00,3369.86
2024-11-30 22:00:00,2984.48
2024-11-30 23:00:00,2143.92
2024-12-01 00:00:00,1697.23
2024-12-01 01:00:00,1556.71
2024-12-01 02:00:00,1504.45
2024-12-01 03:00:00,1624.17
2024-12-01 04:00:00,1670.83
2024-12-01 05:00:00,1791.63
2024-12-01 06:00:00,2126.56
2024-12-01 07:00:00,3176.72
2024-12-01 08:00:00,3916.02
2024-12-01 09:00:00,4282.05
2024-12-01 10:00:00,4064.31
2024-12-01 11:00:00,3657.41
2024-12-01 12:00:00,3597.01
2024-12-01 13:00:00,3385.78
2024-12-01 14:00:00,3247.25
2024-12-01 15:00:00,3508.57
2024-12-01 16:00:00,3563.37
2024-12-01 17:00:00,3143.08
2024-12-01 18:00:00,3723.05
2024-12-01 19:00:00,4056.89
2024-12-01 20:00:00,3372.76
2024-12-01 21:00:00,3112.52
2024-12-01 22:00:00,2538.88
2024-12-01 23:00:00,1839.74
2024-12-02 00:00:00,1459.6
2024-12-02 01:00:00,1537.0
2024-12-02 02:00:00,1584.92
2024-12-02 03:00:00,1533.38
2024-12-02 04:00:00,1721.64
2024-12-02 05:00:00,2095.81
2024-12-02 06:00:00,2389.14
2024-12-02 07:00:00,3826.68
2024-12-02 08:00:00,3999.02
2024-12-02 09:00:00,4060.15
2024-12-02 10:00:00,3922.53
2024-12-02 11:00:00,3570.24
2024-12-02 12:00:00,3487.59
2024-12-02 13:00:00,3209.82
2024-12-02 14:00:00,3254.85
2024-12-02 15:00:00,3184.5
2024-12-02 16:00:00,3155.2
2024-12-02 17:00:00,3333.7
2024-12-02 18:00:00,3183.77
2024-12-02 19:00:00,3398.44
2024-12-02 20:00:00,3660.12
2024-12-02 21:00:00,3645.29
2024-12-02 22:00:00,3014.87
2024-12-02 23:00:00,1999.6
2024-12-03 00:00:00,1673.72
2024-12-03 01:00:00,1515.12
2024-12-03 02:00:00,1522.35
2024-12-03 03:00:00,1568.11
2024-12-03 04:00:00,1932.15
2024-12-03 05:00:00,2099.25
2024-12-03 06:00:00,3030.42
2024-12-03 07:00:00,3726.85
2024-12-03 08:00:00,3951.1
2024-12-03 09:00:00,3932.83
2024-12-03 10:00:00,3778.94
2024-12-03 11:00:00,3614.0
2024-12-03 12:00:00,3591.76
2024-12-03 13:00:00,3370.41
2024-12-03 14:00:00,3231.7
2024-12-03 15:00:00,3136.76
2024-12-03 16:00:00,3215.6
2024-12-03 17:00:00,3372.03
2024-12-03 18:00:00,3345.63
2024-12-03 19:00:00,3259.01
2024-12-03 20:00:00,3472.76
2024-12-03 21:00:00,3400.43
2024-12-03 22:00:00,2811.05
2024-12-03 23:00:00,2037.58
2024-12-04 00:00:00,1644.06
2024-12-04 01:00:00,1553.1
2024-12-04 02:00:00,1470.09
2024-12-04 03:00:00,1489.44
2024-12-04 04:00:00,1577.87
2024-12-04 05:00:00,1803.2
2024-12-04 06:00:00,2352.43
2024-12-04 07:00:00,3400.97
2024-12-04 08:00:00,3685.08
2024-12-04 09:00:00,3744.03
2024-12-04 10:00:00,3878.76
2024-12-04 11:00:00,3459.38
2024-12-04 12:00:00,3276.91
2024-12-04 13:00:00,3189.38
2024-12-04 14:00:00,3648.73
2024-12-04 15:00:00,3558.85
2024-12-04 16:00:00,3016.85
2024-12-04 17:00:00,3277.63
2024-12-04 18:00:00,3105.65
2024-12-04 19:00:00,3194.08
2024-12-04 20:00:00,3447.63
2024-12-04 21:00:00,3185.76
2024-12-04 22:00:00,3002.57
2024-12-04 23:00:00,1996.35
2024-12-05 00:00:00,1600.84
2024-12-05 01:00:00,1497.22
2024-12-05 02:00:00,1491.61
2024-12-05 03:00:00,1494.86
2024-12-05 04:00:00,1588.54
2024-12-05 05:00:00,1735.75
2024-12-05 06:00:00,2441.59
2024-12-05 07:00:00,3510.74
2024-12-05 08:00:00,3680.92
2024-12-05 09:00:00,3814.74
2024-12-05 10:00:00,3714.55
2024-12-05 11:00:00,3363.17
2024-12-05 12:00:00,3319.59
2024-12-05 13:00:00,3235.86
2024-12-05 14:00:00,3219.58
2024-12-05 15:00:00,2991.72
2024-12-05 16:00:00,3008.17
2024-12-05 17:00:00,3183.96
2024-12-05 18:00:00,3300.6
2024-12-05 19:00:00,3201.32
2024-12-05 20:00:00,4242.98
2024-12-05 21:00:00,4291.09
2024-12-05 22:00:00,2977.43
2024-12-05 23:00:00,2177.55
2024-12-06 00:00:00,1642.43
2024-12-06 01:00:00,1570.46
2024-12-06 02:00:00,1518.92
2024-12-06 03:00:00,1498.84
2024-12-06 04:00:00,1559.79
2024-12-06 05:00:00,2005.39
2024-12-06 06:00:00,2353.88
2024-12-06 07:00:00,3558.49
2024-12-06 08:00:00,3640.95
2024-12-06 09:00:00,4170.46
2024-12-06 10:00:00,3844.94
2024-12-06 11:00:00,3521.95
2024-12-06 12:00:00,3540.04
2024-12-06 13:00:00,3536.24
2024-12-06 14:00:00,3348.71
2024-12-06 15:00:00,2952.65
2024-12-06 16:00:00,2968.21
2024-12-06 17:00:00,3220.85
2024-12-06 18:00:00,3283.6
2024-12-06 19:00:00,3129.16
2024-12-06 20:00:00,3436.05
2024-12-06 21:00:00,3544.92
2024-12-06 22:00:00,3240.56
2024-12-06 23:00:00,2127.46
2024-12-07 00:00:00,1703.56
2024-12-07 01:00:00,1578.6
2024-12-07 02:00:00,1518.92
2024-12-07 03:00:00,1484.19
2024-12-07 04:00:00,1908.28
2024-12-07 05:00:00,2061.99
2024-12-07 06:00:00,2876.88
2024-12-07 07:00:00,3321.94
2024-12-07 08:00:00,3796.3
2024-12-07 09:00:00,3847.29
2024-12-07 10:00:00,3885.27
2024-12-07 11:00:00,3749.82
2024-12-07 12:00:00,3366.07
2024-12-07 13:00:00,3366.43
2024-12-07 14:00:00,3251.77
2024-12-07 15:00:00,3064.42
2024-12-07 16:00:00,3053.57
2024-12-07 17:00:00,3161.71
2024-12-07 18:00:00,3142.0
2024-12-07 19:00:00,3296.62
2024-12-07 20:00:00,3360.82
2024-12-07 21:00:00,3252.5
2024-12-07 22:00:00,2882.67
2024-12-07 23:00:00,2039.75
2024-12-08 00:00:00,1696.51
2024-12-08 01:00:00,1589.81
2024-12-08 02:00:00,1526.33
2024-12-08 03:00:00,1567.2
2024-12-08 04:00:00,1613.68
2024-12-08 05:00:00,1713.51
2024-12-08 06:00:00,2143.01
2024-12-08 07:00:00,2958.98
2024-12-08 08:00:00,3620.33
2024-12-08 09:00:00,4004.99
2024-12-08 10:00:00,3758.14
2024-12-08 11:00:00,3575.3
2024-12-08 12:00:00,4004.99
2024-12-08 13:00:00,3865.56
2024-12-08 14:00:00,3132.41
2024-12-08 15:00:00,2956.63
2024-12-08 16:00:00,3144.17
2024-12-08 17:00:00,3230.07
2024-12-08 18:00:00,3333.51
2024-12-08 19:00:00,3501.16
2024-12-08 20:00:00,3458.66
2024-12-08 21:00:00,3240.38
2024-12-08 22:00:00,2662.76
2024-12-08 23:00:00,1962.71
2024-12-09 00:00:00,1626.7
2024-12-09 01:00:00,1512.95
2024-12-09 02:00:00,1489.26
2024-12-09 03:00:00,1467.74
2024-12-09 04:00:00,1560.87
2024-12-09 05:00:00,1749.86
2024-12-09 06:00:00,2361.47
2024-12-09 07:00:00,3782.73
2024-12-09 08:00:00,3810.04
2024-12-09 09:00:00,4152.74
2024-12-09 10:00:00,3927.95
2024-12-09 11:00:00,3308.92
2024-12-09 12:00:00,3507.13
2024-12-09 13:00:00,3220.49
2024-12-09 14:00:00,3328.09
2024-12-09 15:00:00,3476.02
2024-12-09 16:00:00,3510.02
2024-12-09 17:00:00,3310.19
2024-12-09 18:00:00,3310.0
2024-12-09 19:00:00,3455.22
2024-12-09 20:00:00,3486.51
2024-12-09 21:00:00,3366.25
2024-12-09 22:00:00,2712.31
2024-12-09 23:00:00,2020.58
2024-12-10 00:00:00,1604.28
2024-12-10 01:00:00,1592.88
2024-12-10 02:00:00,1501.19
2024-12-10 03:00:00,1558.88
2024-12-10 04:00:00,1591.98
2024-12-10 05:00:00,2220.96
2024-12-10 06:00:00,2550.09
2024-12-10 07:00:00,3697.01
2024-12-10 08:00:00,3704.25
2024-12-10 09:00:00,3796.48
2024-12-10 10:00:00,3868.09
2024-12-10 11:00:00,3594.47
2024-12-10 12:00:00,3686.52
2024-12-10 13:00:00,3064.24
2024-12-10 14:00:00,3021.56
2024-12-10 15:00:00,2983.76
2024-12-10 16:00:00,3079.97
2024-12-10 17:00:00,3818.54
2024-12-10 18:00:00,4192.71
2024-12-10 19:00:00,3599.72
2024-12-10 20:00:00,3576.57
2024-12-10 21:00:00,3371.13
2024-12-10 22:00:00,2979.06
2024-12-10 23:00:00,2154.22
2024-12-11 00:00:00,1664.68
2024-12-11 01:00:00,1699.58
2024-12-11 02:00:00,1725.98
2024-12-11 03:00:00,1680.05
2024-12-11 04:00:00,1715.31
2024-12-11 05:00:00,1821.65
2024-12-11 06:00:00,2575.23
2024-12-11 07:00:00,3561.02
2024-12-11 08:00:00,3536.6
2024-12-11 09:00:00,3707.68
2024-12-11 10:00:00,3629.92
2024-12-11 11:00:00,3383.97
2024-12-11 12:00:00,3423.94
2024-12-11 13:00:00,3002.57
2024-12-11 14:00:00,3050.85
2024-12-11 15:00:00,3021.19
2024-12-11 16:00:00,3123.37
2024-12-11 17:00:00,3168.76
2024-12-11 18:00:00,3141.64
2024-12-11 19:00:00,3305.48
2024-12-11 20:00:00,3527.2
2024-12-11 21:00:00,3428.28
2024-12-11 22:00:00,2801.83
2024-12-11 23:00:00,2016.06
2024-12-12 00:00:00,1622.54
2024-12-12 01:00:00,1811.16
2024-12-12 02:00:00,1847.51
2024-12-12 03:00:00,1847.15
2024-12-12 04:00:00,1911.17
2024-12-12 05:00:00,1725.8
2024-12-12 06:00:00,2412.47
2024-12-12 07:00:00,3515.63
2024-12-12 08:00:00,3748.91
2024-12-12 09:00:00,3450.7
2024-12-12 10:00:00,3304.04
2024-12-12 11:00:00,3019.75
2024-12-12 12:00:00,2970.92
2024-12-12 13:00:00,2883.39
2024-12-12 14:00:00,2857.53
2024-12-12 15:00:00,3059.35
2024-12-12 16:00:00,3116.5
2024-12-12 17:00:00,3182.87
2024-12-12 18:00:00,3053.39
2024-12-12 19:00:00,3148.51
2024-12-12 20:00:00,3486.51
2024-12-12 21:00:00,3565.0
2024-12-12 22:00:00,2721.35
2024-12-12 23:00:00,2002.31
2024-12-13 00:00:00,1589.45
2024-12-13 01:00:00,1455.62
2024-12-13 02:00:00,1457.97
2024-12-13 03:00:00,1446.4
2024-12-13 04:00:00,1508.07
2024-12-13 05:00:00,1635.02
2024-12-13 06:00:00,2311.74
2024-12-13 07:00:00,3438.22
2024-12-13 08:00:00,3665.0
2024-12-13 09:00:00,3961.95
2024-12-13 10:00:00,4392.72
2024-12-13 11:00:00,4193.97
2024-12-13 12:00:00,3312.54
2024-12-13 13:00:00,3239.84
2024-12-13 14:00:00,3224.1
2024-12-13 15:00:00,2964.41
2024-12-13 16:00:00,2979.6
2024-12-13 17:00:00,3142.36
2024-12-13 18:00:00,3184.68
2024-12-13 19:00:00,3300.06
2024-12-13 20:00:00,3369.68
2024-12-13 21:00:00,3416.52
2024-12-13 22:00:00,2946.33
2024-12-13 23:00:00,2080.44
2024-12-14 00:00:00,1597.76
2024-12-14 01:00:00,1505.35
2024-12-14 02:00:00,1486.36
2024-12-14 03:00:00,1475.33
2024-12-14 04:00:00,1506.26
2024-12-14 05:00:00,1887.3
2024-12-14 06:00:00,2228.01
2024-12-14 07:00:00,3205.84
2024-12-14 08:00:00,3748.01
2024-12-14 09:00:00,4067.93
2024-12-14 10:00:00,3982.39
2024-12-14 11:00:00,3562.64
2024-12-14 12:00:00,3502.06
2024-12-14 13:00:00,3319.59
2024-12-14 14:00:00,3364.26
2024-12-14 15:00:00,2982.68
2024-12-14 16:00:00,3060.08
2024-12-14 17:00:00,4010.6
2024-12-14 18:00:00,4009.51
2024-12-14 19:00:00,3387.41
2024-12-14 20:00:00,3311.81
2024-12-14 21:00:00,3302.77
2024-12-14 22:00:00,2909.61
2024-12-14 23:00:00,2078.81
2024-12-15 00:00:00,1645.51
2024-12-15 01:00:00,1545.32
2024-12-15 02:00:00,1593.24
2024-12-15 03:00:00,1494.68
2024-12-15 04:00:00,1563.04
2024-12-15 05:00:00,1594.87
2024-12-15 06:00:00,2217.7
2024-12-15 07:00:00,3010.71
2024-12-15 08:00:00,3682.0
2024-12-15 09:00:00,4064.13
2024-12-15 10:00:00,4118.92
2024-12-15 11:00:00,3683.09
2024-12-15 12:00:00,3555.95
2024-12-15 13:00:00,3373.12
2024-12-15 14:00:00,3229.71
2024-12-15 15:00:00,3037.83
2024-12-15 16:00:00,3147.24
2024-12-15 17:00:00,3267.51
2024-12-15 18:00:00,3313.26
2024-12-15 19:00:00,3455.04
2024-12-15 20:00:00,3634.62
2024-12-15 21:00:00,4161.06
2024-12-15 22:00:00,2913.05
2024-12-15 23:00:00,1964.52
2024-12-16 00:00:00,1543.33
2024-12-16 01:00:00,1442.42
2024-12-16 02:00:00,1426.32
2024-12-16 03:00:00,1433.74
2024-12-16 04:00:00,1538.27
2024-12-16 05:00:00,1728.33
2024-12-16 06:00:00,2442.31
2024-12-16 07:00:00,3569.7
2024-12-16 08:00:00,3714.74
2024-12-16 09:00:00,4190.72
2024-12-16 10:00:00,3814.92
2024-12-16 11:00:00,3609.66
2024-12-16 12:00:00,3448.89
2024-12-16 13:00:00,3361.18
2024-12-16 14:00:00,3418.69
2024-12-16 15:00:00,3132.6
2024-12-16 16:00:00,3159.9
2024-12-16 17:00:00,3332.97
2024-12-16 18:00:00,3208.55
2024-12-16 19:00:00,3434.61
2024-12-16 20:00:00,3715.1
2024-12-16 21:00:00,3430.09
2024-12-16 22:00:00,2930.59
2024-12-16 23:00:00,1981.7
2024-12-17 00:00:00,1639.54
2024-12-17 01:00:00,1493.24
2024-12-17 02:00:00,1869.03
2024-12-17 03:00:00,2021.12
2024-12-17 04:00:00,2021.85
2024-12-17 05:00:00,2035.41
2024-12-17 06:00:00,2609.59
2024-12-17 07:00:00,3686.89
2024-12-17 08:00:00,3844.58
2024-12-17 09:00:00,3939.53
2024-12-17 10:00:00,3745.84
2024-12-17 11:00:00,3428.46
2024-12-17 12:00:00,3477.11
2024-12-17 13:00:00,3220.12
2024-12-17 14:00:00,3232.24
2024-12-17 15:00:00,3519.6
2024-12-17 16:00:00,3105.11
2024-12-17 17:00:00,3225.01
2024-12-17 18:00:00,3212.89
2024-12-17 19:00:00,3471.5
2024-12-17 20:00:00,3610.93
2024-12-17 21:00:00,3447.99
2024-12-17 22:00:00,2766.2
2024-12-17 23:00:00,2120.59
2024-12-18 00:00:00,1687.28
2024-12-18 01:00:00,1675.17
2024-12-18 02:00:00,1552.01
2024-12-18 03:00:00,1536.1
2024-12-18 04:00:00,1629.96
2024-12-18 05:00:00,2145.36
2024-12-18 06:00:00,2733.83
2024-12-18 07:00:00,3651.44
2024-12-18 08:00:00,4336.48
2024-12-18 09:00:00,4561.27
2024-12-18 10:00:00,3976.78
2024-12-18 11:00:00,3438.77
2024-12-18 12:00:00,3443.29
2024-12-18 13:00:00,3321.58
2024-12-18 14:00:00,3324.65
2024-12-18 15:00:00,3170.39
2024-12-18 16:00:00,3221.03
2024-12-18 17:00:00,3367.87
2024-12-18 18:00:00,3354.85
2024-12-18 19:00:00,3600.98
2024-12-18 20:00:00,3585.97
2024-12-18 21:00:00,3531.9
2024-12-18 22:00:00,2851.02
2024-12-18 23:00:00,2054.58
2024-12-19 00:00:00,1635.92
2024-12-19 01:00:00,1499.75
2024-12-19 02:00:00,1470.81
2024-12-19 03:00:00,1638.09
2024-12-19 04:00:00,1746.06
2024-12-19 05:00:00,1864.15
2024-12-19 06:00:00,2362.92
2024-12-19 07:00:00,3579.28
2024-12-19 08:00:00,3702.98
2024-12-19 09:00:00,3962.67
2024-12-19 10:00:00,3831.74
2024-12-19 11:00:00,3177.44
2024-12-19 12:00:00,3554.15
2024-12-19 13:00:00,3889.07
2024-12-19 14:00:00,3886.9
2024-12-19 15:00:00,3118.49
2024-12-19 16:00:00,3060.98
2024-12-19 17:00:00,3032.77
2024-12-19 18:00:00,3166.96
2024-12-19 19:00:00,3297.53
2024-12-19 20:00:00,3471.5
2024-12-19 21:00:00,3310.19
2024-12-19 22:00:00,2796.4
2024-12-19 23:00:00,2009.73
2024-12-20 00:00:00,1730.32
2024-12-20 01:00:00,1588.18
2024-12-20 02:00:00,1735.21
2024-12-20 03:00:00,1734.66
2024-12-20 04:00:00,1638.64
2024-12-20 05:00:00,1785.3
2024-12-20 06:00:00,2347.01
2024-12-20 07:00:00,3481.99
2024-12-20 08:00:00,3750.18
2024-12-20 09:00:00,3906.43
2024-12-20 10:00:00,3862.85
2024-12-20 11:00:00,3410.19
2024-12-20 12:00:00,3427.01
2024-12-20 13:00:00,3144.89
2024-12-20 14:00:00,3289.21
2024-12-20 15:00:00,3075.09
2024-12-20 16:00:00,3089.92
2024-12-20 17:00:00,3969.18
2024-12-20 18:00:00,3863.03
2024-12-20 19:00:00,3327.73
2024-12-20 20:00:00,3340.75
2024-12-20 21:00:00,3364.08
2024-12-20 22:00:00,2932.76
2024-12-20 23:00:00,2078.45
2024-12-21 00:00:00,1713.51
2024-12-21 01:00:00,1613.32
2024-12-21 02:00:00,1607.17
2024-12-21 03:00:00,1500.83
2024-12-21 04:00:00,1539.53
2024-12-21 05:00:00,1670.65
2024-12-21 06:00:00,2142.65
2024-12-21 07:00:00,3073.64
2024-12-21 08:00:00,3650.9
2024-12-21 09:00:00,3902.63
2024-12-21 10:00:00,3882.02
2024-12-21 11:00:00,3479.09
2024-12-21 12:00:00,3305.84
2024-12-21 13:00:00,3297.16
2024-12-21 14:00:00,3172.74
2024-12-21 15:00:00,3091.0
2024-12-21 16:00:00,2969.47
2024-12-21 17:00:00,3063.87
2024-12-21 18:00:00,3115.23
2024-12-21 19:00:00,3557.76
2024-12-21 20:00:00,3170.21
2024-12-21 21:00:00,3230.25
2024-12-21 22:00:00,2732.75
2024-12-21 23:00:00,2655.89
2024-12-22 00:00:00,2022.21
2024-12-22 01:00:00,1460.32
2024-12-22 02:00:00,1413.66
2024-12-22 03:00:00,1415.65
2024-12-22 04:00:00,1487.81
2024-12-22 05:00:00,1899.78
2024-12-22 06:00:00,1952.94
2024-12-22 07:00:00,2852.47
2024-12-22 08:00:00,3255.93
2024-12-22 09:00:00,3666.27
2024-12-22 10:00:00,3569.7
2024-12-22 11:00:00,3376.92
2024-12-22 12:00:00,3257.56
2024-12-22 13:00:00,3249.06
2024-12-22 14:00:00,3221.03
2024-12-22 15:00:00,3041.63
2024-12-22 16:00:00,3052.84
2024-12-22 17:00:00,3177.81
2024-12-22 18:00:00,3227.36
2024-12-22 19:00:00,3462.64
2024-12-22 20:00:00,3515.08
2024-12-22 21:00:00,3321.04
2024-12-22 22:00:00,2678.13
2024-12-22 23:00:00,1972.48
2024-12-23 00:00:00,1608.8
2024-12-23 01:00:00,1446.94
2024-12-23 02:00:00,1437.17
2024-12-23 03:00:00,1475.69
2024-12-23 04:00:00,1524.16
2024-12-23 05:00:00,1648.94
2024-12-23 06:00:00,3072.92
2024-12-23 07:00:00,3931.57
2024-12-23 08:00:00,3583.98
2024-12-23 09:00:00,3642.76
2024-12-23 10:00:00,3448.71
2024-12-23 11:00:00,3247.43
2024-12-23 12:00:00,3141.64
2024-12-23 13:00:00,3022.1
2024-12-23 14:00:00,2902.2
2024-12-23 15:00:00,3497.72
2024-12-23 16:00:00,3496.09
2024-12-23 17:00:00,3721.79
2024-12-23 18:00:00,3193.36
2024-12-23 19:00:00,3192.64
2024-12-23 20:00:00,3481.63
2024-12-23 21:00:00,3150.32
2024-12-23 22:00:00,2740.16
2024-12-23 23:00:00,1953.31
2024-12-24 00:00:00,1566.48
2024-12-24 01:00:00,1441.15
2024-12-24 02:00:00,1378.04
2024-12-24 03:00:00,1454.17
2024-12-24 04:00:00,1483.65
2024-12-24 05:00:00,1725.44
2024-12-24 06:00:00,2287.33
2024-12-24 07:00:00,3333.69
2024-12-24 08:00:00,3703.16
2024-12-24 09:00:00,4021.81
2024-12-24 10:00:00,3871.35
2024-12-24 11:00:00,3543.66
2024-12-24 12:00:00,4099.75
2024-12-24 13:00:00,3804.62
2024-12-24 14:00:00,3302.05
2024-12-24 15:00:00,3083.41
2024-12-24 16:00:00,3146.16
2024-12-24 17:00:00,3240.56
2024-12-24 18:00:00,3127.71
2024-12-24 19:00:00,3487.41
2024-12-24 20:00:00,3399.16
2024-12-24 21:00:00,3428.1
2024-12-24 22:00:00,2828.05
2024-12-24 23:00:00,2013.53
2024-12-25 00:00:00,1587.09
2024-12-25 01:00:00,1456.34
2024-12-25 02:00:00,1431.57
2024-12-25 03:00:00,1429.76
2024-12-25 04:00:00,1493.06
2024-12-25 05:00:00,1644.42
2024-12-25 06:00:00,2250.43
2024-12-25 07:00:00,3506.04
2024-12-25 08:00:00,3653.61
2024-12-25 09:00:00,3803.35
2024-12-25 10:00:00,3622.5
2024-12-25 11:00:00,3122.47
2024-12-25 12:00:00,3238.39
2024-12-25 13:00:00,3029.69
2024-12-25 14:00:00,3076.17
2024-12-25 15:00:00,3002.57
2024-12-25 16:00:00,2906.0
2024-12-25 17:00:00,3776.22
2024-12-25 18:00:00,3887.08
2024-12-25 19:00:00,3094.26
2024-12-25 20:00:00,3536.06
2024-12-25 21:00:00,3136.21
2024-12-25 22:00:00,2675.42
2024-12-25 23:00:00,1999.78
2024-12-26 00:00:00,1648.04
2024-12-26 01:00:00,1485.46
2024-12-26 02:00:00,1405.89
2024-12-26 03:00:00,1491.07
2024-12-26 04:00:00,1614.22
2024-12-26 05:00:00,1831.96
2024-12-26 06:00:00,2161.82
2024-12-26 07:00:00,3324.65
2024-12-26 08:00:00,3480.0
2024-12-26 09:00:00,3326.82
2024-12-26 10:00:00,3320.31
2024-12-26 11:00:00,3057.91
2024-12-26 12:00:00,3017.76
2024-12-26 13:00:00,3041.99
2024-12-26 14:00:00,3007.81
2024-12-26 15:00:00,2872.18
2024-12-26 16:00:00,2836.73
2024-12-26 17:00:00,3537.51
2024-12-26 18:00:00,3263.35
2024-12-26 19:00:00,3536.6
2024-12-26 20:00:00,3329.72
2024-12-26 21:00:00,3328.99
2024-12-26 22:00:00,2568.0
2024-12-26 23:00:00,2051.5
2024-12-27 00:00:00,1631.4
2024-12-27 01:00:00,1478.23
2024-12-27 02:00:00,1461.23
2024-12-27 03:00:00,1878.44
2024-12-27 04:00:00,1950.77
2024-12-27 05:00:00,2036.13
2024-12-27 06:00:00,2606.7
2024-12-27 07:00:00,3499.35
2024-12-27 08:00:00,3743.85
2024-12-27 09:00:00,3943.68
2024-12-27 10:00:00,3770.25
2024-12-27 11:00:00,3231.34
2024-12-27 12:00:00,3243.82
2024-12-27 13:00:00,3132.6
2024-12-27 14:00:00,3079.07
2024-12-27 15:00:00,2862.77
2024-12-27 16:00:00,2836.01
2024-12-27 17:00:00,2988.1
2024-12-27 18:00:00,3041.81
2024-12-27 19:00:00,3029.69
2024-12-27 20:00:00,3369.5
2024-12-27 21:00:00,3180.7
2024-12-27 22:00:00,2915.94
2024-12-27 23:00:00,1989.11
2024-12-28 00:00:00,1590.89
2024-12-28 01:00:00,1455.62
2024-12-28 02:00:00,1407.7
2024-12-28 03:00:00,1441.88
2024-12-28 04:00:00,1462.49
2024-12-28 05:00:00,1633.21
2024-12-28 06:00:00,2161.64
2024-12-28 07:00:00,3006.91
2024-12-28 08:00:00,3887.98
2024-12-28 09:00:00,4229.42
2024-12-28 10:00:00,4593.46
2024-12-28 11:00:00,4121.82
2024-12-28 12:00:00,3524.31
2024-12-28 13:00:00,3360.82
2024-12-28 14:00:00,3349.25
2024-12-28 15:00:00,2989.0
2024-12-28 16:00:00,3197.16
2024-12-28 17:00:00,3224.1
2024-12-28 18:00:00,3136.03
2024-12-28 19:00:00,3270.76
2024-12-28 20:00:00,3373.3
2024-12-28 21:00:00,3392.29
2024-12-28 22:00:00,2826.97
2024-12-28 23:00:00,2078.63
2024-12-29 00:00:00,1638.45
2024-12-29 01:00:00,1594.33
2024-12-29 02:00:00,1508.97
2024-12-29 03:00:00,1522.17
2024-12-29 04:00:00,1525.97
2024-12-29 05:00:00,1658.71
2024-12-29 06:00:00,2180.81
2024-12-29 07:00:00,3055.01
2024-12-29 08:00:00,3396.09
2024-12-29 09:00:00,3517.07
2024-12-29 10:00:00,3654.69
2024-12-29 11:00:00,3466.62
2024-12-29 12:00:00,3391.38
2024-12-29 13:00:00,3453.23
2024-12-29 14:00:00,3935.0
2024-12-29 15:00:00,3040.36
2024-12-29 16:00:00,3354.31
2024-12-29 17:00:00,3433.34
2024-12-29 18:00:00,3289.03
2024-12-29 19:00:00,3508.93
2024-12-29 20:00:00,3598.27
2024-12-29 21:00:00,3426.65
2024-12-29 22:00:00,2930.41
2024-12-29 23:00:00,1960.72
2024-12-30 00:00:00,1655.45
2024-12-30 01:00:00,1508.43
2024-12-30 02:00:00,1512.04
2024-12-30 03:00:00,1491.97
2024-12-30 04:00:00,1547.13
2024-12-30 05:00:00,1942.09
2024-12-30 06:00:00,2343.03
2024-12-30 07:00:00,3447.08
2024-12-30 08:00:00,3694.84
2024-12-30 09:00:00,3898.47
2024-12-30 10:00:00,3653.61
2024-12-30 11:00:00,3212.17
2024-12-30 12:00:00,3263.71
2024-12-30 13:00:00,3138.02
2024-12-30 14:00:00,3061.16
2024-12-30 15:00:00,3006.18
2024-12-30 16:00:00,3060.62
2024-12-30 17:00:00,3769.53
2024-12-30 18:00:00,3270.04
2024-12-30 19:00:00,3223.38
2024-12-30 20:00:00,3267.14
2024-12-30 21:00:00,3095.7
2024-12-30 22:00:00,2726.42
2024-12-30 23:00:00,2001.95
2024-12-31 00:00:00,1618.02
2024-12-31 01:00:00,1453.99
2024-12-31 02:00:00,1416.92
2024-12-31 03:00:00,1541.34
2024-12-31 04:00:00,1603.01
2024-12-31 05:00:00,1594.69
2024-12-31 06:00:00,2186.6
2024-12-31 07:00:00,3373.48
2024-12-31 08:00:00,3483.07
2024-12-31 09:00:00,3948.57
2024-12-31 10:00:00,3849.1
2024-12-31 11:00:00,3397.17
2024-12-31 12:00:00,3405.85
2024-12-31 13:00:00,3091.36
2024-12-31 14:00:00,3129.52
2024-12-31 15:00:00,3058.09
2024-12-31 16:00:00,3029.69
2024-12-31 17:00:00,2971.82
2024-12-31 18:00:00,2970.92
2024-12-31 19:00:00,3164.61
2024-12-31 20:00:00,2930.77
2024-12-31 21:00:00,3059.9
2024-12-31 22:00:00,3430.99
2024-12-31 23:00:00,2682.65
2025-01-01 00:00:00,1621.64
2025-01-01 01:00:00,1487.81
2025-01-01 02:00:00,1408.24
2025-01-01 03:00:00,1389.97
2025-01-01 04:00:00,1446.76
2025-01-01 05:00:00,1565.94
2025-01-01 06:00:00,1902.13
2025-01-01 07:00:00,2586.62
2025-01-01 08:00:00,3263.89
2025-01-01 09:00:00,3615.45
2025-01-01 10:00:00,3561.02
2025-01-01 11:00:00,3245.44
2025-01-01 12:00:00,3182.33
2025-01-01 13:00:00,3010.16
2025-01-01 14:00:00,2979.06
2025-01-01 15:00:00,2719.18
2025-01-01 16:00:00,2720.45
2025-01-01 17:00:00,2908.71
2025-01-01 18:00:00,2944.88
2025-01-01 19:00:00,3114.87
2025-01-01 20:00:00,3218.68
2025-01-01 21:00:00,2974.54
2025-01-01 22:00:00,2433.45
2025-01-01 23:00:00,1972.66
2025-01-02 00:00:00,1898.15
2025-01-02 01:00:00,1789.46
2025-01-02 02:00:00,1789.1
2025-01-02 03:00:00,1359.77
2025-01-02 04:00:00,1431.03
2025-01-02 05:00:00,1554.9
2025-01-02 06:00:00,2141.2
2025-01-02 07:00:00,3263.89
2025-01-02 08:00:00,3481.45
2025-01-02 09:00:00,3560.47
2025-01-02 10:00:00,3634.98
2025-01-02 11:00:00,3518.88
2025-01-02 12:00:00,3368.96
2025-01-02 13:00:00,3313.44
2025-01-02 14:00:00,3409.29
2025-01-02 15:00:00,3189.56
2025-01-02 16:00:00,2972.37
2025-01-02 17:00:00,2901.84
2025-01-02 18:00:00,3111.8
2025-01-02 19:00:00,3243.63
2025-01-02 20:00:00,3357.39
2025-01-02 21:00:00,3366.97
2025-01-02 22:00:00,2909.79
2025-01-02 23:00:00,2009.73
2025-01-03 00:00:00,1695.6
2025-01-03 01:00:00,1550.38
2025-01-03 02:00:00,1494.5
2025-01-03 03:00:00,1536.46
2025-01-03 04:00:00,1610.97
2025-01-03 05:00:00,2021.3
2025-01-03 06:00:00,2545.21
2025-01-03 07:00:00,3592.48
2025-01-03 08:00:00,3780.2
2025-01-03 09:00:00,3938.44
2025-01-03 10:00:00,3623.95
2025-01-03 11:00:00,3431.89
2025-01-03 12:00:00,3790.33
2025-01-03 13:00:00,3881.65
2025-01-03 14:00:00,3295.72
2025-01-03 15:00:00,3152.31
2025-01-03 16:00:00,2967.3
2025-01-03 17:00:00,3038.92
2025-01-03 18:00:00,3076.53
2025-01-03 19:00:00,3328.63
2025-01-03 20:00:00,3252.31
2025-01-03 21:00:00,3184.14
2025-01-03 22:00:00,2790.98
2025-01-03 23:00:00,2064.16
2025-01-04 00:00:00,1552.01
2025-01-04 01:00:00,1479.67
2025-01-04 02:00:00,1429.22
2025-01-04 03:00:00,1425.6
2025-01-04 04:00:00,1487.63
2025-01-04 05:00:00,1538.09
2025-01-04 06:00:00,2324.04
2025-01-04 07:00:00,2986.11
2025-01-04 08:00:00,3471.14
2025-01-04 09:00:00,3731.01
2025-01-04 10:00:00,3645.29
2025-01-04 11:00:00,3281.07
2025-01-04 12:00:00,3113.61
2025-01-04 13:00:00,3137.48
2025-01-04 14:00:00,3002.57
2025-01-04 15:00:00,2810.69
2025-01-04 16:00:00,3007.63
2025-01-04 17:00:00,3040.73
2025-01-04 18:00:00,3081.96
2025-01-04 19:00:00,3058.81
2025-01-04 20:00:00,3228.44
2025-01-04 21:00:00,3053.2
2025-01-04 22:00:00,2725.15
2025-01-04 23:00:00,2632.74
2025-01-05 00:00:00,2039.57
2025-01-05 01:00:00,1526.69
2025-01-05 02:00:00,1487.09
2025-01-05 03:00:00,1403.72
2025-01-05 04:00:00,1528.5
2025-01-05 05:00:00,1572.27
2025-01-05 06:00:00,2072.66
2025-01-05 07:00:00,2677.95
2025-01-05 08:00:00,3195.17
2025-01-05 09:00:00,3260.45
2025-01-05 10:00:00,3221.75
2025-01-05 11:00:00,3102.94
2025-01-05 12:00:00,3165.15
2025-01-05 13:00:00,3117.59
2025-01-05 14:00:00,3106.73
2025-01-05 15:00:00,2758.25
2025-01-05 16:00:00,2902.2
2025-01-05 17:00:00,2989.91
2025-01-05 18:00:00,3184.32
2025-01-05 19:00:00,3397.35
2025-01-05 20:00:00,3358.47
2025-01-05 21:00:00,3349.43
2025-01-05 22:00:00,2722.98
2025-01-05 23:00:00,1929.25
2025-01-06 00:00:00,1514.03
2025-01-06 01:00:00,1400.64
2025-01-06 02:00:00,1377.5
2025-01-06 03:00:00,1414.21
2025-01-06 04:00:00,1444.59
2025-01-06 05:00:00,1669.02
2025-01-06 06:00:00,2245.19
2025-01-06 07:00:00,3398.8
2025-01-06 08:00:00,3579.82
2025-01-06 09:00:00,3823.42
2025-01-06 10:00:00,3625.76
2025-01-06 11:00:00,3457.21
2025-01-06 12:00:00,3428.28
2025-01-06 13:00:00,3324.65
2025-01-06 14:00:00,3701.17
2025-01-06 15:00:00,3643.84
2025-01-06 16:00:00,3057.0
2025-01-06 17:00:00,3257.56
2025-01-06 18:00:00,3142.18
2025-01-06 19:00:00,3338.04
2025-01-06 20:00:00,3370.41
2025-01-06 21:00:00,3236.94
2025-01-06 22:00:00,2752.64
2025-01-06 23:00:00,1934.5
2025-01-07 00:00:00,1581.67
2025-01-07 01:00:00,1426.32
2025-01-07 02:00:00,1396.48
2025-01-07 03:00:00,1436.81
2025-01-07 04:00:00,1452.18
2025-01-07 05:00:00,1875.36
2025-01-07 06:00:00,2220.59
2025-01-07 07:00:00,3388.67
2025-01-07 08:00:00,3460.29
2025-01-07 09:00:00,3587.6
2025-01-07 10:00:00,3340.39
2025-01-07 11:00:00,3248.52
2025-01-07 12:00:00,3237.12
2025-01-07 13:00:00,3095.88
2025-01-07 14:00:00,2964.95
2025-01-07 15:00:00,3045.07
2025-01-07 16:00:00,2873.26
2025-01-07 17:00:00,3039.1
2025-01-07 18:00:00,2994.79
2025-01-07 19:00:00,3272.21
2025-01-07 20:00:00,3315.79
2025-01-07 21:00:00,3837.71
2025-01-07 22:00:00,3452.15
2025-01-07 23:00:00,2019.31
2025-01-08 00:00:00,1577.87
2025-01-08 01:00:00,1456.16
2025-01-08 02:00:00,1422.16
2025-01-08 03:00:00,1622.9
2025-01-08 04:00:00,1607.35
2025-01-08 05:00:00,1768.84
2025-01-08 06:00:00,2203.78
2025-01-08 07:00:00,3320.31
2025-01-08 08:00:00,3651.62
2025-01-08 09:00:00,3534.07
2025-01-08 10:00:00,3401.69
2025-01-08 11:00:00,3207.47
2025-01-08 12:00:00,3307.83
2025-01-08 13:00:00,3282.88
2025-01-08 14:00:00,3071.83
2025-01-08 15:00:00,3113.25
2025-01-08 16:00:00,3096.25
2025-01-08 17:00:00,3098.24
2025-01-08 18:00:00,3316.7
2025-01-08 19:00:00,3227.9
2025-01-08 20:00:00,3447.63
2025-01-08 21:00:00,3254.49
2025-01-08 22:00:00,2761.14
2025-01-08 23:00:00,2087.67
2025-01-09 00:00:00,1788.19
2025-01-09 01:00:00,1488.35
2025-01-09 02:00:00,1501.74
2025-01-09 03:00:00,1503.18
2025-01-09 04:00:00,1532.3
2025-01-09 05:00:00,1572.27
2025-01-09 06:00:00,2260.92
2025-01-09 07:00:00,3312.36
2025-01-09 08:00:00,3316.15
2025-01-09 09:00:00,3485.06
2025-01-09 10:00:00,3615.63
2025-01-09 11:00:00,3919.45
2025-01-09 12:00:00,3870.26
2025-01-09 13:00:00,3206.2
2025-01-09 14:00:00,3176.18
2025-01-09 15:00:00,2836.01
2025-01-09 16:00:00,2785.55
2025-01-09 17:00:00,2953.38
2025-01-09 18:00:00,3049.23
2025-01-09 19:00:00,3426.65
2025-01-09 20:00:00,3325.2
2025-01-09 21:00:00,3264.61
2025-01-09 22:00:00,2779.59
2025-01-09 23:00:00,1973.92
2025-01-10 00:00:00,1720.38
2025-01-10 01:00:00,1571.9
2025-01-10 02:00:00,1553.64
2025-01-10 03:00:00,1545.14
2025-01-10 04:00:00,1657.08
2025-01-10 05:00:00,1630.32
2025-01-10 06:00:00,2212.64
2025-01-10 07:00:00,3249.96
2025-01-10 08:00:00,3423.76
2025-01-10 09:00:00,3851.45
2025-01-10 10:00:00,3705.15
2025-01-10 11:00:00,3495.19
2025-01-10 12:00:00,3280.53
2025-01-10 13:00:00,3158.64
2025-01-10 14:00:00,3105.83
2025-01-10 15:00:00,3226.63
2025-01-10 16:00:00,3060.98
2025-01-10 17:00:00,3084.67
2025-01-10 18:00:00,3209.09
2025-01-10 19:00:00,3015.05
2025-01-10 20:00:00,3250.69
2025-01-10 21:00:00,3478.55
2025-01-10 22:00:00,3413.99
2025-01-10 23:00:00,1992.55
2025-01-11 00:00:00,1586.19
2025-01-11 01:00:00,1466.11
2025-01-11 02:00:00,1413.48
2025-01-11 03:00:00,1458.15
2025-01-11 04:00:00,1519.82
2025-01-11 05:00:00,1935.4
2025-01-11 06:00:00,2100.51
2025-01-11 07:00:00,2967.48
2025-01-11 08:00:00,3516.17
2025-01-11 09:00:00,3818.36
2025-01-11 10:00:00,3770.07
2025-01-11 11:00:00,3307.83
2025-01-11 12:00:00,3362.99
2025-01-11 13:00:00,3218.68
2025-01-11 14:00:00,3198.97
2025-01-11 15:00:00,2950.12
2025-01-11 16:00:00,3053.2
2025-01-11 17:00:00,3199.15
2025-01-11 18:00:00,2993.53
2025-01-11 19:00:00,3201.32
2025-01-11 20:00:00,3220.85
2025-01-11 21:00:00,3296.98
2025-01-11 22:00:00,2759.69
2025-01-11 23:00:00,2063.08
2025-01-12 00:00:00,1585.83
2025-01-12 01:00:00,1458.88
2025-01-12 02:00:00,1444.05
2025-01-12 03:00:00,1474.79
2025-01-12 04:00:00,1523.8
2025-01-12 05:00:00,1553.1
2025-01-12 06:00:00,2096.35
2025-01-12 07:00:00,2928.6
2025-01-12 08:00:00,3463.36
2025-01-12 09:00:00,3946.22
2025-01-12 10:00:00,4001.92
2025-01-12 11:00:00,3688.15
2025-01-12 12:00:00,4001.74
2025-01-12 13:00:00,3843.68
2025-01-12 14:00:00,3247.07
2025-01-12 15:00:00,2999.31
2025-01-12 16:00:00,3123.73
2025-01-12 17:00:00,3172.38
2025-01-12 18:00:00,3355.76
2025-01-12 19:00:00,3350.88
2025-01-12 20:00:00,3471.5
2025-01-12 21:00:00,3221.39
2025-01-12 22:00:00,2651.01
2025-01-12 23:00:00,1949.15
2025-01-13 00:00:00,1532.66
2025-01-13 01:00:00,1394.86
2025-01-13 02:00:00,1384.55
2025-01-13 03:00:00,1400.82
2025-01-13 04:00:00,1431.03
2025-01-13 05:00:00,1543.69
2025-01-13 06:00:00,2358.76
2025-01-13 07:00:00,3421.22
2025-01-13 08:00:00,3688.51
2025-01-13 09:00:00,3985.28
2025-01-13 10:00:00,3779.66
2025-01-13 11:00:00,3529.37
2025-01-13 12:00:00,3308.56
2025-01-13 13:00:00,3271.67
2025-01-13 14:00:00,3182.15
2025-01-13 15:00:00,3102.94
2025-01-13 16:00:00,3032.41
2025-01-13 17:00:00,3102.76
2025-01-13 18:00:00,3131.87
2025-01-13 19:00:00,3274.02
2025-01-13 20:00:00,3401.69
2025-01-13 21:00:00,3323.03
2025-01-13 22:00:00,2929.15
2025-01-13 23:00:00,2623.34
2025-01-14 00:00:00,2016.78
2025-01-14 01:00:00,1531.39
2025-01-14 02:00:00,1462.31
2025-01-14 03:00:00,1456.34
2025-01-14 04:00:00,1494.86
2025-01-14 05:00:00,1616.75
2025-01-14 06:00:00,2298.18
2025-01-14 07:00:00,3018.48
2025-01-14 08:00:00,3622.32
2025-01-14 09:00:00,3868.09
2025-01-14 10:00:00,3676.76
2025-01-14 11:00:00,3171.84
2025-01-14 12:00:00,3288.3
2025-01-14 13:00:00,2951.75
2025-01-14 14:00:00,3044.52
2025-01-14 15:00:00,2844.33
2025-01-14 16:00:00,2810.51
2025-01-14 17:00:00,2915.58
2025-01-14 18:00:00,3029.69
2025-01-14 19:00:00,3117.59
2025-01-14 20:00:00,3216.15
2025-01-14 21:00:00,3037.47
2025-01-14 22:00:00,2651.01
2025-01-14 23:00:00,1890.91
2025-01-15 00:00:00,1517.83
2025-01-15 01:00:00,1421.26
2025-01-15 02:00:00,1350.55
2025-01-15 03:00:00,1408.24
2025-01-15 04:00:00,1486.73
2025-01-15 05:00:00,1578.05
2025-01-15 06:00:00,2512.66
2025-01-15 07:00:00,3331.71
2025-01-15 08:00:00,4246.42
2025-01-15 09:00:00,4435.76
2025-01-15 10:00:00,3632.81
2025-01-15 11:00:00,3325.74
2025-01-15 12:00:00,3532.44
2025-01-15 13:00:00,3269.86
2025-01-15 14:00:00,3119.57
2025-01-15 15:00:00,3124.28
2025-01-15 16:00:00,2965.86
2025-01-15 17:00:00,3146.16
2025-01-15 18:00:00,3114.69
2025-01-15 19:00:00,3166.96
2025-01-15 20:00:00,3310.73
2025-01-15 21:00:00,3224.46
2025-01-15 22:00:00,2834.02
2025-01-15 23:00:00,2102.68
2025-01-16 00:00:00,1538.81
2025-01-16 01:00:00,1406.79
2025-01-16 02:00:00,1400.82
2025-01-16 03:00:00,1440.97
2025-01-16 04:00:00,1445.31
2025-01-16 05:00:00,1630.86
2025-01-16 06:00:00,2331.09
2025-01-16 07:00:00,3181.6
2025-01-16 08:00:00,3662.65
2025-01-16 09:00:00,3771.7
2025-01-16 10:00:00,3721.97
2025-01-16 11:00:00,3210.18
2025-01-16 12:00:00,3244.0
2025-01-16 13:00:00,3175.27
2025-01-16 14:00:00,3529.91
2025-01-16 15:00:00,3171.84
2025-01-16 16:00:00,2910.52
2025-01-16 17:00:00,3032.05
2025-01-16 18:00:00,2995.33
2025-01-16 19:00:00,3841.15
2025-01-16 20:00:00,4016.75
2025-01-16 21:00:00,3168.4
2025-01-16 22:00:00,2703.81
2025-01-16 23:00:00,1955.11
2025-01-17 00:00:00,1481.84
2025-01-17 01:00:00,1367.19
2025-01-17 02:00:00,1332.83
2025-01-17 03:00:00,1404.8
2025-01-17 04:00:00,1423.25
2025-01-17 05:00:00,1489.44
2025-01-17 06:00:00,2148.8
2025-01-17 07:00:00,3184.5
2025-01-17 08:00:00,3471.14
2025-01-17 09:00:00,2966.04
2025-01-17 10:00:00,3063.87
2025-01-17 11:00:00,2819.73
2025-01-17 12:00:00,3531.18
2025-01-17 13:00:00,3638.78
2025-01-17 14:00:00,3817.27
2025-01-17 15:00:00,3429.36
2025-01-17 16:00:00,2868.02
2025-01-17 17:00:00,3129.34
2025-01-17 18:00:00,2982.68
2025-01-17 19:00:00,3172.92
2025-01-17 20:00:00,3134.22
2025-01-17 21:00:00,3185.76
2025-01-17 22:00:00,2671.62
2025-01-17 23:00:00,2026.91
2025-01-18 00:00:00,1571.72
2025-01-18 01:00:00,1430.66
2025-01-18 02:00:00,1401.01
2025-01-18 03:00:00,1418.19
2025-01-18 04:00:00,1418.73
2025-01-18 05:00:00,1562.86
2025-01-18 06:00:00,2093.82
2025-01-18 07:00:00,3041.45
2025-01-18 08:00:00,4213.69
2025-01-18 09:00:00,4420.57
2025-01-18 10:00:00,3830.66
2025-01-18 11:00:00,3278.36
2025-01-18 12:00:00,3347.98
2025-01-18 13:00:00,3192.82
2025-01-18 14:00:00,3109.81
2025-01-18 15:00:00,2860.24
2025-01-18 16:00:00,2857.89
2025-01-18 17:00:00,2907.99
2025-01-18 18:00:00,2967.66
2025-01-18 19:00:00,3163.16
2025-01-18 20:00:00,3164.97
2025-01-18 21:00:00,3133.68
2025-01-18 22:00:00,2807.07
2025-01-18 23:00:00,2059.46
2025-01-19 00:00:00,1576.24
2025-01-19 01:00:00,1408.96
2025-01-19 02:00:00,1362.67
2025-01-19 03:00:00,1400.28
2025-01-19 04:00:00,1426.69
2025-01-19 05:00:00,1774.45
2025-01-19 06:00:00,1923.47
2025-01-19 07:00:00,3037.47
2025-01-19 08:00:00,3376.56
2025-01-19 09:00:00,3737.88
2025-01-19 10:00:00,3633.35
2025-01-19 11:00:00,3350.15
2025-01-19 12:00:00,3285.95
2025-01-19 13:00:00,3112.52
2025-01-19 14:00:00,2994.25
2025-01-19 15:00:00,2939.45
2025-01-19 16:00:00,2901.84
2025-01-19 17:00:00,3775.14
2025-01-19 18:00:00,3711.66
2025-01-19 19:00:00,3004.01
2025-01-19 20:00:00,3232.24
2025-01-19 21:00:00,3419.42
2025-01-19 22:00:00,2737.45
2025-01-19 23:00:00,1993.45
2025-01-20 00:00:00,1536.64
2025-01-20 01:00:00,1397.75
2025-01-20 02:00:00,1353.8
2025-01-20 03:00:00,1379.12
2025-01-20 04:00:00,1401.37
2025-01-20 05:00:00,1537.72
2025-01-20 06:00:00,2180.63
2025-01-20 07:00:00,3365.89
2025-01-20 08:00:00,3666.99
2025-01-20 09:00:00,3908.6
2025-01-20 10:00:00,3683.81
2025-01-20 11:00:00,3419.42
2025-01-20 12:00:00,3329.72
2025-01-20 13:00:00,3348.34
2025-01-20 14:00:00,3315.43
2025-01-20 15:00:00,3011.43
2025-01-20 16:00:00,3049.05
2025-01-20 17:00:00,3025.17
2025-01-20 18:00:00,2954.28
2025-01-20 19:00:00,3274.2
2025-01-20 20:00:00,3100.41
2025-01-20 21:00:00,3204.03
2025-01-20 22:00:00,2721.17
2025-01-20 23:00:00,2049.88
2025-01-21 00:00:00,1558.52
2025-01-21 01:00:00,1456.16
2025-01-21 02:00:00,1439.16
2025-01-21 03:00:00,1399.02
2025-01-21 04:00:00,1443.14
2025-01-21 05:00:00,1520.72
2025-01-21 06:00:00,2161.1
2025-01-21 07:00:00,2856.45
2025-01-21 08:00:00,3174.37
2025-01-21 09:00:00,3991.79
2025-01-21 10:00:00,3999.39
2025-01-21 11:00:00,2992.26
2025-01-21 12:00:00,3012.88
2025-01-21 13:00:00,3004.01
2025-01-21 14:00:00,2955.19
2025-01-21 15:00:00,2892.07
2025-01-21 16:00:00,2741.79
2025-01-21 17:00:00,3137.66
2025-01-21 18:00:00,2904.73
2025-01-21 19:00:00,3029.33
2025-01-21 20:00:00,3119.94
2025-01-21 21:00:00,3066.59
2025-01-21 22:00:00,2834.56
2025-01-21 23:00:00,1999.96
2025-01-22 00:00:00,1506.08
2025-01-22 01:00:00,1443.14
2025-01-22 02:00:00,1316.73
2025-01-22 03:00:00,1421.26
2025-01-22 04:00:00,1417.1
2025-01-22 05:00:00,1505.9
2025-01-22 06:00:00,2028.36
2025-01-22 07:00:00,3257.92
2025-01-22 08:00:00,3390.48
2025-01-22 09:00:00,3633.36
2025-01-22 10:00:00,3514.18
2025-01-22 11:00:00,3072.56
2025-01-22 12:00:00,3017.04
2025-01-22 13:00:00,2968.03
2025-01-22 14:00:00,2854.09
2025-01-22 15:00:00,2701.28
2025-01-22 16:00:00,2629.12
2025-01-22 17:00:00,2838.0
2025-01-22 18:00:00,3056.1
2025-01-22 19:00:00,3672.96
2025-01-22 20:00:00,3068.76
2025-01-22 21:00:00,3034.58
2025-01-22 22:00:00,2682.47
2025-01-22 23:00:00,1947.34
2025-01-23 00:00:00,1478.77
2025-01-23 01:00:00,1408.42
2025-01-23 02:00:00,1340.78
2025-01-23 03:00:00,1305.34
2025-01-23 04:00:00,1357.42
2025-01-23 05:00:00,1706.09
2025-01-23 06:00:00,1935.4
2025-01-23 07:00:00,2830.4
2025-01-23 08:00:00,3175.09
2025-01-23 09:00:00,3331.71
2025-01-23 10:00:00,3372.22
2025-01-23 11:00:00,2999.49
2025-01-23 12:00:00,3012.33
2025-01-23 13:00:00,2748.48
2025-01-23 14:00:00,2789.53
2025-01-23 15:00:00,2634.73
2025-01-23 16:00:00,2601.27
2025-01-23 17:00:00,2698.75
2025-01-23 18:00:00,2651.55
2025-01-23 19:00:00,2856.26
2025-01-23 20:00:00,2832.94
2025-01-23 21:00:00,2791.88
2025-01-23 22:00:00,2683.56
2025-01-23 23:00:00,1933.41
2025-01-24 00:00:00,1452.37
2025-01-24 01:00:00,1435.37
2025-01-24 02:00:00,1291.78
2025-01-24 03:00:00,1358.69
2025-01-24 04:00:00,1334.64
2025-01-24 05:00:00,1413.85
2025-01-24 06:00:00,1947.16
2025-01-24 07:00:00,2617.19
2025-01-24 08:00:00,2833.48
2025-01-24 09:00:00,3784.9
2025-01-24 10:00:00,3732.1
2025-01-24 11:00:00,2752.82
2025-01-24 12:00:00,2846.5
2025-01-24 13:00:00,2528.75
2025-01-24 14:00:00,2486.44
2025-01-24 15:00:00,2405.6
2025-01-24 16:00:00,2433.99
2025-01-24 17:00:00,2520.25
2025-01-24 18:00:00,2523.51
2025-01-24 19:00:00,2649.2
2025-01-24 20:00:00,2643.41
2025-01-24 21:00:00,2544.67
2025-01-24 22:00:00,2277.38
2025-01-24 23:00:00,2000.69
2025-01-25 00:00:00,1550.38
2025-01-25 01:00:00,1268.63
2025-01-25 02:00:00,1295.03
2025-01-25 03:00:00,1259.77
2025-01-25 04:00:00,1309.32
2025-01-25 05:00:00,1366.83
2025-01-25 06:00:00,1704.46
2025-01-25 07:00:00,2189.49
2025-01-25 08:00:00,2670.36
2025-01-25 09:00:00,2782.12
2025-01-25 10:00:00,2781.21
2025-01-25 11:00:00,2692.42
2025-01-25 12:00:00,2649.92
2025-01-25 13:00:00,2438.69
2025-01-25 14:00:00,2315.0
2025-01-25 15:00:00,2215.89
2025-01-25 16:00:00,2305.59
2025-01-25 17:00:00,2401.26
2025-01-25 18:00:00,2406.68
2025-01-25 19:00:00,2429.29
2025-01-25 20:00:00,2706.34
2025-01-25 21:00:00,2527.85
2025-01-25 22:00:00,2381.18
2025-01-25 23:00:00,1920.03
2025-01-26 00:00:00,1532.12
2025-01-26 01:00:00,1484.38
2025-01-26 02:00:00,1756.55
2025-01-26 03:00:00,1777.34
2025-01-26 04:00:00,1778.07
2025-01-26 05:00:00,1608.8
2025-01-26 06:00:00,1676.97
2025-01-26 07:00:00,2348.99
2025-01-26 08:00:00,2514.83
2025-01-26 09:00:00,3004.74
2025-01-26 10:00:00,3682.91
2025-01-26 11:00:00,2615.92
2025-01-26 12:00:00,2788.81
2025-01-26 13:00:00,2708.33
2025-01-26 14:00:00,2685.37
2025-01-26 15:00:00,2349.54
2025-01-26 16:00:00,2010.27
2025-01-26 17:00:00,3088.47
2025-01-26 18:00:00,2739.98
2025-01-26 19:00:00,2855.72
2025-01-26 20:00:00,2862.77
2025-01-26 21:00:00,2717.19
2025-01-26 22:00:00,2631.47
2025-01-26 23:00:00,1966.51
2025-01-27 00:00:00,1568.47
2025-01-27 01:00:00,1313.11
2025-01-27 02:00:00,1191.41
2025-01-27 03:00:00,1220.34
2025-01-27 04:00:00,1246.02
2025-01-27 05:00:00,1493.42
2025-01-27 06:00:00,1530.67
2025-01-27 07:00:00,2504.7
2025-01-27 08:00:00,2569.26
2025-01-27 09:00:00,2780.67
2025-01-27 10:00:00,2753.54
2025-01-27 11:00:00,2552.81
2025-01-27 12:00:00,2579.39
2025-01-27 13:00:00,2494.39
2025-01-27 14:00:00,2446.83
2025-01-27 15:00:00,2369.61
2025-01-27 16:00:00,2302.52
2025-01-27 17:00:00,2398.18
2025-01-27 18:00:00,2486.07
2025-01-27 19:00:00,3043.98
2025-01-27 20:00:00,3295.72
2025-01-27 21:00:00,2634.55
2025-01-27 22:00:00,2350.08
2025-01-27 23:00:00,1829.97
2025-01-28 00:00:00,1409.69
2025-01-28 01:00:00,1284.54
2025-01-28 02:00:00,1095.92
2025-01-28 03:00:00,1136.07
2025-01-28 04:00:00,1109.12
2025-01-28 05:00:00,1263.93
2025-01-28 06:00:00,1497.94
2025-01-28 07:00:00,1751.3
2025-01-28 08:00:00,2810.69
2025-01-28 09:00:00,3126.99
2025-01-28 10:00:00,3542.21
2025-01-28 11:00:00,3262.8
2025-01-28 12:00:00,2753.18
2025-01-28 13:00:00,2511.75
2025-01-28 14:00:00,2498.55
2025-01-28 15:00:00,2426.58
2025-01-28 16:00:00,2424.41
2025-01-28 17:00:00,2577.4
2025-01-28 18:00:00,2105.76
2025-01-28 19:00:00,2234.52
2025-01-28 20:00:00,2139.76
2025-01-28 21:00:00,2061.45
2025-01-28 22:00:00,2250.8
2025-01-28 23:00:00,2019.31
2025-01-29 00:00:00,1685.66
2025-01-29 01:00:00,1477.68
2025-01-29 02:00:00,1272.24
2025-01-29 03:00:00,1183.09
2025-01-29 04:00:00,1144.21
2025-01-29 05:00:00,1275.86
2025-01-29 06:00:00,1534.65
2025-01-29 07:00:00,2255.14
2025-01-29 08:00:00,1968.14
2025-01-29 09:00:00,2031.61
2025-01-29 10:00:00,2103.77
2025-01-29 11:00:00,1920.57
2025-01-29 12:00:00,1912.43
2025-01-29 13:00:00,1902.49
2025-01-29 14:00:00,1827.44
2025-01-29 15:00:00,1752.39
2025-01-29 16:00:00,2450.45
2025-01-29 17:00:00,2647.57
2025-01-29 18:00:00,1978.44
2025-01-29 19:00:00,2063.8
2025-01-29 20:00:00,1961.26
2025-01-29 21:00:00,1950.23
2025-01-29 22:00:00,1810.98
2025-01-29 23:00:00,1553.64
2025-01-30 00:00:00,1286.17
2025-01-30 01:00:00,1149.27
2025-01-30 02:00:00,1115.45
2025-01-30 03:00:00,1165.0
2025-01-30 04:00:00,1160.84
2025-01-30 05:00:00,1166.99
2025-01-30 06:00:00,1568.29
2025-01-30 07:00:00,2281.72
2025-01-30 08:00:00,2356.95
2025-01-30 09:00:00,2538.16
2025-01-30 10:00:00,2534.18
2025-01-30 11:00:00,2305.77
2025-01-30 12:00:00,2312.46
2025-01-30 13:00:00,2248.63
2025-01-30 14:00:00,2119.14
2025-01-30 15:00:00,2071.76
2025-01-30 16:00:00,1583.12
2025-01-30 17:00:00,1694.16
2025-01-30 18:00:00,1669.38
2025-01-30 19:00:00,1940.47
2025-01-30 20:00:00,2374.31
2025-01-30 21:00:00,2327.65
2025-01-30 22:00:00,2020.94
2025-01-30 23:00:00,1524.52
2025-01-31 00:00:00,1293.04
2025-01-31 01:00:00,1158.85
2025-01-31 02:00:00,1120.88
2025-01-31 03:00:00,1132.63
2025-01-31 04:00:00,1138.96
2025-01-31 05:00:00,1384.73
2025-01-31 06:00:00,1496.67
2025-01-31 07:00:00,1643.7
2025-01-31 08:00:00,1754.38
2025-01-31 09:00:00,1346.57
2025-01-31 10:00:00,1280.2
2025-01-31 11:00:00,1167.17
2025-01-31 12:00:00,2294.74
2025-01-31 13:00:00,2220.05
2025-01-31 14:00:00,2119.86
2025-01-31 15:00:00,2094.91
2025-01-31 16:00:00,2092.38
2025-01-31 17:00:00,2176.29
2025-01-31 18:00:00,2111.91
2025-01-31 19:00:00,1377.5
2025-01-31 20:00:00,2310.11
2025-01-31 21:00:00,2333.44
2025-01-31 22:00:00,1854.02
2025-01-31 23:00:00,1535.01
2025-02-01 00:00:00,1220.7
2025-02-01 01:00:00,1139.87
2025-02-01 02:00:00,1133.54
2025-02-01 03:00:00,1268.45
2025-02-01 04:00:00,1181.46
2025-02-01 05:00:00,1193.94
2025-02-01 06:00:00,1457.97
2025-02-01 07:00:00,2207.57
2025-02-01 08:00:00,2353.88
2025-02-01 09:00:00,2550.64
2025-02-01 10:00:00,2252.97
2025-02-01 11:00:00,2088.58
2025-02-01 12:00:00,2003.04
2025-02-01 13:00:00,1916.41
2025-02-01 14:00:00,1843.17
2025-02-01 15:00:00,1491.97
2025-02-01 16:00:00,1577.87
2025-02-01 17:00:00,1633.21
2025-02-01 18:00:00,2274.85
2025-02-01 19:00:00,2467.09
2025-02-01 20:00:00,2394.57
2025-02-01 21:00:00,2296.91
2025-02-01 22:00:00,1977.54
2025-02-01 23:00:00,1526.15
2025-02-02 00:00:00,1314.02
2025-02-02 01:00:00,1184.53
2025-02-02 02:00:00,1166.81
2025-02-02 03:00:00,1196.29
2025-02-02 04:00:00,1204.79
2025-02-02 05:00:00,1270.25
2025-02-02 06:00:00,1466.47
2025-02-02 07:00:00,1102.97
2025-02-02 08:00:00,1140.23
2025-02-02 09:00:00,1995.99
2025-02-02 10:00:00,2478.12
2025-02-02 11:00:00,2317.35
2025-02-02 12:00:00,2326.57
2025-02-02 13:00:00,2885.56
2025-02-02 14:00:00,2803.82
2025-02-02 15:00:00,1764.32
2025-02-02 16:00:00,1907.73
2025-02-02 17:00:00,2092.74
2025-02-02 18:00:00,1938.11
2025-02-02 19:00:00,1436.45
2025-02-02 20:00:00,2399.27
2025-02-02 21:00:00,2395.47
2025-02-02 22:00:00,2291.49
2025-02-02 23:00:00,1599.21
2025-02-03 00:00:00,1276.4
2025-02-03 01:00:00,1176.22
2025-02-03 02:00:00,1167.35
2025-02-03 03:00:00,1156.5
2025-02-03 04:00:00,1167.53
2025-02-03 05:00:00,1409.14
2025-02-03 06:00:00,1544.78
2025-02-03 07:00:00,2257.49
2025-02-03 08:00:00,2410.3
2025-02-03 09:00:00,2557.51
2025-02-03 10:00:00,2894.24
2025-02-03 11:00:00,3094.98
2025-02-03 12:00:00,2824.62
2025-02-03 13:00:00,2110.82
2025-02-03 14:00:00,2013.35
2025-02-03 15:00:00,2031.07
2025-02-03 16:00:00,1934.5
2025-02-03 17:00:00,2402.34
2025-02-03 18:00:00,2555.34
2025-02-03 19:00:00,2745.77
2025-02-03 20:00:00,2680.3
2025-02-03 21:00:00,2438.69
2025-02-03 22:00:00,2100.15
2025-02-03 23:00:00,1728.52
2025-02-04 00:00:00,1312.03
2025-02-04 01:00:00,1226.31
2025-02-04 02:00:00,1176.22
2025-02-04 03:00:00,1175.49
2025-02-04 04:00:00,1192.49
2025-02-04 05:00:00,1505.53
2025-02-04 06:00:00,1614.76
2025-02-04 07:00:00,2308.49
2025-02-04 08:00:00,2557.15
2025-02-04 09:00:00,2703.09
2025-02-04 10:00:00,2834.56
2025-02-04 11:00:00,2799.3
2025-02-04 12:00:00,2605.98
2025-02-04 13:00:00,3085.03
2025-02-04 14:00:00,3204.21
2025-02-04 15:00:00,2543.22
2025-02-04 16:00:00,2551.72
2025-02-04 17:00:00,2691.7
2025-02-04 18:00:00,2683.38
2025-02-04 19:00:00,2318.25
2025-02-04 20:00:00,2237.23
2025-02-04 21:00:00,2228.91
2025-02-04 22:00:00,2130.71
2025-02-04 23:00:00,1793.26
2025-02-05 00:00:00,1329.21
2025-02-05 01:00:00,1236.26
2025-02-05 02:00:00,1178.39
2025-02-05 03:00:00,1208.77
2025-02-05 04:00:00,1198.46
2025-02-05 05:00:00,1538.81
2025-02-05 06:00:00,1632.67
2025-02-05 07:00:00,2452.8
2025-02-05 08:00:00,3706.96
2025-02-05 09:00:00,3843.5
2025-02-05 10:00:00,3244.0
2025-02-05 11:00:00,2882.67
2025-02-05 12:00:00,2855.54
2025-02-05 13:00:00,2811.6
2025-02-05 14:00:00,2541.96
2025-02-05 15:00:00,2286.78
2025-02-05 16:00:00,2285.34
2025-02-05 17:00:00,2070.31
2025-02-05 18:00:00,2496.02
2025-02-05 19:00:00,2650.28
2025-02-05 20:00:00,2455.15
2025-02-05 21:00:00,2524.6
2025-02-05 22:00:00,2315.72
2025-02-05 23:00:00,1826.17
2025-02-06 00:00:00,1477.14
2025-02-06 01:00:00,1396.48
2025-02-06 02:00:00,1316.73
2025-02-06 03:00:00,1371.89
2025-02-06 04:00:00,1330.3
2025-02-06 05:00:00,1406.61
2025-02-06 06:00:00,1805.56
2025-02-06 07:00:00,2160.37
2025-02-06 08:00:00,2883.03
2025-02-06 09:00:00,3079.43
2025-02-06 10:00:00,3061.7
2025-02-06 11:00:00,3503.87
2025-02-06 12:00:00,3368.24
2025-02-06 13:00:00,2417.53
2025-02-06 14:00:00,2519.35
2025-02-06 15:00:00,2360.93
2025-02-06 16:00:00,2448.46
2025-02-06 17:00:00,2650.46
2025-02-06 18:00:00,2656.61
2025-02-06 19:00:00,2881.22
2025-02-06 20:00:00,2860.79
2025-02-06 21:00:00,2802.55
2025-02-06 22:00:00,2406.68
2025-02-06 23:00:00,1852.76
2025-02-07 00:00:00,1387.08
2025-02-07 01:00:00,1279.3
2025-02-07 02:00:00,1256.69
2025-02-07 03:00:00,1283.64
2025-02-07 04:00:00,1280.02
2025-02-07 05:00:00,1348.74
2025-02-07 06:00:00,1814.6
2025-02-07 07:00:00,2647.39
2025-02-07 08:00:00,2795.32
2025-02-07 09:00:00,3333.33
2025-02-07 10:00:00,3091.91
2025-02-07 11:00:00,2867.3
2025-02-07 12:00:00,2812.5
2025-02-07 13:00:00,2622.79
2025-02-07 14:00:00,2574.15
2025-02-07 15:00:00,2413.56
2025-02-07 16:00:00,2462.02
2025-02-07 17:00:00,2648.11
2025-02-07 18:00:00,2756.62
2025-02-07 19:00:00,2942.35
2025-02-07 20:00:00,2910.34
2025-02-07 21:00:00,2895.87
2025-02-07 22:00:00,2301.25
2025-02-07 23:00:00,1690.18
2025-02-08 00:00:00,1446.04
2025-02-08 01:00:00,1305.16
2025-02-08 02:00:00,1273.33
2025-02-08 03:00:00,1342.41
2025-02-08 04:00:00,1299.73
2025-02-08 05:00:00,1644.6
2025-02-08 06:00:00,1827.26
2025-02-08 07:00:00,2661.13
2025-02-08 08:00:00,2949.58
2025-02-08 09:00:00,3028.79
2025-02-08 10:00:00,3647.64
2025-02-08 11:00:00,3669.52
2025-02-08 12:00:00,2978.7
2025-02-08 13:00:00,2776.87
2025-02-08 14:00:00,2563.3
2025-02-08 15:00:00,2407.77
2025-02-08 16:00:00,2460.03
2025-02-08 17:00:00,2776.69
2025-02-08 18:00:00,2654.44
2025-02-08 19:00:00,2851.56
2025-02-08 20:00:00,2836.73
2025-02-08 21:00:00,2821.54
2025-02-08 22:00:00,2410.12
2025-02-08 23:00:00,1882.23
2025-02-09 00:00:00,1463.22
2025-02-09 01:00:00,1312.57
2025-02-09 02:00:00,1337.71
2025-02-09 03:00:00,1283.82
2025-02-09 04:00:00,1346.03
2025-02-09 05:00:00,1407.88
2025-02-09 06:00:00,1693.97
2025-02-09 07:00:00,2522.79
2025-02-09 08:00:00,2810.87
2025-02-09 09:00:00,3321.58
2025-02-09 10:00:00,3062.79
2025-02-09 11:00:00,3063.69
2025-02-09 12:00:00,2848.85
2025-02-09 13:00:00,2805.45
2025-02-09 14:00:00,2518.08
2025-02-09 15:00:00,2403.43
2025-02-09 16:00:00,2455.33
2025-02-09 17:00:00,2752.28
2025-02-09 18:00:00,2863.5
2025-02-09 19:00:00,3027.89
2025-02-09 20:00:00,3073.1
2025-02-09 21:00:00,3005.82
2025-02-09 22:00:00,2515.55
2025-02-09 23:00:00,1868.49
2025-02-10 00:00:00,1472.44
2025-02-10 01:00:00,1380.75
2025-02-10 02:00:00,1327.76
2025-02-10 03:00:00,1306.42
2025-02-10 04:00:00,1393.23
2025-02-10 05:00:00,1441.33
2025-02-10 06:00:00,1990.92
2025-02-10 07:00:00,3596.64
2025-02-10 08:00:00,3801.9
2025-02-10 09:00:00,3412.0
2025-02-10 10:00:00,3324.65
2025-02-10 11:00:00,3047.24
2025-02-10 12:00:00,2997.32
2025-02-10 13:00:00,2719.36
2025-02-10 14:00:00,2623.7
2025-02-10 15:00:00,2443.58
2025-02-10 16:00:00,2518.81
2025-02-10 17:00:00,2771.81
2025-02-10 18:00:00,2786.46
2025-02-10 19:00:00,2850.66
2025-02-10 20:00:00,3060.8
2025-02-10 21:00:00,3043.26
2025-02-10 22:00:00,2495.48
2025-02-10 23:00:00,1791.63
2025-02-11 00:00:00,1472.8
2025-02-11 01:00:00,1351.63
2025-02-11 02:00:00,1306.42
2025-02-11 03:00:00,1331.56
2025-02-11 04:00:00,1316.37
2025-02-11 05:00:00,1739.0
2025-02-11 06:00:00,1793.8
2025-02-11 07:00:00,2855.54
2025-02-11 08:00:00,3062.97
2025-02-11 09:00:00,3131.69
2025-02-11 10:00:00,2959.53
2025-02-11 11:00:00,2818.11
2025-02-11 12:00:00,2864.04
2025-02-11 13:00:00,2609.41
2025-02-11 14:00:00,2557.15
2025-02-11 15:00:00,2480.47
2025-02-11 16:00:00,2423.86
2025-02-11 17:00:00,3515.44
2025-02-11 18:00:00,3081.42
2025-02-11 19:00:00,2947.23
2025-02-11 20:00:00,2994.79
2025-02-11 21:00:00,2858.8
2025-02-11 22:00:00,2421.51
2025-02-11 23:00:00,1836.48
2025-02-12 00:00:00,1463.58
2025-02-12 01:00:00,1301.9
2025-02-12 02:00:00,1276.77
2025-02-12 03:00:00,1305.88
2025-02-12 04:00:00,1314.2
2025-02-12 05:00:00,1662.33
2025-02-12 06:00:00,1833.77
2025-02-12 07:00:00,2925.35
2025-02-12 08:00:00,2988.46
2025-02-12 09:00:00,3342.19
2025-02-12 10:00:00,3182.51
2025-02-12 11:00:00,2870.73
2025-02-12 12:00:00,2810.69
2025-02-12 13:00:00,2615.56
2025-02-12 14:00:00,2626.95
2025-02-12 15:00:00,2451.9
2025-02-12 16:00:00,2559.32
2025-02-12 17:00:00,2598.38
2025-02-12 18:00:00,2725.33
2025-02-12 19:00:00,2901.29
2025-02-12 20:00:00,3039.82
2025-02-12 21:00:00,3058.27
2025-02-12 22:00:00,2385.89
2025-02-12 23:00:00,1843.17
2025-02-13 00:00:00,1401.01
2025-02-13 01:00:00,1311.49
2025-02-13 02:00:00,1239.51
2025-02-13 03:00:00,1286.35
2025-02-13 04:00:00,1314.02
2025-02-13 05:00:00,1407.52
2025-02-13 06:00:00,2124.57
2025-02-13 07:00:00,3003.47
2025-02-13 08:00:00,3210.54
2025-02-13 09:00:00,3562.46
2025-02-13 10:00:00,3609.3
2025-02-13 11:00:00,3744.57
2025-02-13 12:00:00,3181.6
2025-02-13 13:00:00,2909.79
2025-02-13 14:00:00,2713.58
2025-02-13 15:00:00,2643.23
2025-02-13 16:00:00,2599.83
2025-02-13 17:00:00,2804.72
2025-02-13 18:00:00,2856.26
2025-02-13 19:00:00,3087.75
2025-02-13 20:00:00,3186.85
2025-02-13 21:00:00,3016.31
2025-02-13 22:00:00,2381.73
2025-02-13 23:00:00,1823.46
2025-02-14 00:00:00,1541.52
2025-02-14 01:00:00,1332.28
2025-02-14 02:00:00,1331.02
2025-02-14 03:00:00,1385.63
2025-02-14 04:00:00,1369.18
2025-02-14 05:00:00,1493.06
2025-02-14 06:00:00,2037.22
2025-02-14 07:00:00,2992.26
2025-02-14 08:00:00,3288.12
2025-02-14 09:00:00,3066.23
2025-02-14 10:00:00,2190.39
2025-02-14 11:00:00,2872.0
2025-02-14 12:00:00,2855.54
2025-02-14 13:00:00,2600.37
2025-02-14 14:00:00,2626.59
2025-02-14 15:00:00,2599.28
2025-02-14 16:00:00,2581.56
2025-02-14 17:00:00,2923.0
2025-02-14 18:00:00,2828.78
2025-02-14 19:00:00,2934.03
2025-02-14 20:00:00,2951.39
2025-02-14 21:00:00,2940.18
2025-02-14 22:00:00,2609.77
2025-02-14 23:00:00,1878.07
2025-02-15 00:00:00,1549.48
2025-02-15 01:00:00,1635.92
2025-02-15 02:00:00,1750.04
2025-02-15 03:00:00,1790.73
2025-02-15 04:00:00,1760.89
2025-02-15 05:00:00,1618.2
2025-02-15 06:00:00,1864.69
2025-02-15 07:00:00,2727.68
2025-02-15 08:00:00,3254.67
2025-02-15 09:00:00,3381.62
2025-02-15 10:00:00,3456.67
2025-02-15 11:00:00,3168.95
2025-02-15 12:00:00,3109.27
2025-02-15 13:00:00,3012.7
2025-02-15 14:00:00,2802.92
2025-02-15 15:00:00,2827.51
2025-02-15 16:00:00,2661.68
2025-02-15 17:00:00,2933.67
2025-02-15 18:00:00,2862.96
2025-02-15 19:00:00,3007.45
2025-02-15 20:00:00,3156.65
2025-02-15 21:00:00,3064.24
2025-02-15 22:00:00,2609.41
2025-02-15 23:00:00,1891.64
2025-02-16 00:00:00,1511.14
2025-02-16 01:00:00,1445.67
2025-02-16 02:00:00,1388.89
2025-02-16 03:00:00,1336.81
2025-02-16 04:00:00,1413.12
2025-02-16 05:00:00,1663.59
2025-02-16 06:00:00,2021.3
2025-02-16 07:00:00,2759.15
2025-02-16 08:00:00,3254.3
2025-02-16 09:00:00,3575.85
2025-02-16 10:00:00,3408.93
2025-02-16 11:00:00,3201.68
2025-02-16 12:00:00,3124.28
2025-02-16 13:00:00,2824.8
2025-02-16 14:00:00,2769.1
2025-02-16 15:00:00,2659.51
2025-02-16 16:00:00,2712.31
2025-02-16 17:00:00,2889.9
2025-02-16 18:00:00,3742.59
2025-02-16 19:00:00,3783.09
2025-02-16 20:00:00,3348.89
2025-02-16 21:00:00,3324.65
2025-02-16 22:00:00,2522.06
2025-02-16 23:00:00,1868.85
2025-02-17 00:00:00,1493.06
2025-02-17 01:00:00,1443.5
2025-02-17 02:00:00,1343.32
2025-02-17 03:00:00,1319.81
2025-02-17 04:00:00,1453.45
2025-02-17 05:00:00,1486.55
2025-02-17 06:00:00,2042.1
2025-02-17 07:00:00,3231.52
2025-02-17 08:00:00,3199.33
2025-02-17 09:00:00,3426.29
2025-02-17 10:00:00,3098.05
2025-02-17 11:00:00,2979.96
2025-02-17 12:00:00,2958.44
2025-02-17 13:00:00,2842.34
2025-02-17 14:00:00,2705.08
2025-02-17 15:00:00,2556.24
2025-02-17 16:00:00,2595.31
2025-02-17 17:00:00,2958.98
2025-02-17 18:00:00,2795.5
2025-02-17 19:00:00,2996.24
2025-02-17 20:00:00,3168.22
2025-02-17 21:00:00,2977.79
2025-02-17 22:00:00,2535.99
2025-02-17 23:00:00,1859.27
2025-02-18 00:00:00,1510.24
2025-02-18 01:00:00,1501.19
2025-02-18 02:00:00,1350.37
2025-02-18 03:00:00,1447.84
2025-02-18 04:00:00,1438.62
2025-02-18 05:00:00,1471.35
2025-02-18 06:00:00,2098.52
2025-02-18 07:00:00,3291.92
2025-02-18 08:00:00,3397.71
2025-02-18 09:00:00,3592.85
2025-02-18 10:00:00,3349.79
2025-02-18 11:00:00,3799.55
2025-02-18 12:00:00,3772.42
2025-02-18 13:00:00,3086.12
2025-02-18 14:00:00,2994.79
2025-02-18 15:00:00,2710.32
2025-02-18 16:00:00,2722.44
2025-02-18 17:00:00,2907.44
2025-02-18 18:00:00,2977.25
2025-02-18 19:00:00,3281.79
2025-02-18 20:00:00,3340.75
2025-02-18 21:00:00,3290.29
2025-02-18 22:00:00,2572.7
2025-02-18 23:00:00,1902.67
2025-02-19 00:00:00,1537.36
2025-02-19 01:00:00,1482.57
2025-02-19 02:00:00,1521.99
2025-02-19 03:00:00,1484.01
2025-02-19 04:00:00,1409.14
2025-02-19 05:00:00,1765.23
2025-02-19 06:00:00,2143.19
2025-02-19 07:00:00,3262.62
2025-02-19 08:00:00,3650.17
2025-02-19 09:00:00,3756.15
2025-02-19 10:00:00,3570.78
2025-02-19 11:00:00,3171.12
2025-02-19 12:00:00,3134.04
2025-02-19 13:00:00,3053.57
2025-02-19 14:00:00,3110.35
2025-02-19 15:00:00,2924.99
2025-02-19 16:00:00,2867.84
2025-02-19 17:00:00,2969.29
2025-02-19 18:00:00,3125.9
2025-02-19 19:00:00,3991.25
2025-02-19 20:00:00,4249.31
2025-02-19 21:00:00,3294.81
2025-02-19 22:00:00,2678.31
2025-02-19 23:00:00,1978.99
2025-02-20 00:00:00,1644.6
2025-02-20 01:00:00,1526.33
2025-02-20 02:00:00,1459.06
2025-02-20 03:00:00,1497.03
2025-02-20 04:00:00,1466.65
2025-02-20 05:00:00,1934.68
2025-02-20 06:00:00,2265.44
2025-02-20 07:00:00,3644.57
2025-02-20 08:00:00,3832.1
2025-02-20 09:00:00,3662.47
2025-02-20 10:00:00,591.0
2025-02-20 11:00:00,552.3
2025-02-20 12:00:00,572.92
2025-02-20 13:00:00,538.74
2025-02-20 14:00:00,603.12
2025-02-20 15:00:00,481.59
2025-02-20 16:00:00,481.59
2025-02-20 17:00:00,524.27
2025-02-20 18:00:00,566.41
2025-02-20 19:00:00,604.2
2025-02-20 20:00:00,636.94
2025-02-20 21:00:00,716.51
2025-02-20 22:00:00,4364.87
2025-02-20 23:00:00,4160.34
2025-02-21 00:00:00,3432.8
2025-02-21 01:00:00,3259.91
2025-02-21 02:00:00,1565.21
2025-02-21 03:00:00,1595.05
2025-02-21 04:00:00,1723.45
2025-02-21 05:00:00,1737.2
2025-02-21 06:00:00,2458.59
2025-02-21 07:00:00,4348.05
2025-02-21 08:00:00,4201.93
2025-02-21 09:00:00,3954.72
2025-02-21 10:00:00,3467.16
2025-02-21 11:00:00,3242.55
2025-02-21 12:00:00,3258.28
2025-02-21 13:00:00,2957.0
2025-02-21 14:00:00,3160.08
2025-02-21 15:00:00,2819.73
2025-02-21 16:00:00,2778.86
2025-02-21 17:00:00,2946.69
2025-02-21 18:00:00,3096.61
2025-02-21 19:00:00,3167.86
2025-02-21 20:00:00,3220.49
2025-02-21 21:00:00,3412.18
2025-02-21 22:00:00,2718.46
2025-02-21 23:00:00,1869.03
2025-02-22 00:00:00,1502.64
2025-02-22 01:00:00,1520.36
2025-02-22 02:00:00,1352.36
2025-02-22 03:00:00,1363.21
2025-02-22 04:00:00,1415.83
2025-02-22 05:00:00,1483.47
2025-02-22 06:00:00,2000.33
2025-02-22 07:00:00,2700.01
2025-02-22 08:00:00,2983.76
2025-02-22 09:00:00,3094.26
2025-02-22 10:00:00,3021.56
2025-02-22 11:00:00,2826.06
2025-02-22 12:00:00,2845.41
2025-02-22 13:00:00,3131.33
2025-02-22 14:00:00,3121.56
2025-02-22 15:00:00,2381.0
2025-02-22 16:00:00,2548.65
2025-02-22 17:00:00,2789.17
2025-02-22 18:00:00,2825.52
2025-02-22 19:00:00,2837.09
2025-02-22 20:00:00,2857.17
2025-02-22 21:00:00,2875.8
2025-02-22 22:00:00,2554.43
2025-02-22 23:00:00,1738.46
2025-02-23 00:00:00,1474.97
2025-02-23 01:00:00,1504.27
2025-02-23 02:00:00,1423.79
2025-02-23 03:00:00,1372.43
2025-02-23 04:00:00,1408.42
2025-02-23 05:00:00,1463.76
2025-02-23 06:00:00,1821.83
2025-02-23 07:00:00,2704.17
2025-02-23 08:00:00,2948.5
2025-02-23 09:00:00,3315.97
2025-02-23 10:00:00,3381.44
2025-02-23 11:00:00,3161.35
2025-02-23 12:00:00,2988.46
2025-02-23 13:00:00,2857.89
2025-02-23 14:00:00,2647.21
2025-02-23 15:00:00,2516.28
2025-02-23 16:00:00,2551.0
2025-02-23 17:00:00,2949.04
2025-02-23 18:00:00,2980.69
2025-02-23 19:00:00,3212.71
2025-02-23 20:00:00,3395.91
2025-02-23 21:00:00,3263.17
2025-02-23 22:00:00,2571.07
2025-02-23 23:00:00,1760.16
2025-02-24 00:00:00,1402.99
2025-02-24 01:00:00,1405.16
2025-02-24 02:00:00,1562.68
2025-02-24 03:00:00,1719.11
2025-02-24 04:00:00,1772.64
2025-02-24 05:00:00,1835.21
2025-02-24 06:00:00,2092.01
2025-02-24 07:00:00,3304.22
2025-02-24 08:00:00,3301.32
2025-02-24 09:00:00,3588.32
2025-02-24 10:00:00,3504.77
2025-02-24 11:00:00,3152.13
2025-02-24 12:00:00,3096.61
2025-02-24 13:00:00,2885.38
2025-02-24 14:00:00,2917.57
2025-02-24 15:00:00,2692.24
2025-02-24 16:00:00,2776.33
2025-02-24 17:00:00,2819.37
2025-02-24 18:00:00,3019.21
2025-02-24 19:00:00,3156.29
2025-02-24 20:00:00,3194.81
2025-02-24 21:00:00,2971.82
2025-02-24 22:00:00,2524.59
2025-02-24 23:00:00,1828.7
2025-02-25 00:00:00,1569.01
2025-02-25 01:00:00,1471.72
2025-02-25 02:00:00,1399.02
2025-02-25 03:00:00,1400.28
2025-02-25 04:00:00,1407.7
2025-02-25 05:00:00,1529.59
2025-02-25 06:00:00,2100.88
2025-02-25 07:00:00,3249.6
2025-02-25 08:00:00,3255.57
2025-02-25 09:00:00,3247.61
2025-02-25 10:00:00,2972.55
2025-02-25 11:00:00,2933.67
2025-02-25 12:00:00,2837.82
2025-02-25 13:00:00,2759.33
2025-02-25 14:00:00,2574.87
2025-02-25 15:00:00,2567.82
2025-02-25 16:00:00,2517.72
2025-02-25 17:00:00,3438.77
2025-02-25 18:00:00,3489.22
2025-02-25 19:00:00,2968.75
2025-02-25 20:00:00,2887.19
2025-02-25 21:00:00,2985.93
2025-02-25 22:00:00,2476.13
2025-02-25 23:00:00,1877.35
2025-02-26 00:00:00,1471.54
2025-02-26 01:00:00,1374.42
2025-02-26 02:00:00,1340.6
2025-02-26 03:00:00,1343.86
2025-02-26 04:00:00,1398.11
2025-02-26 05:00:00,1432.11
2025-02-26 06:00:00,2142.29
2025-02-26 07:00:00,3331.71
2025-02-26 08:00:00,3399.16
2025-02-26 09:00:00,3509.3
2025-02-26 10:00:00,3357.93
2025-02-26 11:00:00,3246.89
2025-02-26 12:00:00,3212.89
2025-02-26 13:00:00,2880.5
2025-02-26 14:00:00,2801.83
2025-02-26 15:00:00,2630.21
2025-02-26 16:00:00,2829.68
2025-02-26 17:00:00,2812.86
2025-02-26 18:00:00,2936.02
2025-02-26 19:00:00,3377.28
2025-02-26 20:00:00,3377.28
2025-02-26 21:00:00,3324.29
2025-02-26 22:00:00,2709.96
2025-02-26 23:00:00,1834.13
2025-02-27 00:00:00,1532.3
2025-02-27 01:00:00,1440.25
2025-02-27 02:00:00,1366.1
2025-02-27 03:00:00,1383.1
2025-02-27 04:00:00,1456.52
2025-02-27 05:00:00,1551.83
2025-02-27 06:00:00,2129.45
2025-02-27 07:00:00,3573.5
2025-02-27 08:00:00,4261.25
2025-02-27 09:00:00,3738.79
2025-02-27 10:00:00,3539.5
2025-02-27 11:00:00,3372.4
2025-02-27 12:00:00,3292.28
2025-02-27 13:00:00,2950.67
2025-02-27 14:00:00,2888.64
2025-02-27 15:00:00,2793.87
2025-02-27 16:00:00,2789.35
2025-02-27 17:00:00,3077.62
2025-02-27 18:00:00,3235.32
2025-02-27 19:00:00,3305.3
2025-02-27 20:00:00,3392.47
2025-02-27 21:00:00,3466.62
2025-02-27 22:00:00,2846.5
2025-02-27 23:00:00,1872.65
2025-02-28 00:00:00,1619.65
2025-02-28 01:00:00,1506.44
2025-02-28 02:00:00,1478.23
2025-02-28 03:00:00,1444.77
2025-02-28 04:00:00,1411.86
2025-02-28 05:00:00,1960.54
2025-02-28 06:00:00,2111.55
2025-02-28 07:00:00,3444.01
2025-02-28 08:00:00,3530.27
2025-02-28 09:00:00,3508.39
2025-02-28 10:00:00,3378.91
2025-02-28 11:00:00,3199.87
2025-02-28 12:00:00,3027.52
2025-02-28 13:00:00,2861.15
2025-02-28 14:00:00,2769.82
2025-02-28 15:00:00,2710.32
2025-02-28 16:00:00,2666.38
2025-02-28 17:00:00,2918.66
2025-02-28 18:00:00,3048.32
2025-02-28 19:00:00,3838.79
2025-02-28 20:00:00,3608.22
2025-02-28 21:00:00,3327.0
2025-02-28 22:00:00,2813.59
2025-02-28 23:00:00,1894.53
2025-03-01 00:00:00,1551.29
2025-03-01 01:00:00,1541.88
2025-03-01 02:00:00,1354.89
2025-03-01 03:00:00,1385.45
2025-03-01 04:00:00,1432.47
2025-03-01 05:00:00,1475.15
2025-03-01 06:00:00,2020.04
2025-03-01 07:00:00,3137.84
2025-03-01 08:00:00,3373.12
2025-03-01 09:00:00,3521.41
2025-03-01 10:00:00,3315.97
2025-03-01 11:00:00,2990.27
2025-03-01 12:00:00,3059.53
2025-03-01 13:00:00,3125.18
2025-03-01 14:00:00,2967.48
2025-03-01 15:00:00,2764.4
2025-03-01 16:00:00,1891.28
2025-03-01 17:00:00,2065.07
2025-03-01 18:00:00,2397.64
2025-03-01 19:00:00,2577.4
2025-03-01 20:00:00,3293.73
2025-03-01 21:00:00,3395.18
2025-03-01 22:00:00,2829.68
2025-03-01 23:00:00,1994.18
2025-03-02 00:00:00,1675.71
2025-03-02 01:00:00,1512.77
2025-03-02 02:00:00,1423.61
2025-03-02 03:00:00,1380.93
2025-03-02 04:00:00,1397.57
2025-03-02 05:00:00,1469.36
2025-03-02 06:00:00,1900.68
2025-03-02 07:00:00,2687.17
2025-03-02 08:00:00,3242.55
2025-03-02 09:00:00,3489.95
2025-03-02 10:00:00,3339.66
2025-03-02 11:00:00,4120.37
2025-03-02 12:00:00,3800.09
2025-03-02 13:00:00,2794.42
2025-03-02 14:00:00,2680.84
2025-03-02 15:00:00,2549.19
2025-03-02 16:00:00,2686.63
2025-03-02 17:00:00,2846.14
2025-03-02 18:00:00,3128.44
2025-03-02 19:00:00,3293.37
2025-03-02 20:00:00,3210.54
2025-03-02 21:00:00,2876.52
2025-03-02 22:00:00,2367.08
2025-03-02 23:00:00,1776.44
2025-03-03 00:00:00,1396.3
2025-03-03 01:00:00,1309.5
2025-03-03 02:00:00,1304.62
2025-03-03 03:00:00,1306.24
2025-03-03 04:00:00,1355.07
2025-03-03 05:00:00,1526.15
2025-03-03 06:00:00,2009.91
2025-03-03 07:00:00,2941.8
2025-03-03 08:00:00,3076.9
2025-03-03 09:00:00,1659.43
2025-03-03 10:00:00,1676.97
2025-03-03 11:00:00,1646.41
2025-03-03 12:00:00,1580.58
2025-03-03 13:00:00,2448.28
2025-03-03 14:00:00,2432.18
2025-03-03 15:00:00,2398.18
2025-03-03 16:00:00,2583.19
2025-03-03 17:00:00,2723.16
2025-03-03 18:00:00,3509.48
2025-03-03 19:00:00,3695.38
2025-03-03 20:00:00,2896.95
2025-03-03 21:00:00,2815.39
2025-03-03 22:00:00,2407.05
2025-03-03 23:00:00,1817.67
2025-03-04 00:00:00,1464.12
2025-03-04 01:00:00,1397.57
2025-03-04 02:00:00,1453.63
2025-03-04 03:00:00,1427.59
2025-03-04 04:00:00,1501.56
2025-03-04 05:00:00,2078.63
2025-03-04 06:00:00,2284.79
2025-03-04 07:00:00,3011.07
2025-03-04 08:00:00,3041.99
2025-03-04 09:00:00,3130.43
2025-03-04 10:00:00,3117.22
2025-03-04 11:00:00,2897.86
2025-03-04 12:00:00,2955.37
2025-03-04 13:00:00,2704.72
2025-03-04 14:00:00,2683.92
2025-03-04 15:00:00,2893.7
2025-03-04 16:00:00,2651.37
2025-03-04 17:00:00,2913.23
2025-03-04 18:00:00,2854.46
2025-03-04 19:00:00,3169.13
2025-03-04 20:00:00,3379.45
2025-03-04 21:00:00,3381.08
2025-03-04 22:00:00,3409.29
2025-03-04 23:00:00,2114.44
2025-03-05 00:00:00,1453.09
2025-03-05 01:00:00,1399.38
2025-03-05 02:00:00,1336.08
2025-03-05 03:00:00,1371.89
2025-03-05 04:00:00,1409.69
2025-03-05 05:00:00,1608.98
2025-03-05 06:00:00,2104.13
2025-03-05 07:00:00,3228.62
2025-03-05 08:00:00,3425.02
2025-03-05 09:00:00,3459.56
2025-03-05 10:00:00,3335.14
2025-03-05 11:00:00,3216.87
2025-03-05 12:00:00,3013.96
2025-03-05 13:00:00,2781.21
2025-03-05 14:00:00,2782.48
2025-03-05 15:00:00,2790.44
2025-03-05 16:00:00,2634.37
2025-03-05 17:00:00,3043.26
2025-03-05 18:00:00,2856.45
2025-03-05 19:00:00,3186.31
2025-03-05 20:00:00,3407.12
2025-03-05 21:00:00,3294.09
2025-03-05 22:00:00,2570.89
2025-03-05 23:00:00,1871.2
2025-03-06 00:00:00,1539.17
2025-03-06 01:00:00,1391.96
2025-03-06 02:00:00,1361.76
2025-03-06 03:00:00,1507.16
2025-03-06 04:00:00,1488.72
2025-03-06 05:00:00,1479.85
2025-03-06 06:00:00,2205.4
2025-03-06 07:00:00,3318.32
2025-03-06 08:00:00,3356.12
2025-03-06 09:00:00,4023.44
2025-03-06 10:00:00,4152.92
2025-03-06 11:00:00,3254.85
2025-03-06 12:00:00,3341.11
2025-03-06 13:00:00,2935.29
2025-03-06 14:00:00,2813.58
2025-03-06 15:00:00,2934.93
2025-03-06 16:00:00,2792.43
2025-03-06 17:00:00,2835.47
2025-03-06 18:00:00,3074.54
2025-03-06 19:00:00,3041.45
2025-03-06 20:00:00,3490.31
2025-03-06 21:00:00,3308.56
2025-03-06 22:00:00,2791.88
2025-03-06 23:00:00,1899.41
2025-03-07 00:00:00,1482.39
2025-03-07 01:00:00,1437.36
2025-03-07 02:00:00,1367.37
2025-03-07 03:00:00,1375.33
2025-03-07 04:00:00,1387.62
2025-03-07 05:00:00,1537.0
2025-03-07 06:00:00,2453.34
2025-03-07 07:00:00,3408.93
2025-03-07 08:00:00,3358.83
2025-03-07 09:00:00,3514.9
2025-03-07 10:00:00,3359.56
2025-03-07 11:00:00,3327.0
2025-03-07 12:00:00,3200.59
2025-03-07 13:00:00,3060.08
2025-03-07 14:00:00,3341.83
2025-03-07 15:00:00,3502.97
2025-03-07 16:00:00,3427.37
2025-03-07 17:00:00,3039.82
2025-03-07 18:00:00,3058.99
2025-03-07 19:00:00,3217.23
2025-03-07 20:00:00,3316.7
2025-03-07 21:00:00,3212.35
2025-03-07 22:00:00,2733.65
2025-03-07 23:00:00,1978.62
2025-03-08 00:00:00,1691.26
2025-03-08 01:00:00,1583.48
2025-03-08 02:00:00,1354.17
2025-03-08 03:00:00,1409.87
2025-03-08 04:00:00,1405.17
2025-03-08 05:00:00,1877.89
2025-03-08 06:00:00,2057.29
2025-03-08 07:00:00,3091.18
2025-03-08 08:00:00,3474.57
2025-03-08 09:00:00,3668.62
2025-03-08 10:00:00,3440.21
2025-03-08 11:00:00,3160.08
2025-03-08 12:00:00,3036.93
2025-03-08 13:00:00,2921.55
2025-03-08 14:00:00,2676.14
2025-03-08 15:00:00,2899.31
2025-03-08 16:00:00,2737.63
2025-03-08 17:00:00,3022.1
2025-03-08 18:00:00,2963.32
2025-03-08 19:00:00,3164.97
2025-03-08 20:00:00,3174.37
2025-03-08 21:00:00,3335.87
2025-03-08 22:00:00,3666.45
2025-03-08 23:00:00,2177.19
2025-03-09 00:00:00,1647.5
2025-03-09 01:00:00,1523.08
2025-03-09 02:00:00,1486.0
2025-03-09 03:00:00,1415.29
2025-03-09 04:00:00,1461.05
2025-03-09 05:00:00,1671.55
2025-03-09 06:00:00,1955.3
2025-03-09 07:00:00,2888.64
2025-03-09 08:00:00,3202.58
2025-03-09 09:00:00,3290.65
2025-03-09 10:00:00,3261.18
2025-03-09 11:00:00,3081.96
2025-03-09 12:00:00,3020.11
2025-03-09 13:00:00,2822.63
2025-03-09 14:00:00,2799.12
2025-03-09 15:00:00,2630.93
2025-03-09 16:00:00,2685.0
2025-03-09 17:00:00,2970.92
2025-03-09 18:00:00,3002.03
2025-03-09 19:00:00,3172.2
2025-03-09 20:00:00,3250.87
2025-03-09 21:00:00,3123.73
2025-03-09 22:00:00,2455.33
2025-03-09 23:00:00,1842.45
2025-03-10 00:00:00,1424.52
2025-03-10 01:00:00,1393.05
2025-03-10 02:00:00,1292.14
2025-03-10 03:00:00,1338.98
2025-03-10 04:00:00,1463.4
2025-03-10 05:00:00,1838.83
2025-03-10 06:00:00,3013.24
2025-03-10 07:00:00,3457.57
2025-03-10 08:00:00,3460.83
2025-03-10 09:00:00,3652.34
2025-03-10 10:00:00,3442.02
2025-03-10 11:00:00,3155.74
2025-03-10 12:00:00,3172.92
2025-03-10 13:00:00,2990.81
2025-03-10 14:00:00,2901.11
2025-03-10 15:00:00,2687.36
2025-03-10 16:00:00,2827.15
2025-03-10 17:00:00,3018.84
2025-03-10 18:00:00,2985.21
2025-03-10 19:00:00,3082.14
2025-03-10 20:00:00,3426.47
2025-03-10 21:00:00,3344.36
2025-03-10 22:00:00,2759.69
2025-03-10 23:00:00,1897.61
2025-03-11 00:00:00,1622.0
2025-03-11 01:00:00,1508.61
2025-03-11 02:00:00,1395.76
2025-03-11 03:00:00,1413.48
2025-03-11 04:00:00,1524.16
2025-03-11 05:00:00,1952.04
2025-03-11 06:00:00,2364.55
2025-03-11 07:00:00,4204.1
2025-03-11 08:00:00,4394.71
2025-03-11 09:00:00,3581.45
2025-03-11 10:00:00,3259.73
2025-03-11 11:00:00,3205.48
2025-03-11 12:00:00,3034.04
2025-03-11 13:00:00,3015.77
2025-03-11 14:00:00,2757.52
2025-03-11 15:00:00,2849.57
2025-03-11 16:00:00,2727.5
2025-03-11 17:00:00,2873.26
2025-03-11 18:00:00,3108.18
2025-03-11 19:00:00,2981.05
2025-03-11 20:00:00,3440.57
2025-03-11 21:00:00,3270.94
2025-03-11 22:00:00,2523.69
2025-03-11 23:00:00,1858.54
2025-03-12 00:00:00,1675.89
2025-03-12 01:00:00,1542.43
2025-03-12 02:00:00,1503.0
2025-03-12 03:00:00,1489.62
2025-03-12 04:00:00,1420.9
2025-03-12 05:00:00,1819.3
2025-03-12 06:00:00,2103.77
2025-03-12 07:00:00,3287.04
2025-03-12 08:00:00,3359.01
2025-03-12 09:00:00,3455.58
2025-03-12 10:00:00,3194.63
2025-03-12 11:00:00,2971.64
2025-03-12 12:00:00,2876.16
2025-03-12 13:00:00,2632.38
2025-03-12 14:00:00,2625.33
2025-03-12 15:00:00,2764.76
2025-03-12 16:00:00,3160.26
2025-03-12 17:00:00,3726.85
2025-03-12 18:00:00,2973.63
2025-03-12 19:00:00,3181.97
2025-03-12 20:00:00,3175.27
2025-03-12 21:00:00,3066.95
2025-03-12 22:00:00,2602.72
2025-03-12 23:00:00,1818.58
2025-03-13 00:00:00,1529.04
2025-03-13 01:00:00,1452.73
2025-03-13 02:00:00,1408.96
2025-03-13 03:00:00,1386.54
2025-03-13 04:00:00,1412.76
2025-03-13 05:00:00,1546.4
2025-03-13 06:00:00,2143.74
2025-03-13 07:00:00,3329.9
2025-03-13 08:00:00,3217.05
2025-03-13 09:00:00,3362.09
2025-03-13 10:00:00,3214.88
2025-03-13 11:00:00,3559.57
2025-03-13 12:00:00,3676.03
2025-03-13 13:00:00,3296.8
2025-03-13 14:00:00,2649.02
2025-03-13 15:00:00,2751.56
2025-03-13 16:00:00,2678.31
2025-03-13 17:00:00,2789.17
2025-03-13 18:00:00,3007.09
2025-03-13 19:00:00,2987.02
2025-03-13 20:00:00,3254.85
2025-03-13 21:00:00,3104.93
2025-03-13 22:00:00,2558.77
2025-03-13 23:00:00,1817.49
2025-03-14 00:00:00,1487.45
2025-03-14 01:00:00,1449.47
2025-03-14 02:00:00,1431.75
2025-03-14 03:00:00,1431.75
2025-03-14 04:00:00,1426.5
2025-03-14 05:00:00,1475.51
2025-03-14 06:00:00,2147.35
2025-03-14 07:00:00,3164.97
2025-03-14 08:00:00,3271.12
2025-03-14 09:00:00,3125.54
2025-03-14 10:00:00,3097.33
2025-03-14 11:00:00,2977.97
2025-03-14 12:00:00,2818.83
2025-03-14 13:00:00,2688.98
2025-03-14 14:00:00,2495.48
2025-03-14 15:00:00,2592.77
2025-03-14 16:00:00,2654.08
2025-03-14 17:00:00,2733.11
2025-03-14 18:00:00,3090.1
2025-03-14 19:00:00,3738.97
2025-03-14 20:00:00,3164.79
2025-03-14 21:00:00,3003.29
2025-03-14 22:00:00,2614.66
2025-03-14 23:00:00,1943.54
2025-03-15 00:00:00,1554.0
2025-03-15 01:00:00,1420.36
2025-03-15 02:00:00,1387.8
2025-03-15 03:00:00,1494.86
2025-03-15 04:00:00,1510.6
2025-03-15 05:00:00,1680.77
2025-03-15 06:00:00,2173.76
2025-03-15 07:00:00,2828.96
2025-03-15 08:00:00,3295.36
2025-03-15 09:00:00,3277.27
2025-03-15 10:00:00,3160.81
2025-03-15 11:00:00,2972.37
2025-03-15 12:00:00,2964.95
2025-03-15 13:00:00,2776.15
2025-03-15 14:00:00,2701.64
2025-03-15 15:00:00,2544.49
2025-03-15 16:00:00,2567.27
2025-03-15 17:00:00,2973.81
2025-03-15 18:00:00,2922.27
2025-03-15 19:00:00,3033.49
2025-03-15 20:00:00,3114.51
2025-03-15 21:00:00,3154.3
2025-03-15 22:00:00,2584.27
2025-03-15 23:00:00,1961.26
2025-03-16 00:00:00,1592.52
2025-03-16 01:00:00,1498.12
2025-03-16 02:00:00,1372.43
2025-03-16 03:00:00,1371.53
2025-03-16 04:00:00,1420.18
2025-03-16 05:00:00,1690.72
2025-03-16 06:00:00,1920.39
2025-03-16 07:00:00,2860.6
2025-03-16 08:00:00,3901.01
2025-03-16 09:00:00,4242.26
2025-03-16 10:00:00,3440.21
2025-03-16 11:00:00,3121.38
2025-03-16 12:00:00,3007.63
2025-03-16 13:00:00,2830.04
2025-03-16 14:00:00,2668.19
2025-03-16 15:00:00,2679.76
2025-03-16 16:00:00,2593.68
2025-03-16 17:00:00,2844.33
2025-03-16 18:00:00,3001.84
2025-03-16 19:00:00,3116.86
2025-03-16 20:00:00,3452.87
2025-03-16 21:00:00,3145.62
2025-03-16 22:00:00,2422.06
2025-03-16 23:00:00,1839.92
2025-03-17 00:00:00,1375.33
2025-03-17 01:00:00,1349.65
2025-03-17 02:00:00,1270.25
2025-03-17 03:00:00,1350.37
2025-03-17 04:00:00,1346.03
2025-03-17 05:00:00,1442.24
2025-03-17 06:00:00,2436.34
2025-03-17 07:00:00,3635.16
2025-03-17 08:00:00,3637.33
2025-03-17 09:00:00,3647.1
2025-03-17 10:00:00,3368.78
2025-03-17 11:00:00,3206.02
2025-03-17 12:00:00,3017.04
2025-03-17 13:00:00,3032.41
2025-03-17 14:00:00,2816.3
2025-03-17 15:00:00,2817.93
2025-03-17 16:00:00,2724.25
2025-03-17 17:00:00,2926.43
2025-03-17 18:00:00,2960.43
2025-03-17 19:00:00,3088.29
2025-03-17 20:00:00,3277.09
2025-03-17 21:00:00,3327.18
2025-03-17 22:00:00,3151.58
2025-03-17 23:00:00,2580.11
2025-03-18 00:00:00,1548.76
2025-03-18 01:00:00,1421.26
2025-03-18 02:00:00,1409.87
2025-03-18 03:00:00,1355.43
2025-03-18 04:00:00,1414.93
2025-03-18 05:00:00,1566.48
2025-03-18 06:00:00,2323.31
2025-03-18 07:00:00,3563.55
2025-03-18 08:00:00,3601.53
2025-03-18 09:00:00,3632.09
2025-03-18 10:00:00,3263.35
2025-03-18 11:00:00,3152.67
2025-03-18 12:00:00,3099.32
2025-03-18 13:00:00,2971.1
2025-03-18 14:00:00,2969.11
2025-03-18 15:00:00,2852.47
2025-03-18 16:00:00,2944.88
2025-03-18 17:00:00,3191.55
2025-03-18 18:00:00,3179.98
2025-03-18 19:00:00,3142.9
2025-03-18 20:00:00,3561.2
2025-03-18 21:00:00,3477.47
2025-03-18 22:00:00,2778.14
2025-03-18 23:00:00,1968.14
2025-03-19 00:00:00,1526.33
2025-03-19 01:00:00,1470.09
2025-03-19 02:00:00,1384.01
2025-03-19 03:00:00,1391.42
2025-03-19 04:00:00,1453.09
2025-03-19 05:00:00,1567.38
2025-03-19 06:00:00,2347.37
2025-03-19 07:00:00,3595.2
2025-03-19 08:00:00,3655.78
2025-03-19 09:00:00,3702.8
2025-03-19 10:00:00,3643.12
2025-03-19 11:00:00,3997.58
2025-03-19 12:00:00,3800.82
2025-03-19 13:00:00,3108.72
2025-03-19 14:00:00,2951.57
2025-03-19 15:00:00,2829.32
2025-03-19 16:00:00,2910.7
2025-03-19 17:00:00,3122.47
2025-03-19 18:00:00,3021.38
2025-03-19 19:00:00,3240.74
2025-03-19 20:00:00,3493.74
2025-03-19 21:00:00,3627.57
2025-03-19 22:00:00,2848.67
2025-03-19 23:00:00,1938.84
2025-03-20 00:00:00,1571.54
2025-03-20 01:00:00,1459.42
2025-03-20 02:00:00,1430.48
2025-03-20 03:00:00,1531.58
2025-03-20 04:00:00,1536.64
2025-03-20 05:00:00,1808.99
2025-03-20 06:00:00,2509.77
2025-03-20 07:00:00,3732.28
2025-03-20 08:00:00,3700.99
2025-03-20 09:00:00,3981.84
2025-03-20 10:00:00,3436.96
2025-03-20 11:00:00,3262.44
2025-03-20 12:00:00,3102.76
2025-03-20 13:00:00,3040.55
2025-03-20 14:00:00,3076.9
2025-03-20 15:00:00,3067.13
2025-03-20 16:00:00,3620.88
2025-03-20 17:00:00,3867.91
2025-03-20 18:00:00,3867.01
2025-03-20 19:00:00,3273.11
2025-03-20 20:00:00,3649.45
2025-03-20 21:00:00,3587.78
2025-03-20 22:00:00,2872.18
2025-03-20 23:00:00,2010.45
2025-03-21 00:00:00,1595.59
2025-03-21 01:00:00,1603.19
2025-03-21 02:00:00,1467.74
2025-03-21 03:00:00,1468.46
2025-03-21 04:00:00,1479.67
2025-03-21 05:00:00,1822.19
2025-03-21 06:00:00,2544.67
2025-03-21 07:00:00,3812.57
2025-03-21 08:00:00,3832.65
2025-03-21 09:00:00,3796.12
2025-03-21 10:00:00,3709.31
2025-03-21 11:00:00,3407.66
2025-03-21 12:00:00,3283.96
2025-03-21 13:00:00,3253.4
2025-03-21 14:00:00,3187.93
2025-03-21 15:00:00,3118.13
2025-03-21 16:00:00,3074.73
2025-03-21 17:00:00,3850.55
2025-03-21 18:00:00,3839.16
2025-03-21 19:00:00,3266.24
2025-03-21 20:00:00,3524.85
2025-03-21 21:00:00,3648.37
2025-03-21 22:00:00,3158.64
2025-03-21 23:00:00,2141.2
2025-03-22 00:00:00,1754.01
2025-03-22 01:00:00,1633.39
2025-03-22 02:00:00,1506.62
2025-03-22 03:00:00,1419.27
2025-03-22 04:00:00,1471.53
2025-03-22 05:00:00,1696.87
2025-03-22 06:00:00,2395.47
2025-03-22 07:00:00,3573.13
2025-03-22 08:00:00,3814.02
2025-03-22 09:00:00,4033.75
2025-03-22 10:00:00,3882.02
2025-03-22 11:00:00,3367.15
2025-03-22 12:00:00,3327.73
2025-03-22 13:00:00,3332.43
2025-03-22 14:00:00,3282.7
2025-03-22 15:00:00,3088.83
2025-03-22 16:00:00,2913.77
2025-03-22 17:00:00,3878.22
2025-03-22 18:00:00,4013.13
2025-03-22 19:00:00,3269.86
2025-03-22 20:00:00,3592.67
2025-03-22 21:00:00,3657.23
2025-03-22 22:00:00,3101.13
2025-03-22 23:00:00,2253.87
2025-03-23 00:00:00,1764.5
2025-03-23 01:00:00,1805.01
2025-03-23 02:00:00,1554.0
2025-03-23 03:00:00,1556.53
2025-03-23 04:00:00,1605.36
2025-03-23 05:00:00,1664.86
2025-03-23 06:00:00,2381.55
2025-03-23 07:00:00,2962.78
2025-03-23 08:00:00,3280.35
2025-03-23 09:00:00,3232.24
2025-03-23 10:00:00,3219.76
2025-03-23 11:00:00,2987.92
2025-03-23 12:00:00,2845.41
2025-03-23 13:00:00,3140.37
2025-03-23 14:00:00,3305.3
2025-03-23 15:00:00,3275.46
2025-03-23 16:00:00,2749.2
2025-03-23 17:00:00,3036.02
2025-03-23 18:00:00,3141.64
2025-03-23 19:00:00,3383.43
2025-03-23 20:00:00,3614.0
2025-03-23 21:00:00,3416.7
2025-03-23 22:00:00,2830.4
2025-03-23 23:00:00,1972.48
2025-03-24 00:00:00,1690.0
2025-03-24 01:00:00,1553.46
2025-03-24 02:00:00,1529.41
2025-03-24 03:00:00,1412.22
2025-03-24 04:00:00,1492.33
2025-03-24 05:00:00,1853.48
2025-03-24 06:00:00,2601.09
2025-03-24 07:00:00,3795.75
2025-03-24 08:00:00,3703.34
2025-03-24 09:00:00,3755.97
2025-03-24 10:00:00,3695.93
2025-03-24 11:00:00,3373.84
2025-03-24 12:00:00,3405.85
2025-03-24 13:00:00,3196.61
2025-03-24 14:00:00,3294.27
2025-03-24 15:00:00,3209.64
2025-03-24 16:00:00,3022.46
2025-03-24 17:00:00,3191.91
2025-03-24 18:00:00,3335.14
2025-03-24 19:00:00,4227.43
2025-03-24 20:00:00,4569.05
2025-03-24 21:00:00,3880.75
2025-03-24 22:00:00,3283.24
2025-03-24 23:00:00,2248.63
2025-03-25 00:00:00,1886.39
2025-03-25 01:00:00,1664.5
2025-03-25 02:00:00,1487.99
2025-03-25 03:00:00,1523.44
2025-03-25 04:00:00,1662.33
2025-03-25 05:00:00,1815.86
2025-03-25 06:00:00,2558.23
2025-03-25 07:00:00,3897.39
2025-03-25 08:00:00,4021.63
2025-03-25 09:00:00,4003.36
2025-03-25 10:00:00,3945.13
2025-03-25 11:00:00,3595.92
2025-03-25 12:00:00,4123.81
2025-03-25 13:00:00,3869.36
2025-03-25 14:00:00,3498.44
2025-03-25 15:00:00,3177.99
2025-03-25 16:00:00,3161.35
2025-03-25 17:00:00,3252.86
2025-03-25 18:00:00,3340.02
2025-03-25 19:00:00,3591.04
2025-03-25 20:00:00,3848.92
2025-03-25 21:00:00,4005.35
2025-03-25 22:00:00,3189.56
2025-03-25 23:00:00,2165.62
2025-03-26 00:00:00,1693.97
2025-03-26 01:00:00,1678.06
2025-03-26 02:00:00,1838.29
2025-03-26 03:00:00,1936.67
2025-03-26 04:00:00,2011.54
2025-03-26 05:00:00,2063.62
2025-03-26 06:00:00,2537.43
2025-03-26 07:00:00,4040.62
2025-03-26 08:00:00,4252.75
2025-03-26 09:00:00,4206.09
2025-03-26 10:00:00,4189.09
2025-03-26 11:00:00,3623.95
2025-03-26 12:00:00,3974.97
2025-03-26 13:00:00,4053.82
2025-03-26 14:00:00,4129.77
2025-03-26 15:00:00,3405.85
2025-03-26 16:00:00,3177.63
2025-03-26 17:00:00,3568.07
2025-03-26 18:00:00,3598.09
2025-03-26 19:00:00,3649.09
2025-03-26 20:00:00,4000.83
2025-03-26 21:00:00,4083.12
2025-03-26 22:00:00,3155.2
2025-03-26 23:00:00,2267.25
2025-03-27 00:00:00,1865.78
2025-03-27 01:00:00,1534.11
2025-03-27 02:00:00,1453.81
2025-03-27 03:00:00,1445.31
2025-03-27 04:00:00,1558.52
2025-03-27 05:00:00,1876.09
2025-03-27 06:00:00,2581.02
2025-03-27 07:00:00,3740.05
2025-03-27 08:00:00,3875.51
2025-03-27 09:00:00,3808.41
2025-03-27 10:00:00,3675.67
2025-03-27 11:00:00,3359.56
2025-03-27 12:00:00,3198.97
2025-03-27 13:00:00,3052.48
2025-03-27 14:00:00,2895.69
2025-03-27 15:00:00,2711.59
2025-03-27 16:00:00,2778.32
2025-03-27 17:00:00,3593.93
2025-03-27 18:00:00,3134.58
2025-03-27 19:00:00,3067.85
2025-03-27 20:00:00,3128.98
2025-03-27 21:00:00,2987.56
2025-03-27 22:00:00,2603.26
2025-03-27 23:00:00,1887.66
2025-03-28 00:00:00,1580.95
2025-03-28 01:00:00,1511.86
2025-03-28 02:00:00,1388.17
2025-03-28 03:00:00,1418.55
2025-03-28 04:00:00,1522.17
2025-03-28 05:00:00,1899.23
2025-03-28 06:00:00,2344.11
2025-03-28 07:00:00,3191.91
2025-03-28 08:00:00,3138.38
2025-03-28 09:00:00,3157.19
2025-03-28 10:00:00,3111.26
2025-03-28 11:00:00,2987.2
2025-03-28 12:00:00,2812.5
2025-03-28 13:00:00,2692.6
2025-03-28 14:00:00,2668.0
2025-03-28 15:00:00,2623.16
2025-03-28 16:00:00,2684.82
2025-03-28 17:00:00,3025.17
2025-03-28 18:00:00,2950.3
2025-03-28 19:00:00,3004.74
2025-03-28 20:00:00,3114.69
2025-03-28 21:00:00,3035.66
2025-03-28 22:00:00,2676.69
2025-03-28 23:00:00,1959.27
2025-03-29 00:00:00,1645.15
2025-03-29 01:00:00,1570.1
2025-03-29 02:00:00,1514.58
2025-03-29 03:00:00,1486.73
2025-03-29 04:00:00,1895.07
2025-03-29 05:00:00,2074.65
2025-03-29 06:00:00,2999.67
2025-03-29 07:00:00,3893.23
2025-03-29 08:00:00,3993.24
2025-03-29 09:00:00,3230.61
2025-03-29 10:00:00,3169.13
2025-03-29 11:00:00,2939.27
2025-03-29 12:00:00,2894.24
2025-03-29 13:00:00,2653.54
2025-03-29 14:00:00,2575.95
2025-03-29 15:00:00,2754.63
2025-03-29 16:00:00,2681.93
2025-03-29 17:00:00,3036.75
2025-03-29 18:00:00,2917.93
2025-03-29 19:00:00,2972.73
2025-03-29 20:00:00,3017.58
2025-03-29 21:00:00,3046.15
2025-03-29 22:00:00,2596.75
2025-03-29 23:00:00,1810.44
2025-03-30 00:00:00,1509.51
2025-03-30 01:00:00,1505.17
2025-03-30 02:00:00,1364.47
2025-03-30 03:00:00,1320.35
2025-03-30 04:00:00,1346.57
2025-03-30 05:00:00,1489.44
2025-03-30 06:00:00,2088.94
2025-03-30 07:00:00,3451.06
2025-03-30 08:00:00,3673.5
2025-03-30 09:00:00,3662.11
2025-03-30 10:00:00,3577.84
2025-03-30 11:00:00,3880.21
2025-03-30 12:00:00,3797.2
2025-03-30 13:00:00,3047.6
2025-03-30 14:00:00,2957.9
2025-03-30 15:00:00,2849.75
2025-03-30 16:00:00,2884.66
2025-03-30 17:00:00,3597.37
2025-03-30 18:00:00,3511.47
2025-03-30 19:00:00,3306.57
2025-03-30 20:00:00,3572.23
2025-03-30 21:00:00,3432.26
2025-03-30 22:00:00,3011.25
2025-03-30 23:00:00,1883.32
2025-03-31 00:00:00,1435.19
2025-03-31 01:00:00,1351.82
2025-03-31 02:00:00,1291.78
2025-03-31 03:00:00,1327.4
2025-03-31 04:00:00,1374.96
2025-03-31 05:00:00,1542.61
2025-03-31 06:00:00,2476.49
2025-03-31 07:00:00,3258.28
2025-03-31 08:00:00,3530.82
2025-03-31 09:00:00,3639.32
2025-03-31 10:00:00,3506.22
2025-03-31 11:00:00,3261.9
2025-03-31 12:00:00,3147.24
2025-03-31 13:00:00,2968.57
2025-03-31 14:00:00,2962.78
2025-03-31 15:00:00,2847.76
2025-03-31 16:00:00,2783.56
2025-03-31 17:00:00,3701.17
2025-03-31 18:00:00,3968.1
2025-03-31 19:00:00,3050.31
2025-03-31 20:00:00,3378.54
2025-03-31 21:00:00,3291.38
2025-03-31 22:00:00,2677.05
2025-03-31 23:00:00,1954.57
2025-04-01 00:00:00,1676.97
2025-04-01 01:00:00,1531.03
2025-04-01 02:00:00,1388.35
2025-04-01 03:00:00,1375.14
2025-04-01 04:00:00,1468.46
2025-04-01 05:00:00,1927.26
2025-04-01 06:00:00,2469.98
2025-04-01 07:00:00,3549.62
2025-04-01 08:00:00,3513.45
2025-04-01 09:00:00,3727.21
2025-04-01 10:00:00,3822.34
2025-04-01 11:00:00,3539.32
2025-04-01 12:00:00,3435.69
2025-04-01 13:00:00,3381.08
2025-04-01 14:00:00,3264.61
2025-04-01 15:00:00,3270.94
2025-04-01 16:00:00,3126.99
2025-04-01 17:00:00,3324.65
2025-04-01 18:00:00,3824.33
2025-04-01 19:00:00,3984.56
2025-04-01 20:00:00,3656.32
2025-04-01 21:00:00,3747.47
2025-04-01 22:00:00,2910.52
2025-04-01 23:00:00,1987.12
2025-04-02 00:00:00,1545.86
2025-04-02 01:00:00,1518.74
2025-04-02 02:00:00,1431.93
2025-04-02 03:00:00,1572.63
2025-04-02 04:00:00,1584.74
2025-04-02 05:00:00,1578.05
2025-04-02 06:00:00,2486.8
2025-04-02 07:00:00,3628.11
2025-04-02 08:00:00,3897.57
2025-04-02 09:00:00,3873.88
2025-04-02 10:00:00,3619.79
2025-04-02 11:00:00,3299.33
2025-04-02 12:00:00,3380.71
2025-04-02 13:00:00,3140.01
2025-04-02 14:00:00,3139.11
2025-04-02 15:00:00,3140.91
2025-04-02 16:00:00,3073.64
2025-04-02 17:00:00,3188.3
2025-04-02 18:00:00,3351.42
2025-04-02 19:00:00,3442.74
2025-04-02 20:00:00,3816.19
2025-04-02 21:00:00,4352.21
2025-04-02 22:00:00,3098.42
2025-04-02 23:00:00,2047.16
2025-04-03 00:00:00,1711.52
2025-04-03 01:00:00,1636.47
2025-04-03 02:00:00,1553.1
2025-04-03 03:00:00,1488.53
2025-04-03 04:00:00,1595.23
2025-04-03 05:00:00,1698.86
2025-04-03 06:00:00,2520.07
2025-04-03 07:00:00,3765.73
2025-04-03 08:00:00,3787.44
2025-04-03 09:00:00,4172.82
2025-04-03 10:00:00,3811.85
2025-04-03 11:00:00,3655.96
2025-04-03 12:00:00,3409.47
2025-04-03 13:00:00,2437.25
2025-04-03 14:00:00,2707.79
2025-04-03 15:00:00,3205.48
2025-04-03 16:00:00,3367.69
2025-04-03 17:00:00,3417.79
2025-04-03 18:00:00,3336.59
2025-04-03 19:00:00,3185.76
2025-04-03 20:00:00,3250.69
2025-04-03 21:00:00,3444.01
2025-04-03 22:00:00,3077.98
2025-04-03 23:00:00,2179.72
2025-04-04 00:00:00,1786.02
2025-04-04 01:00:00,1662.51
2025-04-04 02:00:00,1487.09
2025-04-04 03:00:00,1466.29
2025-04-04 04:00:00,1518.19
2025-04-04 05:00:00,2229.82
2025-04-04 06:00:00,2822.63
2025-04-04 07:00:00,3028.25
2025-04-04 08:00:00,3242.91
2025-04-04 09:00:00,3285.23
2025-04-04 10:00:00,3419.42
2025-04-04 11:00:00,3195.17
2025-04-04 12:00:00,3115.6
2025-04-04 13:00:00,2843.61
2025-04-04 14:00:00,2756.98
2025-04-04 15:00:00,2469.26
2025-04-04 16:00:00,2371.06
2025-04-04 17:00:00,2609.05
2025-04-04 18:00:00,2631.47
2025-04-04 19:00:00,2617.55
2025-04-04 20:00:00,2917.57
2025-04-04 21:00:00,2906.54
2025-04-04 22:00:00,2621.17
2025-04-04 23:00:00,1968.32
2025-04-05 00:00:00,1617.3
2025-04-05 01:00:00,1453.99
2025-04-05 02:00:00,1421.08
2025-04-05 03:00:00,1454.54
2025-04-05 04:00:00,1432.65
2025-04-05 05:00:00,1717.85
2025-04-05 06:00:00,2158.56
2025-04-05 07:00:00,3054.65
2025-04-05 08:00:00,3368.96
2025-04-05 09:00:00,3630.82
2025-04-05 10:00:00,3539.32
2025-04-05 11:00:00,3235.5
2025-04-05 12:00:00,3509.48
2025-04-05 13:00:00,3528.28
2025-04-05 14:00:00,2933.49
2025-04-05 15:00:00,2661.49
2025-04-05 16:00:00,2709.24
2025-04-05 17:00:00,2970.2
2025-04-05 18:00:00,2957.72
2025-04-05 19:00:00,3045.79
2025-04-05 20:00:00,3253.58
2025-04-05 21:00:00,3289.93
2025-04-05 22:00:00,2947.77
2025-04-05 23:00:00,2163.63
2025-04-06 00:00:00,1680.95
2025-04-06 01:00:00,1617.3
2025-04-06 02:00:00,1469.91
2025-04-06 03:00:00,1436.27
2025-04-06 04:00:00,1505.71
2025-04-06 05:00:00,1594.33
2025-04-06 06:00:00,2300.53
2025-04-06 07:00:00,3138.56
2025-04-06 08:00:00,3862.67
2025-04-06 09:00:00,3957.79
2025-04-06 10:00:00,3678.2
2025-04-06 11:00:00,3362.45
2025-04-06 12:00:00,3132.05
2025-04-06 13:00:00,3139.29
2025-04-06 14:00:00,2983.4
2025-04-06 15:00:00,3070.38
2025-04-06 16:00:00,2979.78
2025-04-06 17:00:00,3287.94
2025-04-06 18:00:00,3252.13
2025-04-06 19:00:00,3463.36
2025-04-06 20:00:00,3829.39
2025-04-06 21:00:00,4483.87
2025-04-06 22:00:00,3838.07
2025-04-06 23:00:00,2082.43
2025-04-07 00:00:00,1621.09
2025-04-07 01:00:00,1576.24
2025-04-07 02:00:00,1523.44
2025-04-07 03:00:00,1526.69
2025-04-07 04:00:00,1567.56
2025-04-07 05:00:00,1886.57
2025-04-07 06:00:00,2588.25
2025-04-07 07:00:00,4022.17
2025-04-07 08:00:00,4283.85
2025-04-07 09:00:00,4199.76
2025-04-07 10:00:00,4191.44
2025-04-07 11:00:00,3491.39
2025-04-07 12:00:00,3383.07
2025-04-07 13:00:00,3149.96
2025-04-07 14:00:00,3199.69
2025-04-07 15:00:00,3234.77
2025-04-07 16:00:00,3075.45
2025-04-07 17:00:00,3142.72
2025-04-07 18:00:00,3453.96
2025-04-07 19:00:00,3299.15
2025-04-07 20:00:00,3755.79
2025-04-07 21:00:00,3740.42
2025-04-07 22:00:00,3142.18
2025-04-07 23:00:00,2127.1
2025-04-08 00:00:00,1765.23
2025-04-08 01:00:00,1682.4
2025-04-08 02:00:00,1565.76
2025-04-08 03:00:00,1640.44
2025-04-08 04:00:00,1716.76
2025-04-08 05:00:00,1819.48
2025-04-08 06:00:00,3117.59
2025-04-08 07:00:00,4820.42
2025-04-08 08:00:00,4272.82
2025-04-08 09:00:00,4134.48
2025-04-08 10:00:00,4043.15
2025-04-08 11:00:00,3710.4
2025-04-08 12:00:00,3411.1
2025-04-08 13:00:00,3448.35
2025-04-08 14:00:00,3557.76
2025-04-08 15:00:00,3311.81
2025-04-08 16:00:00,3363.35
2025-04-08 17:00:00,3627.93
2025-04-08 18:00:00,3519.78
2025-04-08 19:00:00,3617.62
2025-04-08 20:00:00,3966.29
2025-04-08 21:00:00,4019.1
2025-04-08 22:00:00,3323.39
2025-04-08 23:00:00,2127.82
2025-04-09 00:00:00,1714.95
2025-04-09 01:00:00,1625.43
2025-04-09 02:00:00,1531.58
2025-04-09 03:00:00,1586.37
2025-04-09 04:00:00,1612.05
2025-04-09 05:00:00,2164.53
2025-04-09 06:00:00,2735.28
2025-04-09 07:00:00,4262.33
2025-04-09 08:00:00,4081.31
2025-04-09 09:00:00,4514.43
2025-04-09 10:00:00,4812.1
2025-04-09 11:00:00,4209.89
2025-04-09 12:00:00,3623.59
2025-04-09 13:00:00,3314.53
2025-04-09 14:00:00,3630.1
2025-04-09 15:00:00,3284.87
2025-04-09 16:00:00,3347.26
2025-04-09 17:00:00,3621.06
2025-04-09 18:00:00,3512.73
2025-04-09 19:00:00,3673.86
2025-04-09 20:00:00,3922.53
2025-04-09 21:00:00,3580.01
2025-04-09 22:00:00,3259.01
2025-04-09 23:00:00,2235.79
2025-04-10 00:00:00,1710.97
2025-04-10 01:00:00,1601.56
2025-04-10 02:00:00,1570.28
2025-04-10 03:00:00,1523.8
2025-04-10 04:00:00,1594.51
2025-04-10 05:00:00,1897.06
2025-04-10 06:00:00,2948.86
2025-04-10 07:00:00,3895.04
2025-04-10 08:00:00,3782.19
2025-04-10 09:00:00,3983.11
2025-04-10 10:00:00,3711.12
2025-04-10 11:00:00,3255.21
2025-04-10 12:00:00,3202.76
2025-04-10 13:00:00,3133.14
2025-04-10 14:00:00,3868.27
2025-04-10 15:00:00,3745.48
2025-04-10 16:00:00,3062.97
2025-04-10 17:00:00,3353.41
2025-04-10 18:00:00,3493.02
2025-04-10 19:00:00,3546.37
2025-04-10 20:00:00,3982.57
2025-04-10 21:00:00,4002.28
2025-04-10 22:00:00,3307.47
2025-04-10 23:00:00,2235.79
2025-04-11 00:00:00,1827.08
2025-04-11 01:00:00,1659.98
2025-04-11 02:00:00,1564.67
2025-04-11 03:00:00,1550.38
2025-04-11 04:00:00,1637.01
2025-04-11 05:00:00,1913.7
2025-04-11 06:00:00,2761.86
2025-04-11 07:00:00,3778.39
2025-04-11 08:00:00,4218.93
2025-04-11 09:00:00,4207.36
2025-04-11 10:00:00,3767.0
2025-04-11 11:00:00,3291.74
2025-04-11 12:00:00,3137.84
2025-04-11 13:00:00,2769.28
2025-04-11 14:00:00,2724.97
2025-04-11 15:00:00,2706.52
2025-04-11 16:00:00,2803.1
2025-04-11 17:00:00,3071.65
2025-04-11 18:00:00,3106.01
2025-04-11 19:00:00,3275.64
2025-04-11 20:00:00,3311.45
2025-04-11 21:00:00,3411.64
2025-04-11 22:00:00,2899.67
2025-04-11 23:00:00,2724.25
2025-04-12 00:00:00,2094.91
2025-04-12 01:00:00,1613.14
2025-04-12 02:00:00,1561.6
2025-04-12 03:00:00,1572.63
2025-04-12 04:00:00,1645.87
2025-04-12 05:00:00,1720.92
2025-04-12 06:00:00,2513.2
2025-04-12 07:00:00,3260.81
2025-04-12 08:00:00,3328.99
2025-04-12 09:00:00,3396.81
2025-04-12 10:00:00,3328.99
2025-04-12 11:00:00,3184.32
2025-04-12 12:00:00,3140.01
2025-04-12 13:00:00,2983.22
2025-04-12 14:00:00,2831.49
2025-04-12 15:00:00,2781.76
2025-04-12 16:00:00,2756.98
2025-04-12 17:00:00,3037.29
2025-04-12 18:00:00,2956.45
2025-04-12 19:00:00,3023.18
2025-04-12 20:00:00,3157.91
2025-04-12 21:00:00,3185.4
2025-04-12 22:00:00,2792.61
2025-04-12 23:00:00,2157.48
2025-04-13 00:00:00,1666.3
2025-04-13 01:00:00,1528.86
2025-04-13 02:00:00,1798.32
2025-04-13 03:00:00,1810.26
2025-04-13 04:00:00,1888.56
2025-04-13 05:00:00,1913.52
2025-04-13 06:00:00,2366.36
2025-04-13 07:00:00,3297.16
2025-04-13 08:00:00,3498.44
2025-04-13 09:00:00,3677.3
2025-04-13 10:00:00,3429.9
2025-04-13 11:00:00,3218.5
2025-04-13 12:00:00,3109.45
2025-04-13 13:00:00,2907.26
2025-04-13 14:00:00,2865.49
2025-04-13 15:00:00,2679.58
2025-04-13 16:00:00,2752.1
2025-04-13 17:00:00,2989.73
2025-04-13 18:00:00,3265.34
2025-04-13 19:00:00,3255.03
2025-04-13 20:00:00,3778.39
2025-04-13 21:00:00,3471.5
2025-04-13 22:00:00,3020.11
2025-04-13 23:00:00,2043.0
2025-04-14 00:00:00,1566.3
2025-04-14 01:00:00,1415.83
2025-04-14 02:00:00,1384.37
2025-04-14 03:00:00,1420.72
2025-04-14 04:00:00,1480.4
2025-04-14 05:00:00,1688.73
2025-04-14 06:00:00,2589.7
2025-04-14 07:00:00,3707.5
2025-04-14 08:00:00,3676.94
2025-04-14 09:00:00,3811.31
2025-04-14 10:00:00,3711.66
2025-04-14 11:00:00,3382.16
2025-04-14 12:00:00,3332.43
2025-04-14 13:00:00,3146.34
2025-04-14 14:00:00,3727.03
2025-04-14 15:00:00,3784.9
2025-04-14 16:00:00,3612.56
2025-04-14 17:00:00,
2025-04-14 18:00:00,
2025-04-14 19:00:00,
2025-04-14 20:00:00,
2025-04-14 21:00:00,
2025-04-14 22:00:00,2862.05
2025-04-14 23:00:00,2226.38
2025-04-15 00:00:00,1729.24
2025-04-15 01:00:00,1627.42
2025-04-15 02:00:00,1491.43
2025-04-15 03:00:00,1538.09
2025-04-15 04:00:00,1562.86
2025-04-15 05:00:00,1773.73
2025-04-15 06:00:00,2792.43
2025-04-15 07:00:00,3874.42
2025-04-15 08:00:00,3906.61
2025-04-15 09:00:00,3893.77
2025-04-15 10:00:00,3771.88
2025-04-15 11:00:00,3282.34
2025-04-15 12:00:00,3253.94
2025-04-15 13:00:00,3112.52
2025-04-15 14:00:00,3147.42
2025-04-15 15:00:00,3105.47
2025-04-15 16:00:00,3049.95
2025-04-15 17:00:00,3850.73
2025-04-15 18:00:00,4068.47
2025-04-15 19:00:00,3396.81
2025-04-15 20:00:00,3808.59
2025-04-15 21:00:00,3730.11
2025-04-15 22:00:00,3228.99
2025-04-15 23:00:00,2116.79
2025-04-16 00:00:00,1696.69
2025-04-16 01:00:00,1471.9
2025-04-16 02:00:00,1423.61
2025-04-16 03:00:00,1472.08
2025-04-16 04:00:00,1443.14
2025-04-16 05:00:00,1986.58
2025-04-16 06:00:00,2694.77
2025-04-16 07:00:00,3882.92
2025-04-16 08:00:00,3863.21
2025-04-16 09:00:00,3972.26
2025-04-16 10:00:00,3653.61
2025-04-16 11:00:00,3266.42
2025-04-16 12:00:00,3304.76
2025-04-16 13:00:00,3162.98
2025-04-16 14:00:00,3087.93
2025-04-16 15:00:00,3090.1
2025-04-16 16:00:00,3033.67
2025-04-16 17:00:00,3532.08
2025-04-16 18:00:00,3916.74
2025-04-16 19:00:00,3350.15
2025-04-16 20:00:00,3711.84
2025-04-16 21:00:00,3918.19
2025-04-16 22:00:00,3190.28
2025-04-16 23:00:00,2257.49
2025-04-17 00:00:00,1671.73
2025-04-17 01:00:00,1507.34
2025-04-17 02:00:00,1453.63
2025-04-17 03:00:00,1544.42
2025-04-17 04:00:00,1536.64
2025-04-17 05:00:00,2074.83
2025-04-17 06:00:00,2691.33
2025-04-17 07:00:00,3860.13
2025-04-17 08:00:00,3543.29
2025-04-17 09:00:00,3698.28
2025-04-17 10:00:00,4077.87
2025-04-17 11:00:00,3801.54
2025-04-17 12:00:00,3488.86
2025-04-17 13:00:00,3112.52
2025-04-17 14:00:00,3228.99
2025-04-17 15:00:00,3133.32
2025-04-17 16:00:00,3203.67
2025-04-17 17:00:00,3353.41
2025-04-17 18:00:00,3382.88
2025-04-17 19:00:00,3538.41
2025-04-17 20:00:00,4084.2
2025-04-17 21:00:00,4550.6
2025-04-17 22:00:00,3093.53
2025-04-17 23:00:00,2148.26
2025-04-18 00:00:00,1731.05
2025-04-18 01:00:00,1645.69
2025-04-18 02:00:00,1529.22
2025-04-18 03:00:00,1548.94
2025-04-18 04:00:00,1664.32
2025-04-18 05:00:00,1937.75
2025-04-18 06:00:00,2746.13
2025-04-18 07:00:00,4070.46
2025-04-18 08:00:00,3812.57
2025-04-18 09:00:00,4172.27
2025-04-18 10:00:00,3915.83
2025-04-18 11:00:00,3529.19
2025-04-18 12:00:00,3374.39
2025-04-18 13:00:00,3311.99
2025-04-18 14:00:00,3301.32
2025-04-18 15:00:00,3139.47
2025-04-18 16:00:00,3319.05
2025-04-18 17:00:00,3501.7
2025-04-18 18:00:00,3528.83
2025-04-18 19:00:00,4010.78
2025-04-18 20:00:00,4513.17
2025-04-18 21:00:00,3969.0
2025-04-18 22:00:00,3406.21
2025-04-18 23:00:00,2397.46
2025-04-19 00:00:00,1812.97
2025-04-19 01:00:00,1577.87
2025-04-19 02:00:00,1670.83
2025-04-19 03:00:00,1499.2
2025-04-19 04:00:00,1569.37
2025-04-19 05:00:00,1753.65
2025-04-19 06:00:00,2423.32
2025-04-19 07:00:00,3571.14
2025-04-19 08:00:00,3568.25
2025-04-19 09:00:00,3563.01
2025-04-19 10:00:00,3511.47
2025-04-19 11:00:00,3143.27
2025-04-19 12:00:00,3178.35
2025-04-19 13:00:00,2883.03
2025-04-19 14:00:00,2828.05
2025-04-19 15:00:00,2649.56
2025-04-19 16:00:00,2864.22
2025-04-19 17:00:00,3103.12
2025-04-19 18:00:00,3016.49
2025-04-19 19:00:00,3216.15
2025-04-19 20:00:00,3415.8
2025-04-19 21:00:00,3536.06
2025-04-19 22:00:00,3483.98
2025-04-19 23:00:00,2946.33
2025-04-20 00:00:00,1748.23
2025-04-20 01:00:00,1533.02
2025-04-20 02:00:00,1483.83
2025-04-20 03:00:00,1406.43
2025-04-20 04:00:00,1504.99
2025-04-20 05:00:00,1632.13
2025-04-20 06:00:00,2357.31
2025-04-20 07:00:00,3270.58
2025-04-20 08:00:00,3600.98
2025-04-20 09:00:00,3734.09
2025-04-20 10:00:00,3672.6
2025-04-20 11:00:00,3366.43
2025-04-20 12:00:00,3214.88
2025-04-20 13:00:00,2969.65
2025-04-20 14:00:00,2876.88
2025-04-20 15:00:00,2729.85
2025-04-20 16:00:00,2956.09
2025-04-20 17:00:00,3069.66
2025-04-20 18:00:00,3401.33
2025-04-20 19:00:00,3541.12
2025-04-20 20:00:00,3862.67
2025-04-20 21:00:00,3613.64
2025-04-20 22:00:00,3155.02
2025-04-20 23:00:00,2031.43
2025-04-21 00:00:00,1686.56
2025-04-21 01:00:00,1490.34
2025-04-21 02:00:00,1398.84
2025-04-21 03:00:00,1468.1
2025-04-21 04:00:00,1407.88
2025-04-21 05:00:00,2842.16
2025-04-21 06:00:00,3300.96
2025-04-21 07:00:00,3360.28
2025-04-21 08:00:00,3174.73
2025-04-21 09:00:00,3161.71
2025-04-21 10:00:00,3223.74
2025-04-21 11:00:00,3054.11
2025-04-21 12:00:00,3026.98
2025-04-21 13:00:00,2774.7
2025-04-21 14:00:00,2842.52
2025-04-21 15:00:00,2834.56
2025-04-21 16:00:00,2930.41
2025-04-21 17:00:00,3068.76
2025-04-21 18:00:00,3118.67
2025-04-21 19:00:00,3440.03
2025-04-21 20:00:00,3888.53
2025-04-21 21:00:00,3994.14
2025-04-21 22:00:00,3242.19
2025-04-21 23:00:00,2038.3
2025-04-22 00:00:00,1616.93
2025-04-22 01:00:00,1553.46
2025-04-22 02:00:00,1444.95
2025-04-22 03:00:00,1465.57
2025-04-22 04:00:00,1528.5
2025-04-22 05:00:00,1778.61
2025-04-22 06:00:00,2552.63
2025-04-22 07:00:00,3568.97
2025-04-22 08:00:00,3496.27
2025-04-22 09:00:00,3524.85
2025-04-22 10:00:00,3363.17
2025-04-22 11:00:00,3253.04
2025-04-22 12:00:00,3181.06
2025-04-22 13:00:00,2918.11
2025-04-22 14:00:00,3533.71
2025-04-22 15:00:00,3276.37
2025-04-22 16:00:00,2835.65
2025-04-22 17:00:00,2914.68
2025-04-22 18:00:00,3149.6
2025-04-22 19:00:00,3128.07
2025-04-22 20:00:00,3658.67
2025-04-22 21:00:00,3535.7
2025-04-22 22:00:00,3035.48
2025-04-22 23:00:00,1934.32
2025-04-23 00:00:00,1540.62
2025-04-23 01:00:00,1532.3
2025-04-23 02:00:00,1352.9
2025-04-23 03:00:00,1433.2
2025-04-23 04:00:00,1473.16
2025-04-23 05:00:00,1640.08
2025-04-23 06:00:00,2500.9
2025-04-23 07:00:00,3785.08
2025-04-23 08:00:00,4065.39
2025-04-23 09:00:00,4313.15
2025-04-23 10:00:00,3422.13
2025-04-23 11:00:00,3347.98
2025-04-23 12:00:00,3311.27
2025-04-23 13:00:00,2981.77
2025-04-23 14:00:00,3000.76
2025-04-23 15:00:00,2949.4
2025-04-23 16:00:00,3261.72
2025-04-23 17:00:00,3069.66
2025-04-23 18:00:00,3144.53
2025-04-23 19:00:00,3267.51
2025-04-23 20:00:00,3805.7
2025-04-23 21:00:00,4017.47
2025-04-23 22:00:00,3217.23
2025-04-23 23:00:00,2812.86
2025-04-24 00:00:00,2199.26
2025-04-24 01:00:00,1579.5
2025-04-24 02:00:00,1544.42
2025-04-24 03:00:00,1582.21
2025-04-24 04:00:00,1613.68
2025-04-24 05:00:00,2085.5
2025-04-24 06:00:00,2614.66
2025-04-24 07:00:00,3705.51
2025-04-24 08:00:00,3477.29
2025-04-24 09:00:00,3459.02
2025-04-24 10:00:00,3790.87
2025-04-24 11:00:00,3646.2
2025-04-24 12:00:00,3555.95
2025-04-24 13:00:00,3399.7
2025-04-24 14:00:00,3136.75
2025-04-24 15:00:00,2818.47
2025-04-24 16:00:00,2963.32
2025-04-24 17:00:00,3025.9
2025-04-24 18:00:00,3122.11
2025-04-24 19:00:00,3239.29
2025-04-24 20:00:00,3684.53
2025-04-24 21:00:00,3680.74
2025-04-24 22:00:00,3060.98
2025-04-24 23:00:00,1984.95
2025-04-25 00:00:00,1622.9
2025-04-25 01:00:00,1589.08
2025-04-25 02:00:00,1794.52
2025-04-25 03:00:00,1878.62
2025-04-25 04:00:00,1960.9
2025-04-25 05:00:00,2094.36
2025-04-25 06:00:00,2663.66
2025-04-25 07:00:00,3726.67
2025-04-25 08:00:00,3434.06
2025-04-25 09:00:00,3671.15
2025-04-25 10:00:00,3500.07
2025-04-25 11:00:00,3702.62
2025-04-25 12:00:00,3304.4
2025-04-25 13:00:00,3046.33
2025-04-25 14:00:00,3264.25
2025-04-25 15:00:00,3268.77
2025-04-25 16:00:00,3056.64
2025-04-25 17:00:00,3279.44
2025-04-25 18:00:00,3148.33
2025-04-25 19:00:00,3337.85
2025-04-25 20:00:00,3514.36
2025-04-25 21:00:00,3781.65
2025-04-25 22:00:00,3299.88
2025-04-25 23:00:00,2281.9
2025-04-26 00:00:00,1688.55
2025-04-26 01:00:00,1643.7
2025-04-26 02:00:00,1578.05
2025-04-26 03:00:00,1794.89
2025-04-26 04:00:00,1970.49
2025-04-26 05:00:00,2198.71
2025-04-26 06:00:00,2795.5
2025-04-26 07:00:00,3751.45
2025-04-26 08:00:00,3628.83
2025-04-26 09:00:00,3861.04
2025-04-26 10:00:00,3760.13
2025-04-26 11:00:00,3433.34
2025-04-26 12:00:00,3242.91
2025-04-26 13:00:00,3172.74
2025-04-26 14:00:00,3353.05
2025-04-26 15:00:00,2867.84
2025-04-26 16:00:00,3043.26
2025-04-26 17:00:00,3218.86
2025-04-26 18:00:00,3996.13
2025-04-26 19:00:00,4046.95
2025-04-26 20:00:00,3781.29
2025-04-26 21:00:00,3693.58
2025-04-26 22:00:00,3093.71
2025-04-26 23:00:00,2195.46
2025-04-27 00:00:00,1672.27
2025-04-27 01:00:00,1522.89
2025-04-27 02:00:00,1572.81
2025-04-27 03:00:00,1454.17
2025-04-27 04:00:00,1529.22
2025-04-27 05:00:00,1823.28
2025-04-27 06:00:00,2768.74
2025-04-27 07:00:00,3699.36
2025-04-27 08:00:00,3636.97
2025-04-27 09:00:00,3774.41
2025-04-27 10:00:00,3533.17
2025-04-27 11:00:00,3334.42
2025-04-27 12:00:00,3317.42
2025-04-27 13:00:00,3032.77
2025-04-27 14:00:00,3014.68
2025-04-27 15:00:00,2974.72
2025-04-27 16:00:00,3069.3
2025-04-27 17:00:00,3396.81
2025-04-27 18:00:00,3295.9
2025-04-27 19:00:00,3461.73
2025-04-27 20:00:00,3810.58
2025-04-27 21:00:00,3853.26
2025-04-27 22:00:00,3117.95
2025-04-27 23:00:00,2251.16
2025-04-28 00:00:00,2113.9
2025-04-28 01:00:00,1995.26
2025-04-28 02:00:00,1934.5
2025-04-28 03:00:00,1534.83
2025-04-28 04:00:00,1543.69
2025-04-28 05:00:00,1812.61
2025-04-28 06:00:00,2774.88
2025-04-28 07:00:00,3958.15
2025-04-28 08:00:00,3879.67
2025-04-28 09:00:00,4087.64
2025-04-28 10:00:00,3722.33
2025-04-28 11:00:00,3358.83
2025-04-28 12:00:00,3400.79
2025-04-28 13:00:00,3527.56
2025-04-28 14:00:00,3245.8
2025-04-28 15:00:00,3581.09
2025-04-28 16:00:00,3749.46
2025-04-28 17:00:00,3459.92
2025-04-28 18:00:00,3636.25
2025-04-28 19:00:00,3447.63
2025-04-28 20:00:00,3852.18
2025-04-28 21:00:00,3931.39
2025-04-28 22:00:00,3226.45
2025-04-28 23:00:00,2313.73
2025-04-29 00:00:00,1824.91
2025-04-29 01:00:00,1745.88
2025-04-29 02:00:00,1543.87
2025-04-29 03:00:00,1558.88
2025-04-29 04:00:00,1654.19
2025-04-29 05:00:00,2026.01
2025-04-29 06:00:00,2970.02
2025-04-29 07:00:00,4174.26
2025-04-29 08:00:00,3929.58
2025-04-29 09:00:00,4303.02
2025-04-29 10:00:00,3840.78
2025-04-29 11:00:00,3508.93
2025-04-29 12:00:00,3469.51
2025-04-29 13:00:00,3418.33
2025-04-29 14:00:00,3349.61
2025-04-29 15:00:00,3486.33
2025-04-29 16:00:00,3748.01
2025-04-29 17:00:00,4058.52
2025-04-29 18:00:00,3524.49
2025-04-29 19:00:00,3518.16
2025-04-29 20:00:00,3947.84
2025-04-29 21:00:00,4007.34
2025-04-29 22:00:00,3437.86
2025-04-29 23:00:00,2243.02
2025-04-30 00:00:00,1814.06
2025-04-30 01:00:00,1634.3
2025-04-30 02:00:00,1622.54
2025-04-30 03:00:00,1625.43
2025-04-30 04:00:00,1615.31
2025-04-30 05:00:00,2069.95
2025-04-30 06:00:00,2920.46
2025-04-30 07:00:00,4036.28
2025-04-30 08:00:00,4034.65
2025-04-30 09:00:00,4014.94
2025-04-30 10:00:00,3804.62
2025-04-30 11:00:00,3404.04
2025-04-30 12:00:00,3355.94
2025-04-30 13:00:00,3334.06
2025-04-30 14:00:00,3369.32
2025-04-30 15:00:00,3375.29
2025-04-30 16:00:00,3132.78
2025-04-30 17:00:00,3342.38
2025-04-30 18:00:00,3252.86
2025-04-30 19:00:00,3279.26
2025-04-30 20:00:00,3393.37
2025-04-30 21:00:00,3475.84
2025-04-30 22:00:00,3273.47
2025-04-30 23:00:00,2297.82
2025-05-01 00:00:00,1806.28
2025-05-01 01:00:00,1663.23
2025-05-01 02:00:00,1939.02
2025-05-01 03:00:00,1856.37
2025-05-01 04:00:00,1935.94
2025-05-01 05:00:00,1818.21
2025-05-01 06:00:00,2562.03
2025-05-01 07:00:00,3287.4
2025-05-01 08:00:00,3485.97
2025-05-01 09:00:00,3590.31
2025-05-01 10:00:00,3426.83
2025-05-01 11:00:00,3078.88
2025-05-01 12:00:00,2821.18
2025-05-01 13:00:00,2683.92
2025-05-01 14:00:00,2950.85
2025-05-01 15:00:00,2738.53
2025-05-01 16:00:00,2679.04
2025-05-01 17:00:00,3086.66
2025-05-01 18:00:00,2930.23
2025-05-01 19:00:00,3695.02
2025-05-01 20:00:00,4015.12
2025-05-01 21:00:00,3356.3
2025-05-01 22:00:00,2893.16
2025-05-01 23:00:00,2118.42
2025-05-02 00:00:00,1893.08
2025-05-02 01:00:00,1582.39
2025-05-02 02:00:00,1418.19
2025-05-02 03:00:00,1418.73
2025-05-02 04:00:00,1568.65
2025-05-02 05:00:00,1701.57
2025-05-02 06:00:00,2652.63
2025-05-02 07:00:00,3335.68
2025-05-02 08:00:00,3541.3
2025-05-02 09:00:00,3284.69
2025-05-02 10:00:00,3436.23
2025-05-02 11:00:00,3060.08
2025-05-02 12:00:00,2936.92
2025-05-02 13:00:00,2832.39
2025-05-02 14:00:00,3015.23
2025-05-02 15:00:00,2923.9
2025-05-02 16:00:00,2837.46
2025-05-02 17:00:00,3121.02
2025-05-02 18:00:00,3063.51
2025-05-02 19:00:00,3020.11
2025-05-02 20:00:00,3312.9
2025-05-02 21:00:00,3128.44
2025-05-02 22:00:00,2913.59
2025-05-02 23:00:00,2013.53
2025-05-03 00:00:00,1717.48
2025-05-03 01:00:00,1480.58
2025-05-03 02:00:00,1854.56
2025-05-03 03:00:00,1818.76
2025-05-03 04:00:00,1914.61
2025-05-03 05:00:00,2054.04
2025-05-03 06:00:00,2679.4
2025-05-03 07:00:00,3417.61
2025-05-03 08:00:00,3480.9
2025-05-03 09:00:00,3928.67
2025-05-03 10:00:00,3609.12
2025-05-03 11:00:00,3139.11
2025-05-03 12:00:00,3009.26
2025-05-03 13:00:00,3130.79
2025-05-03 14:00:00,3032.77
2025-05-03 15:00:00,2842.7
2025-05-03 16:00:00,2881.4
2025-05-03 17:00:00,3035.3
2025-05-03 18:00:00,3191.01
2025-05-03 19:00:00,3085.21
2025-05-03 20:00:00,3279.98
2025-05-03 21:00:00,3304.94
2025-05-03 22:00:00,3044.7
2025-05-03 23:00:00,2076.64
2025-05-04 00:00:00,1675.53
2025-05-04 01:00:00,1496.49
2025-05-04 02:00:00,1418.55
2025-05-04 03:00:00,1427.59
2025-05-04 04:00:00,1510.6
2025-05-04 05:00:00,2075.56
2025-05-04 06:00:00,3344.18
2025-05-04 07:00:00,3653.25
2025-05-04 08:00:00,3820.53
2025-05-04 09:00:00,3731.19
2025-05-04 10:00:00,3667.35
2025-05-04 11:00:00,3170.21
2025-05-04 12:00:00,3147.79
2025-05-04 13:00:00,3099.5
2025-05-04 14:00:00,3038.19
2025-05-04 15:00:00,2863.86
2025-05-04 16:00:00,3018.3
2025-05-04 17:00:00,3070.75
2025-05-04 18:00:00,3279.26
2025-05-04 19:00:00,3407.66
2025-05-04 20:00:00,3699.0
2025-05-04 21:00:00,3401.15
2025-05-04 22:00:00,2998.95
2025-05-04 23:00:00,2117.51
2025-05-05 00:00:00,1731.23
2025-05-05 01:00:00,1523.08
2025-05-05 02:00:00,1432.65
2025-05-05 03:00:00,1441.33
2025-05-05 04:00:00,1492.33
2025-05-05 05:00:00,1649.67
2025-05-05 06:00:00,2643.59
2025-05-05 07:00:00,3205.84
2025-05-05 08:00:00,3402.6
2025-05-05 09:00:00,3431.71
2025-05-05 10:00:00,3514.36
2025-05-05 11:00:00,3240.38
2025-05-05 12:00:00,3046.33
2025-05-05 13:00:00,2887.91
2025-05-05 14:00:00,2969.47
2025-05-05 15:00:00,2661.86
2025-05-05 16:00:00,2702.18
2025-05-05 17:00:00,3047.6
2025-05-05 18:00:00,3258.1
2025-05-05 19:00:00,4006.62
2025-05-05 20:00:00,4088.9
2025-05-05 21:00:00,3769.53
2025-05-05 22:00:00,3105.11
2025-05-05 23:00:00,2038.66
2025-05-06 00:00:00,1626.16
2025-05-06 01:00:00,1492.15
2025-05-06 02:00:00,1412.04
2025-05-06 03:00:00,1398.65
2025-05-06 04:00:00,1489.08
2025-05-06 05:00:00,1712.06
2025-05-06 06:00:00,2742.15
2025-05-06 07:00:00,3586.52
2025-05-06 08:00:00,3565.0
2025-05-06 09:00:00,3562.46
2025-05-06 10:00:00,3587.78
2025-05-06 11:00:00,3077.08
2025-05-06 12:00:00,3021.92
2025-05-06 13:00:00,2915.4
2025-05-06 14:00:00,2892.8
2025-05-06 15:00:00,2903.65
2025-05-06 16:00:00,2985.39
2025-05-06 17:00:00,3208.19
2025-05-06 18:00:00,3413.45
2025-05-06 19:00:00,3461.37
2025-05-06 20:00:00,3894.68
2025-05-06 21:00:00,3912.04
2025-05-06 22:00:00,3193.72
2025-05-06 23:00:00,2265.99
2025-05-07 00:00:00,1729.96
2025-05-07 01:00:00,1621.27
2025-05-07 02:00:00,1595.41
2025-05-07 03:00:00,1531.94
2025-05-07 04:00:00,1621.46
2025-05-07 05:00:00,2416.27
2025-05-07 06:00:00,2832.75
2025-05-07 07:00:00,3912.4
2025-05-07 08:00:00,3696.29
2025-05-07 09:00:00,3755.24
2025-05-07 10:00:00,3716.18
2025-05-07 11:00:00,3247.25
2025-05-07 12:00:00,3191.91
2025-05-07 13:00:00,3057.36
2025-05-07 14:00:00,3128.8
2025-05-07 15:00:00,3502.42
2025-05-07 16:00:00,3541.49
2025-05-07 17:00:00,3108.72
2025-05-07 18:00:00,3255.93
2025-05-07 19:00:00,3526.29
2025-05-07 20:00:00,3951.82
2025-05-07 21:00:00,3927.23
2025-05-07 22:00:00,3282.15
2025-05-07 23:00:00,2203.78
2025-05-08 00:00:00,1681.13
2025-05-08 01:00:00,1591.62
2025-05-08 02:00:00,1458.33
2025-05-08 03:00:00,1441.51
2025-05-08 04:00:00,1529.59
2025-05-08 05:00:00,1669.38
2025-05-08 06:00:00,2578.13
2025-05-08 07:00:00,3325.92
2025-05-08 08:00:00,3184.14
2025-05-08 09:00:00,3250.51
2025-05-08 10:00:00,3156.83
2025-05-08 11:00:00,3072.56
2025-05-08 12:00:00,2760.96
2025-05-08 13:00:00,2740.7
2025-05-08 14:00:00,2120.04
2025-05-08 15:00:00,2074.11
2025-05-08 16:00:00,2325.12
2025-05-08 17:00:00,2899.49
2025-05-08 18:00:00,3042.17
2025-05-08 19:00:00,3079.07
2025-05-08 20:00:00,3613.46
2025-05-08 21:00:00,3538.77
2025-05-08 22:00:00,3074.91
2025-05-08 23:00:00,2069.23
2025-05-09 00:00:00,1594.87
2025-05-09 01:00:00,1463.04
2025-05-09 02:00:00,1627.6
2025-05-09 03:00:00,1407.52
2025-05-09 04:00:00,1491.97
2025-05-09 05:00:00,1680.23
2025-05-09 06:00:00,2693.87
2025-05-09 07:00:00,3557.4
2025-05-09 08:00:00,3509.84
2025-05-09 09:00:00,3649.99
2025-05-09 10:00:00,4210.61
2025-05-09 11:00:00,3378.73
2025-05-09 12:00:00,3212.89
2025-05-09 13:00:00,2968.03
2025-05-09 14:00:00,3066.59
2025-05-09 15:00:00,2888.09
2025-05-09 16:00:00,2876.16
2025-05-09 17:00:00,3069.66
2025-05-09 18:00:00,3170.03
2025-05-09 19:00:00,3306.75
2025-05-09 20:00:00,3594.29
2025-05-09 21:00:00,3843.32
2025-05-09 22:00:00,3278.18
2025-05-09 23:00:00,2301.07
2025-05-10 00:00:00,1746.6
2025-05-10 01:00:00,1599.57
2025-05-10 02:00:00,1510.05
2025-05-10 03:00:00,1490.16
2025-05-10 04:00:00,1538.99
2025-05-10 05:00:00,2129.27
2025-05-10 06:00:00,2437.43
2025-05-10 07:00:00,3371.31
2025-05-10 08:00:00,3522.5
2025-05-10 09:00:00,3756.51
2025-05-10 10:00:00,3429.72
2025-05-10 11:00:00,3941.51
2025-05-10 12:00:00,3853.08
2025-05-10 13:00:00,2902.92
2025-05-10 14:00:00,2894.97
2025-05-10 15:00:00,2927.52
2025-05-10 16:00:00,2739.26
2025-05-10 17:00:00,3047.24
2025-05-10 18:00:00,3045.61
2025-05-10 19:00:00,3066.77
2025-05-10 20:00:00,3359.38
2025-05-10 21:00:00,3314.34
2025-05-10 22:00:00,3036.93
2025-05-10 23:00:00,2103.41
2025-05-11 00:00:00,1703.02
2025-05-11 01:00:00,1541.7
2025-05-11 02:00:00,1453.81
2025-05-11 03:00:00,1457.25
2025-05-11 04:00:00,1562.5
2025-05-11 05:00:00,2085.14
2025-05-11 06:00:00,2380.46
2025-05-11 07:00:00,3328.27
2025-05-11 08:00:00,3513.45
2025-05-11 09:00:00,3688.33
2025-05-11 10:00:00,3372.58
2025-05-11 11:00:00,3283.06
2025-05-11 12:00:00,3046.15
2025-05-11 13:00:00,2981.59
2025-05-11 14:00:00,2766.57
2025-05-11 15:00:00,3063.33
2025-05-11 16:00:00,2796.04
2025-05-11 17:00:00,3027.34
2025-05-11 18:00:00,3110.35
2025-05-11 19:00:00,3283.06
2025-05-11 20:00:00,3702.08
2025-05-11 21:00:00,3858.69
2025-05-11 22:00:00,3077.98
2025-05-11 23:00:00,2196.36
2025-05-12 00:00:00,1763.06
2025-05-12 01:00:00,1549.66
2025-05-12 02:00:00,1448.57
2025-05-12 03:00:00,1480.76
2025-05-12 04:00:00,1854.2
2025-05-12 05:00:00,2155.67
2025-05-12 06:00:00,3396.81
2025-05-12 07:00:00,3868.27
2025-05-12 08:00:00,3858.87
2025-05-12 09:00:00,3994.32
2025-05-12 10:00:00,3617.44
2025-05-12 11:00:00,3491.39
2025-05-12 12:00:00,3433.16
2025-05-12 13:00:00,2926.07
2025-05-12 14:00:00,3041.27
2025-05-12 15:00:00,2922.27
2025-05-12 16:00:00,3076.53
2025-05-12 17:00:00,3427.92
2025-05-12 18:00:00,3334.6
2025-05-12 19:00:00,3401.33
2025-05-12 20:00:00,3808.23
2025-05-12 21:00:00,4091.25
2025-05-12 22:00:00,3366.97
2025-05-12 23:00:00,2846.5
2025-05-13 00:00:00,2120.95
2025-05-13 01:00:00,1971.57
2025-05-13 02:00:00,1541.16
2025-05-13 03:00:00,1567.56
2025-05-13 04:00:00,1631.58
2025-05-13 05:00:00,1847.15
2025-05-13 06:00:00,2755.53
2025-05-13 07:00:00,3985.64
2025-05-13 08:00:00,3705.33
2025-05-13 09:00:00,4107.53
2025-05-13 10:00:00,3635.34
2025-05-13 11:00:00,3325.92
2025-05-13 12:00:00,3357.57
2025-05-13 13:00:00,3104.38
2025-05-13 14:00:00,3207.28
2025-05-13 15:00:00,3108.36
2025-05-13 16:00:00,3260.81
2025-05-13 17:00:00,3967.38
2025-05-13 18:00:00,4169.2
2025-05-13 19:00:00,4233.22
2025-05-13 20:00:00,3969.55
2025-05-13 21:00:00,4093.24
2025-05-13 22:00:00,3232.24
2025-05-13 23:00:00,2263.64
2025-05-14 00:00:00,1870.48
2025-05-14 01:00:00,1570.1
2025-05-14 02:00:00,1573.89
2025-05-14 03:00:00,1758.36
2025-05-14 04:00:00,1685.47
2025-05-14 05:00:00,1947.7
2025-05-14 06:00:00,2807.62
2025-05-14 07:00:00,3880.03
2025-05-14 08:00:00,3734.99
2025-05-14 09:00:00,3841.69
2025-05-14 10:00:00,3761.21
2025-05-14 11:00:00,4092.16
2025-05-14 12:00:00,3927.41
2025-05-14 13:00:00,3085.21
2025-05-14 14:00:00,3214.52
2025-05-14 15:00:00,3073.1
2025-05-14 16:00:00,3096.97
2025-05-14 17:00:00,3241.28
2025-05-14 18:00:00,3441.3
2025-05-14 19:00:00,3716.36
2025-05-14 20:00:00,4132.49
2025-05-14 21:00:00,3900.46
2025-05-14 22:00:00,3191.01
2025-05-14 23:00:00,2131.44
2025-05-15 00:00:00,1660.16
2025-05-15 01:00:00,1629.05
2025-05-15 02:00:00,1568.83
2025-05-15 03:00:00,1544.23
2025-05-15 04:00:00,1616.93
2025-05-15 05:00:00,1920.21
2025-05-15 06:00:00,2573.6
2025-05-15 07:00:00,3552.34
2025-05-15 08:00:00,3355.76
2025-05-15 09:00:00,3480.54
2025-05-15 10:00:00,3339.3
2025-05-15 11:00:00,2981.77
2025-05-15 12:00:00,2888.27
2025-05-15 13:00:00,3032.05
2025-05-15 14:00:00,2732.75
2025-05-15 15:00:00,3056.64
2025-05-15 16:00:00,3495.01
2025-05-15 17:00:00,3735.53
2025-05-15 18:00:00,3172.74
2025-05-15 19:00:00,3245.44
2025-05-15 20:00:00,3636.25
2025-05-15 21:00:00,3610.21
2025-05-15 22:00:00,2999.86
2025-05-15 23:00:00,2062.54
2025-05-16 00:00:00,1893.99
2025-05-16 01:00:00,1659.61
2025-05-16 02:00:00,1628.87
2025-05-16 03:00:00,1671.55
2025-05-16 04:00:00,1520.91
2025-05-16 05:00:00,1766.49
2025-05-16 06:00:00,2781.76
2025-05-16 07:00:00,3575.3
2025-05-16 08:00:00,3396.63
2025-05-16 09:00:00,3547.27
2025-05-16 10:00:00,3637.33
2025-05-16 11:00:00,3280.35
2025-05-16 12:00:00,3494.65
2025-05-16 13:00:00,3106.37
2025-05-16 14:00:00,2981.05
2025-05-16 15:00:00,2828.23
2025-05-16 16:00:00,3093.53
2025-05-16 17:00:00,3314.53
2025-05-16 18:00:00,3383.07
2025-05-16 19:00:00,3378.54
2025-05-16 20:00:00,3935.0
2025-05-16 21:00:00,3824.15
2025-05-16 22:00:00,3529.37
2025-05-16 23:00:00,2313.19
2025-05-17 00:00:00,1814.06
2025-05-17 01:00:00,1640.99
2025-05-17 02:00:00,1542.79
2025-05-17 03:00:00,1537.18
2025-05-17 04:00:00,1651.48
2025-05-17 05:00:00,1826.35
2025-05-17 06:00:00,3117.4
2025-05-17 07:00:00,3806.24
2025-05-17 08:00:00,3733.18
2025-05-17 09:00:00,3913.12
2025-05-17 10:00:00,4046.59
2025-05-17 11:00:00,4114.76
2025-05-17 12:00:00,3110.71
2025-05-17 13:00:00,3057.18
2025-05-17 14:00:00,3125.18
2025-05-17 15:00:00,2950.12
2025-05-17 16:00:00,2904.01
2025-05-17 17:00:00,3525.75
2025-05-17 18:00:00,3203.49
2025-05-17 19:00:00,3425.75
2025-05-17 20:00:00,3827.76
2025-05-17 21:00:00,4021.45
2025-05-17 22:00:00,3235.5
2025-05-17 23:00:00,2240.85
2025-05-18 00:00:00,1739.19
2025-05-18 01:00:00,1600.3
2025-05-18 02:00:00,1521.63
2025-05-18 03:00:00,1516.2
2025-05-18 04:00:00,1529.95
2025-05-18 05:00:00,1714.23
2025-05-18 06:00:00,2420.43
2025-05-18 07:00:00,3213.61
2025-05-18 08:00:00,3480.72
2025-05-18 09:00:00,3821.98
2025-05-18 10:00:00,3632.27
2025-05-18 11:00:00,3200.05
2025-05-18 12:00:00,3211.26
2025-05-18 13:00:00,2988.64
2025-05-18 14:00:00,2994.07
2025-05-18 15:00:00,2778.32
2025-05-18 16:00:00,2936.02
2025-05-18 17:00:00,3112.88
2025-05-18 18:00:00,3369.68
2025-05-18 19:00:00,3447.27
2025-05-18 20:00:00,4120.37
2025-05-18 21:00:00,3886.0
2025-05-18 22:00:00,3109.27
2025-05-18 23:00:00,2183.16
2025-05-19 00:00:00,1791.99
2025-05-19 01:00:00,1659.43
2025-05-19 02:00:00,1505.53
2025-05-19 03:00:00,1500.11
2025-05-19 04:00:00,1931.24
2025-05-19 05:00:00,2347.91
2025-05-19 06:00:00,3485.24
2025-05-19 07:00:00,3901.55
2025-05-19 08:00:00,3949.83
2025-05-19 09:00:00,3915.65
2025-05-19 10:00:00,3763.56
2025-05-19 11:00:00,3366.07
2025-05-19 12:00:00,3144.89
2025-05-19 13:00:00,2951.03
2025-05-19 14:00:00,3147.06
2025-05-19 15:00:00,3030.78
2025-05-19 16:00:00,3025.9
2025-05-19 17:00:00,3371.13
2025-05-19 18:00:00,3466.07
2025-05-19 19:00:00,3735.89
2025-05-19 20:00:00,4135.92
2025-05-19 21:00:00,4267.04
2025-05-19 22:00:00,3345.63
2025-05-19 23:00:00,2306.32
2025-05-20 00:00:00,1774.27
2025-05-20 01:00:00,1636.28
2025-05-20 02:00:00,1499.57
2025-05-20 03:00:00,1577.69
2025-05-20 04:00:00,1642.07
2025-05-20 05:00:00,2150.61
2025-05-20 06:00:00,2820.46
2025-05-20 07:00:00,4227.79
2025-05-20 08:00:00,3873.34
2025-05-20 09:00:00,3969.0
2025-05-20 10:00:00,3860.5
2025-05-20 11:00:00,3523.22
2025-05-20 12:00:00,3332.25
2025-05-20 13:00:00,3152.85
2025-05-20 14:00:00,4040.98
2025-05-20 15:00:00,3904.98
2025-05-20 16:00:00,3380.71
2025-05-20 17:00:00,3432.07
2025-05-20 18:00:00,3509.3
2025-05-20 19:00:00,3610.75
2025-05-20 20:00:00,4028.86
2025-05-20 21:00:00,4183.12
2025-05-20 22:00:00,3434.61
2025-05-20 23:00:00,2259.84
2025-05-21 00:00:00,1801.58
2025-05-21 01:00:00,1640.99
2025-05-21 02:00:00,1601.56
2025-05-21 03:00:00,1595.78
2025-05-21 04:00:00,1578.78
2025-05-21 05:00:00,2205.4
2025-05-21 06:00:00,3547.45
2025-05-21 07:00:00,4097.95
2025-05-21 08:00:00,4061.41
2025-05-21 09:00:00,4062.68
2025-05-21 10:00:00,3954.72
2025-05-21 11:00:00,3497.0
2025-05-21 12:00:00,3495.73
2025-05-21 13:00:00,3163.34
2025-05-21 14:00:00,3391.93
2025-05-21 15:00:00,3221.39
2025-05-21 16:00:00,3515.63
2025-05-21 17:00:00,3443.83
2025-05-21 18:00:00,3815.65
2025-05-21 19:00:00,3757.96
2025-05-21 20:00:00,4379.7
2025-05-21 21:00:00,4343.17
2025-05-21 22:00:00,3428.28
2025-05-21 23:00:00,2361.11
2025-05-22 00:00:00,1888.02
2025-05-22 01:00:00,1656.9
2025-05-22 02:00:00,1630.32
2025-05-22 03:00:00,1702.84
2025-05-22 04:00:00,2002.86
2025-05-22 05:00:00,2231.26
2025-05-22 06:00:00,3562.28
2025-05-22 07:00:00,3765.01
2025-05-22 08:00:00,3667.9
2025-05-22 09:00:00,3526.48
2025-05-22 10:00:00,3603.33
2025-05-22 11:00:00,3081.78
2025-05-22 12:00:00,3168.58
2025-05-22 13:00:00,2721.53
2025-05-22 14:00:00,2644.68
2025-05-22 15:00:00,2752.28
2025-05-22 16:00:00,2829.5
2025-05-22 17:00:00,2994.97
2025-05-22 18:00:00,3353.59
2025-05-22 19:00:00,3646.2
2025-05-22 20:00:00,4039.53
2025-05-22 21:00:00,3702.62
2025-05-22 22:00:00,2987.56
2025-05-22 23:00:00,1999.06
2025-05-23 00:00:00,1653.28
2025-05-23 01:00:00,1538.45
2025-05-23 02:00:00,1514.03
2025-05-23 03:00:00,1485.82
2025-05-23 04:00:00,1576.61
2025-05-23 05:00:00,2256.94
2025-05-23 06:00:00,3124.64
2025-05-23 07:00:00,3658.31
2025-05-23 08:00:00,3521.23
2025-05-23 09:00:00,3606.41
2025-05-23 10:00:00,3486.87
2025-05-23 11:00:00,3435.87
2025-05-23 12:00:00,3273.65
2025-05-23 13:00:00,3153.57
2025-05-23 14:00:00,3213.98
2025-05-23 15:00:00,3159.36
2025-05-23 16:00:00,2997.5
2025-05-23 17:00:00,3501.88
2025-05-23 18:00:00,3273.65
2025-05-23 19:00:00,3268.05
2025-05-23 20:00:00,3515.26
2025-05-23 21:00:00,4391.64
2025-05-23 22:00:00,3225.55
2025-05-23 23:00:00,2511.94
2025-05-24 00:00:00,1957.1
2025-05-24 01:00:00,1612.23
2025-05-24 02:00:00,1636.47
2025-05-24 03:00:00,1579.86
2025-05-24 04:00:00,1643.16
2025-05-24 05:00:00,1853.12
2025-05-24 06:00:00,2998.95
2025-05-24 07:00:00,3436.96
2025-05-24 08:00:00,3618.16
2025-05-24 09:00:00,3766.64
2025-05-24 10:00:00,3750.36
2025-05-24 11:00:00,3286.49
2025-05-24 12:00:00,3238.03
2025-05-24 13:00:00,3183.96
2025-05-24 14:00:00,3081.24
2025-05-24 15:00:00,2883.75
2025-05-24 16:00:00,3146.88
2025-05-24 17:00:00,3309.1
2025-05-24 18:00:00,3325.92
2025-05-24 19:00:00,3272.93
2025-05-24 20:00:00,3743.67
2025-05-24 21:00:00,3821.61
2025-05-24 22:00:00,3408.2
2025-05-24 23:00:00,2576.5
2025-05-25 00:00:00,1890.37
2025-05-25 01:00:00,1832.68
2025-05-25 02:00:00,1632.67
2025-05-25 03:00:00,1591.25
2025-05-25 04:00:00,1640.63
2025-05-25 05:00:00,2201.43
2025-05-25 06:00:00,2885.2
2025-05-25 07:00:00,3614.73
2025-05-25 08:00:00,3170.39
2025-05-25 09:00:00,3469.33
2025-05-25 10:00:00,3375.29
2025-05-25 11:00:00,3066.41
2025-05-25 12:00:00,3295.54
2025-05-25 13:00:00,3033.67
2025-05-25 14:00:00,2872.36
2025-05-25 15:00:00,2664.39
2025-05-25 16:00:00,3215.78
2025-05-25 17:00:00,3265.15
2025-05-25 18:00:00,4122.72
2025-05-25 19:00:00,3479.28
2025-05-25 20:00:00,3957.79
2025-05-25 21:00:00,3847.11
2025-05-25 22:00:00,3086.3
2025-05-25 23:00:00,2332.72
2025-05-26 00:00:00,1623.44
2025-05-26 01:00:00,1567.56
2025-05-26 02:00:00,1485.28
2025-05-26 03:00:00,1459.24
2025-05-26 04:00:00,1570.64
2025-05-26 05:00:00,1834.13
2025-05-26 06:00:00,3119.57
2025-05-26 07:00:00,3735.53
2025-05-26 08:00:00,3671.51
2025-05-26 09:00:00,3719.62
2025-05-26 10:00:00,3687.43
2025-05-26 11:00:00,3313.8
2025-05-26 12:00:00,3209.64
2025-05-26 13:00:00,2903.28
2025-05-26 14:00:00,2990.27
2025-05-26 15:00:00,2938.19
2025-05-26 16:00:00,3113.61
2025-05-26 17:00:00,3302.05
2025-05-26 18:00:00,3531.54
2025-05-26 19:00:00,3399.7
2025-05-26 20:00:00,3964.66
2025-05-26 21:00:00,4128.15
2025-05-26 22:00:00,3347.62
2025-05-26 23:00:00,2482.64
2025-05-27 00:00:00,1681.86
2025-05-27 01:00:00,1639.54
2025-05-27 02:00:00,1507.34
2025-05-27 03:00:00,1620.55
2025-05-27 04:00:00,1629.59
2025-05-27 05:00:00,2647.93
2025-05-27 06:00:00,3260.63
2025-05-27 07:00:00,3929.94
2025-05-27 08:00:00,4335.94
2025-05-27 09:00:00,4481.88
2025-05-27 10:00:00,3734.99
2025-05-27 11:00:00,3397.53
2025-05-27 12:00:00,3338.04
2025-05-27 13:00:00,3136.75
2025-05-27 14:00:00,3228.08
2025-05-27 15:00:00,3015.05
2025-05-27 16:00:00,2978.15
2025-05-27 17:00:00,3429.0
2025-05-27 18:00:00,3361.91
2025-05-27 19:00:00,3522.68
2025-05-27 20:00:00,4058.34
2025-05-27 21:00:00,4037.91
2025-05-27 22:00:00,3225.91
2025-05-27 23:00:00,2552.44
2025-05-28 00:00:00,1673.0
2025-05-28 01:00:00,1553.28
2025-05-28 02:00:00,1797.96
2025-05-28 03:00:00,1970.49
2025-05-28 04:00:00,1966.15
2025-05-28 05:00:00,2271.23
2025-05-28 06:00:00,3099.32
2025-05-28 07:00:00,3636.79
2025-05-28 08:00:00,3618.34
2025-05-28 09:00:00,3666.63
2025-05-28 10:00:00,3455.58
2025-05-28 11:00:00,3217.77
2025-05-28 12:00:00,3038.38
2025-05-28 13:00:00,2871.46
2025-05-28 14:00:00,3007.45
2025-05-28 15:00:00,2727.68
2025-05-28 16:00:00,2930.05
2025-05-28 17:00:00,3210.54
2025-05-28 18:00:00,3269.86
2025-05-28 19:00:00,3424.84
2025-05-28 20:00:00,3777.49
2025-05-28 21:00:00,3955.8
2025-05-28 22:00:00,3391.38
2025-05-28 23:00:00,2364.37
2025-05-29 00:00:00,1672.63
2025-05-29 01:00:00,1547.13
2025-05-29 02:00:00,1532.48
2025-05-29 03:00:00,1554.18
2025-05-29 04:00:00,1645.51
2025-05-29 05:00:00,1970.85
2025-05-29 06:00:00,3299.15
2025-05-29 07:00:00,3804.8
2025-05-29 08:00:00,3697.74
2025-05-29 09:00:00,3751.27
2025-05-29 10:00:00,3906.07
2025-05-29 11:00:00,3266.6
2025-05-29 12:00:00,3682.18
2025-05-29 13:00:00,3757.23
2025-05-29 14:00:00,3672.96
2025-05-29 15:00:00,3244.0
2025-05-29 16:00:00,3180.52
2025-05-29 17:00:00,3260.81
2025-05-29 18:00:00,3415.44
2025-05-29 19:00:00,3488.14
2025-05-29 20:00:00,4039.71
2025-05-29 21:00:00,4090.89
2025-05-29 22:00:00,3886.9
2025-05-29 23:00:00,2496.38
2025-05-30 00:00:00,2079.35
2025-05-30 01:00:00,2017.14
2025-05-30 02:00:00,1947.16
2025-05-30 03:00:00,1844.44
2025-05-30 04:00:00,1534.11
2025-05-30 05:00:00,2162.0
2025-05-30 06:00:00,3449.07
2025-05-30 07:00:00,3928.86
2025-05-30 08:00:00,3713.83
2025-05-30 09:00:00,4036.1
2025-05-30 10:00:00,3705.15
2025-05-30 11:00:00,3347.26
2025-05-30 12:00:00,3360.1
2025-05-30 13:00:00,3108.18
2025-05-30 14:00:00,3015.77
2025-05-30 15:00:00,3038.38
2025-05-30 16:00:00,2913.41
2025-05-30 17:00:00,3361.36
2025-05-30 18:00:00,3163.7
2025-05-30 19:00:00,3270.76
2025-05-30 20:00:00,3429.36
2025-05-30 21:00:00,3562.64
2025-05-30 22:00:00,3269.5
2025-05-30 23:00:00,2634.19
2025-05-31 00:00:00,1841.18
2025-05-31 01:00:00,1626.7
2025-05-31 02:00:00,1512.95
2025-05-31 03:00:00,1527.24
2025-05-31 04:00:00,1565.03
2025-05-31 05:00:00,2024.74
2025-05-31 06:00:00,2682.65
2025-05-31 07:00:00,2975.26
2025-05-31 08:00:00,3111.8
2025-05-31 09:00:00,3102.03
2025-05-31 10:00:00,3913.3
2025-05-31 11:00:00,3615.81
2025-05-31 12:00:00,2505.06
2025-05-31 13:00:00,2357.86
2025-05-31 14:00:00,2272.32
2025-05-31 15:00:00,2180.09
2025-05-31 16:00:00,2471.25
2025-05-31 17:00:00,2628.04
2025-05-31 18:00:00,2729.85
2025-05-31 19:00:00,2870.91
2025-05-31 20:00:00,3020.47
2025-05-31 21:00:00,2999.13
2025-05-31 22:00:00,2618.82
2025-05-31 23:00:00,1921.3
2025-06-01 00:00:00,1598.13
2025-06-01 01:00:00,1522.89
2025-06-01 02:00:00,1390.7
2025-06-01 03:00:00,1400.64
2025-06-01 04:00:00,1410.77
2025-06-01 05:00:00,1500.29
2025-06-01 06:00:00,2225.66
2025-06-01 07:00:00,2807.8
2025-06-01 08:00:00,3066.77
2025-06-01 09:00:00,3053.02
2025-06-01 10:00:00,2892.61
2025-06-01 11:00:00,2799.48
2025-06-01 12:00:00,2643.95
2025-06-01 13:00:00,2450.99
2025-06-01 14:00:00,2464.55
2025-06-01 15:00:00,2336.15
2025-06-01 16:00:00,2582.1
2025-06-01 17:00:00,2780.85
2025-06-01 18:00:00,2829.68
2025-06-01 19:00:00,2967.48
2025-06-01 20:00:00,3118.31
2025-06-01 21:00:00,3109.63
2025-06-01 22:00:00,2629.3
2025-06-01 23:00:00,2213.18
2025-06-02 00:00:00,1565.57
2025-06-02 01:00:00,1517.11
2025-06-02 02:00:00,1459.78
2025-06-02 03:00:00,1480.4
2025-06-02 04:00:00,1526.15
2025-06-02 05:00:00,1669.56
2025-06-02 06:00:00,2587.17
2025-06-02 07:00:00,3148.15
2025-06-02 08:00:00,3242.73
2025-06-02 09:00:00,4081.31
2025-06-02 10:00:00,4015.12
2025-06-02 11:00:00,3044.34
2025-06-02 12:00:00,3020.47
2025-06-02 13:00:00,2940.36
2025-06-02 14:00:00,2716.83
2025-06-02 15:00:00,2686.63
2025-06-02 16:00:00,2811.6
2025-06-02 17:00:00,3009.26
2025-06-02 18:00:00,3059.35
2025-06-02 19:00:00,3219.4
2025-06-02 20:00:00,3866.83
2025-06-02 21:00:00,3814.56
2025-06-02 22:00:00,3167.32
2025-06-02 23:00:00,2493.13
2025-06-03 00:00:00,1740.45
2025-06-03 01:00:00,1594.87
2025-06-03 02:00:00,1537.91
2025-06-03 03:00:00,1501.92
2025-06-03 04:00:00,1665.22
2025-06-03 05:00:00,1990.38
2025-06-03 06:00:00,3217.23
2025-06-03 07:00:00,3776.04
2025-06-03 08:00:00,3543.66
2025-06-03 09:00:00,3602.07
2025-06-03 10:00:00,3693.4
2025-06-03 11:00:00,3151.58
2025-06-03 12:00:00,2858.98
2025-06-03 13:00:00,2807.8
2025-06-03 14:00:00,2828.96
2025-06-03 15:00:00,2560.94
2025-06-03 16:00:00,2295.83
2025-06-03 17:00:00,3066.23
2025-06-03 18:00:00,4004.81
2025-06-03 19:00:00,3967.01
2025-06-03 20:00:00,3996.85
2025-06-03 21:00:00,3999.39
2025-06-03 22:00:00,3307.65
2025-06-03 23:00:00,2366.36
2025-06-04 00:00:00,1660.7
2025-06-04 01:00:00,1554.36
2025-06-04 02:00:00,1526.69
2025-06-04 03:00:00,1537.72
2025-06-04 04:00:00,1591.8
2025-06-04 05:00:00,2333.8
2025-06-04 06:00:00,3272.21
2025-06-04 07:00:00,3774.05
2025-06-04 08:00:00,3680.01
2025-06-04 09:00:00,3646.92
2025-06-04 10:00:00,3715.64
2025-06-04 11:00:00,3197.34
2025-06-04 12:00:00,3265.88
2025-06-04 13:00:00,3080.51
2025-06-04 14:00:00,3066.41
2025-06-04 15:00:00,2891.17
2025-06-04 16:00:00,2991.72
2025-06-04 17:00:00,3199.33
2025-06-04 18:00:00,3378.73
2025-06-04 19:00:00,3646.38
2025-06-04 20:00:00,4029.77
2025-06-04 21:00:00,4573.03
2025-06-04 22:00:00,4303.75
2025-06-04 23:00:00,3319.59
2025-06-05 00:00:00,861.36
2025-06-05 01:00:00,791.38
2025-06-05 02:00:00,743.63
2025-06-05 03:00:00,777.63
2025-06-05 04:00:00,780.71
2025-06-05 05:00:00,969.69
2025-06-05 06:00:00,3304.94
2025-06-05 07:00:00,3833.91
2025-06-05 08:00:00,3738.06
2025-06-05 09:00:00,3731.37
2025-06-05 10:00:00,3916.74
2025-06-05 11:00:00,3696.65
2025-06-05 12:00:00,3338.58
2025-06-05 13:00:00,3081.24
2025-06-05 14:00:00,3203.67
2025-06-05 15:00:00,3164.79
2025-06-05 16:00:00,3154.84
2025-06-05 17:00:00,3439.31
2025-06-05 18:00:00,3659.22
2025-06-05 19:00:00,3597.01
2025-06-05 20:00:00,4057.62
2025-06-05 21:00:00,4217.48
2025-06-05 22:00:00,3373.3
2025-06-05 23:00:00,2391.31
2025-06-06 00:00:00,2165.26
2025-06-06 01:00:00,2085.14
2025-06-06 02:00:00,2059.28
2025-06-06 03:00:00,2110.46
2025-06-06 04:00:00,2141.75
2025-06-06 05:00:00,2294.92
2025-06-06 06:00:00,3558.12
2025-06-06 07:00:00,4041.88
2025-06-06 08:00:00,3904.44
2025-06-06 09:00:00,3867.73
2025-06-06 10:00:00,3829.93
2025-06-06 11:00:00,3451.61
2025-06-06 12:00:00,3478.19
2025-06-06 13:00:00,3389.76
2025-06-06 14:00:00,3442.38
2025-06-06 15:00:00,3039.46
2025-06-06 16:00:00,3278.9
2025-06-06 17:00:00,3363.53
2025-06-06 18:00:00,3534.25
2025-06-06 19:00:00,3600.98
2025-06-06 20:00:00,4134.48
2025-06-06 21:00:00,3953.45
2025-06-06 22:00:00,3610.39
2025-06-06 23:00:00,2827.87
2025-06-07 00:00:00,1790.0
2025-06-07 01:00:00,1672.45
2025-06-07 02:00:00,1631.4
2025-06-07 03:00:00,1659.43
2025-06-07 04:00:00,1673.36
2025-06-07 05:00:00,3305.66
2025-06-07 06:00:00,3271.85
2025-06-07 07:00:00,3585.43
2025-06-07 08:00:00,3566.44
2025-06-07 09:00:00,3573.68
2025-06-07 10:00:00,3613.28
2025-06-07 11:00:00,3133.32
2025-06-07 12:00:00,3009.8
2025-06-07 13:00:00,2756.08
2025-06-07 14:00:00,2553.35
2025-06-07 15:00:00,2628.4
2025-06-07 16:00:00,2959.53
2025-06-07 17:00:00,3062.25
2025-06-07 18:00:00,3172.38
2025-06-07 19:00:00,4156.18
2025-06-07 20:00:00,4282.41
2025-06-07 21:00:00,3484.52
2025-06-07 22:00:00,2916.3
2025-06-07 23:00:00,2437.61
2025-06-08 00:00:00,1678.24
2025-06-08 01:00:00,1529.59
2025-06-08 02:00:00,1509.69
2025-06-08 03:00:00,1490.34
2025-06-08 04:00:00,1582.03
2025-06-08 05:00:00,1663.77
2025-06-08 06:00:00,2732.57
2025-06-08 07:00:00,3059.9
2025-06-08 08:00:00,3364.98
2025-06-08 09:00:00,3222.29
2025-06-08 10:00:00,3235.86
2025-06-08 11:00:00,3087.56
2025-06-08 12:00:00,3083.41
2025-06-08 13:00:00,2690.61
2025-06-08 14:00:00,2720.09
2025-06-08 15:00:00,2543.04
2025-06-08 16:00:00,2874.53
2025-06-08 17:00:00,3125.54
2025-06-08 18:00:00,3254.3
2025-06-08 19:00:00,3530.09
2025-06-08 20:00:00,3843.32
2025-06-08 21:00:00,3699.0
2025-06-08 22:00:00,2999.13
2025-06-08 23:00:00,2629.85
2025-06-09 00:00:00,1955.84
2025-06-09 01:00:00,1860.53
2025-06-09 02:00:00,1415.29
2025-06-09 03:00:00,1433.74
2025-06-09 04:00:00,1503.0
2025-06-09 05:00:00,1727.07
2025-06-09 06:00:00,3022.1
2025-06-09 07:00:00,3547.27
2025-06-09 08:00:00,3568.79
2025-06-09 09:00:00,3420.5
2025-06-09 10:00:00,3329.17
2025-06-09 11:00:00,3359.01
2025-06-09 12:00:00,3286.68
2025-06-09 13:00:00,3332.61
2025-06-09 14:00:00,3281.43
2025-06-09 15:00:00,2789.53
2025-06-09 16:00:00,2875.8
2025-06-09 17:00:00,3221.57
2025-06-09 18:00:00,3309.1
2025-06-09 19:00:00,3577.29
2025-06-09 20:00:00,4015.66
2025-06-09 21:00:00,3827.58
2025-06-09 22:00:00,3193.18
2025-06-09 23:00:00,2572.52
2025-06-10 00:00:00,1669.02
2025-06-10 01:00:00,1572.08
2025-06-10 02:00:00,1473.89
2025-06-10 03:00:00,1499.57
2025-06-10 04:00:00,1547.13
2025-06-10 05:00:00,1698.31
2025-06-10 06:00:00,3212.35
2025-06-10 07:00:00,3582.0
2025-06-10 08:00:00,3652.34
2025-06-10 09:00:00,3417.25
2025-06-10 10:00:00,3441.12
2025-06-10 11:00:00,3128.26
2025-06-10 12:00:00,3657.41
2025-06-10 13:00:00,3464.81
2025-06-10 14:00:00,3357.75
2025-06-10 15:00:00,2809.97
2025-06-10 16:00:00,2935.47
2025-06-10 17:00:00,3292.28
2025-06-10 18:00:00,3296.44
2025-06-10 19:00:00,3457.75
2025-06-10 20:00:00,3959.78
2025-06-10 21:00:00,4045.68
2025-06-10 22:00:00,5984.7
2025-06-10 23:00:00,5778.18
2025-06-11 00:00:00,4232.86
2025-06-11 01:00:00,2043.37
2025-06-11 02:00:00,1486.91
2025-06-11 03:00:00,1517.29
2025-06-11 04:00:00,1578.05
2025-06-11 05:00:00,2308.12
2025-06-11 06:00:00,3288.3
2025-06-11 07:00:00,3860.32
2025-06-11 08:00:00,3474.75
2025-06-11 09:00:00,3743.13
2025-06-11 10:00:00,3683.63
2025-06-11 11:00:00,3294.63
2025-06-11 12:00:00,3557.4
2025-06-11 13:00:00,3131.87
2025-06-11 14:00:00,3020.83
2025-06-11 15:00:00,3104.38
2025-06-11 16:00:00,3755.43
2025-06-11 17:00:00,4034.11
2025-06-11 18:00:00,3654.69
2025-06-11 19:00:00,3600.62
2025-06-11 20:00:00,3906.97
2025-06-11 21:00:00,4063.95
2025-06-11 22:00:00,5638.2
2025-06-11 23:00:00,5848.16
2025-06-12 00:00:00,4820.42
2025-06-12 01:00:00,4737.23
2025-06-12 02:00:00,4637.77
2025-06-12 03:00:00,4559.46
2025-06-12 04:00:00,4549.33
2025-06-12 05:00:00,2200.7
2025-06-12 06:00:00,3313.26
2025-06-12 07:00:00,3807.69
2025-06-12 08:00:00,3864.11
2025-06-12 09:00:00,3784.72
2025-06-12 10:00:00,4015.3
2025-06-12 11:00:00,3584.35
2025-06-12 12:00:00,3523.04
2025-06-12 13:00:00,3127.53
2025-06-12 14:00:00,3113.06
2025-06-12 15:00:00,3270.4
2025-06-12 16:00:00,3323.21
2025-06-12 17:00:00,3398.44
2025-06-12 18:00:00,4182.76
2025-06-12 19:00:00,4210.79
2025-06-12 20:00:00,4269.39
2025-06-12 21:00:00,4376.08
2025-06-12 22:00:00,3275.64
2025-06-12 23:00:00,2733.83
2025-06-13 00:00:00,1715.13
2025-06-13 01:00:00,1652.74
2025-06-13 02:00:00,1575.7
2025-06-13 03:00:00,1613.32
2025-06-13 04:00:00,1709.71
2025-06-13 05:00:00,2303.96
2025-06-13 06:00:00,3504.41
2025-06-13 07:00:00,3993.42
2025-06-13 08:00:00,3970.09
2025-06-13 09:00:00,4159.25
2025-06-13 10:00:00,3858.69
2025-06-13 11:00:00,3667.35
2025-06-13 12:00:00,3736.8
2025-06-13 13:00:00,3425.93
2025-06-13 14:00:00,3390.12
2025-06-13 15:00:00,3510.92
2025-06-13 16:00:00,3283.24
2025-06-13 17:00:00,4167.21
2025-06-13 18:00:00,4161.24
2025-06-13 19:00:00,3948.03
2025-06-13 20:00:00,4183.67
2025-06-13 21:00:00,4192.17
2025-06-13 22:00:00,3861.58
2025-06-13 23:00:00,2635.27
2025-06-14 00:00:00,1986.22
2025-06-14 01:00:00,1744.79
2025-06-14 02:00:00,1698.5
2025-06-14 03:00:00,1617.12
2025-06-14 04:00:00,1738.46
2025-06-14 05:00:00,2006.47
2025-06-14 06:00:00,3280.89
2025-06-14 07:00:00,3964.12
2025-06-14 08:00:00,3976.06
2025-06-14 09:00:00,4097.4
2025-06-14 10:00:00,4148.58
2025-06-14 11:00:00,3459.02
2025-06-14 12:00:00,3559.21
2025-06-14 13:00:00,3392.29
2025-06-14 14:00:00,3483.43
2025-06-14 15:00:00,3208.01
2025-06-14 16:00:00,3271.85
2025-06-14 17:00:00,3658.49
2025-06-14 18:00:00,3544.74
2025-06-14 19:00:00,3624.13
2025-06-14 20:00:00,4587.13
2025-06-14 21:00:00,4594.0
2025-06-14 22:00:00,3327.0
2025-06-14 23:00:00,2632.92
2025-06-15 00:00:00,1802.3
2025-06-15 01:00:00,1555.27
2025-06-15 02:00:00,1531.03
2025-06-15 03:00:00,1508.25
2025-06-15 04:00:00,1516.57
2025-06-15 05:00:00,1797.06
2025-06-15 06:00:00,2995.33
2025-06-15 07:00:00,3398.08
2025-06-15 08:00:00,3651.8
2025-06-15 09:00:00,3831.2
2025-06-15 10:00:00,3744.57
2025-06-15 11:00:00,3443.11
2025-06-15 12:00:00,3472.22
2025-06-15 13:00:00,3029.88
2025-06-15 14:00:00,3043.62
2025-06-15 15:00:00,3011.07
2025-06-15 16:00:00,2864.22
2025-06-15 17:00:00,3291.38
2025-06-15 18:00:00,3262.62
2025-06-15 19:00:00,3388.31
2025-06-15 20:00:00,3854.17
2025-06-15 21:00:00,3996.13
2025-06-15 22:00:00,6124.67
2025-06-15 23:00:00,4747.9
2025-06-16 00:00:00,5586.3
2025-06-16 01:00:00,5473.45
2025-06-16 02:00:00,5413.41
2025-06-16 03:00:00,5311.96
2025-06-16 04:00:00,1531.94
2025-06-16 05:00:00,2952.65
2025-06-16 06:00:00,4043.87
2025-06-16 07:00:00,3980.76
2025-06-16 08:00:00,3948.57
2025-06-16 09:00:00,3848.02
2025-06-16 10:00:00,3834.64
2025-06-16 11:00:00,3316.15
2025-06-16 12:00:00,3275.82
2025-06-16 13:00:00,3289.03
2025-06-16 14:00:00,3270.04
2025-06-16 15:00:00,3348.89
2025-06-16 16:00:00,3143.27
2025-06-16 17:00:00,3402.24
2025-06-16 18:00:00,3588.14
2025-06-16 19:00:00,3817.27
2025-06-16 20:00:00,4068.65
2025-06-16 21:00:00,4075.52
2025-06-16 22:00:00,3681.64
2025-06-16 23:00:00,2637.44
2025-06-17 00:00:00,1960.72
2025-06-17 01:00:00,1574.8
2025-06-17 02:00:00,1512.77
2025-06-17 03:00:00,1586.73
2025-06-17 04:00:00,1595.78
2025-06-17 05:00:00,2008.1
2025-06-17 06:00:00,3495.37
2025-06-17 07:00:00,4156.36
2025-06-17 08:00:00,3950.74
2025-06-17 09:00:00,4080.4
2025-06-17 10:00:00,4337.38
2025-06-17 11:00:00,4191.62
2025-06-17 12:00:00,3875.51
2025-06-17 13:00:00,3314.71
2025-06-17 14:00:00,3603.88
2025-06-17 15:00:00,3260.81
2025-06-17 16:00:00,3561.02
2025-06-17 17:00:00,3813.66
2025-06-17 18:00:00,3768.99
2025-06-17 19:00:00,3902.45
2025-06-17 20:00:00,4300.31
2025-06-17 21:00:00,4271.74
2025-06-17 22:00:00,5900.79
2025-06-17 23:00:00,5379.41
2025-06-18 00:00:00,1790.18
2025-06-18 01:00:00,1610.06
2025-06-18 02:00:00,1519.1
2025-06-18 03:00:00,1822.01
2025-06-18 04:00:00,1702.65
2025-06-18 05:00:00,2187.68
2025-06-18 06:00:00,3573.5
2025-06-18 07:00:00,3945.31
2025-06-18 08:00:00,3860.68
2025-06-18 09:00:00,3883.83
2025-06-18 10:00:00,3930.66
2025-06-18 11:00:00,3440.03
2025-06-18 12:00:00,3557.4
2025-06-18 13:00:00,3148.15
2025-06-18 14:00:00,3144.17
2025-06-18 15:00:00,3386.5
2025-06-18 16:00:00,3651.8
2025-06-18 17:00:00,4203.38
2025-06-18 18:00:00,3630.1
2025-06-18 19:00:00,3688.15
2025-06-18 20:00:00,4158.17
2025-06-18 21:00:00,3935.0
2025-06-18 22:00:00,5414.86
2025-06-18 23:00:00,4914.82
2025-06-19 00:00:00,3923.07
2025-06-19 01:00:00,1457.07
2025-06-19 02:00:00,1545.86
2025-06-19 03:00:00,1534.65
2025-06-19 04:00:00,1577.33
2025-06-19 05:00:00,2009.55
2025-06-19 06:00:00,3103.84
2025-06-19 07:00:00,3693.21
2025-06-19 08:00:00,3354.31
2025-06-19 09:00:00,3520.15
2025-06-19 10:00:00,3490.85
2025-06-19 11:00:00,3165.51
2025-06-19 12:00:00,2979.06
2025-06-19 13:00:00,2888.64
2025-06-19 14:00:00,2395.47
2025-06-19 15:00:00,2521.52
2025-06-19 16:00:00,2953.74
2025-06-19 17:00:00,3175.46
2025-06-19 18:00:00,3213.79
2025-06-19 19:00:00,3660.84
2025-06-19 20:00:00,3910.05
2025-06-19 21:00:00,3906.61
2025-06-19 22:00:00,3197.52
2025-06-19 23:00:00,2432.36
2025-06-20 00:00:00,1688.73
2025-06-20 01:00:00,1521.63
2025-06-20 02:00:00,1496.31
2025-06-20 03:00:00,1463.58
2025-06-20 04:00:00,1538.63
2025-06-20 05:00:00,2264.36
2025-06-20 06:00:00,3042.72
2025-06-20 07:00:00,3663.38
2025-06-20 08:00:00,3379.63
2025-06-20 09:00:00,3446.54
2025-06-20 10:00:00,4101.92
2025-06-20 11:00:00,3687.43
2025-06-20 12:00:00,2903.1
2025-06-20 13:00:00,2702.55
2025-06-20 14:00:00,2679.76
2025-06-20 15:00:00,2891.89
2025-06-20 16:00:00,2804.9
2025-06-20 17:00:00,2949.04
2025-06-20 18:00:00,3146.88
2025-06-20 19:00:00,3355.58
2025-06-20 20:00:00,3906.79
2025-06-20 21:00:00,3560.84
2025-06-20 22:00:00,3053.2
2025-06-20 23:00:00,2328.92
2025-06-21 00:00:00,1667.75
2025-06-21 01:00:00,1423.25
2025-06-21 02:00:00,1404.44
2025-06-21 03:00:00,1387.62
2025-06-21 04:00:00,1510.78
2025-06-21 05:00:00,1670.46
2025-06-21 06:00:00,2667.46
2025-06-21 07:00:00,3216.87
2025-06-21 08:00:00,3363.72
2025-06-21 09:00:00,3237.67
2025-06-21 10:00:00,3316.15
2025-06-21 11:00:00,3155.2
2025-06-21 12:00:00,2951.03
2025-06-21 13:00:00,2616.83
2025-06-21 14:00:00,2722.62
2025-06-21 15:00:00,2715.21
2025-06-21 16:00:00,3096.25
2025-06-21 17:00:00,2972.55
2025-06-21 18:00:00,3012.88
2025-06-21 19:00:00,3095.88
2025-06-21 20:00:00,3410.92
2025-06-21 21:00:00,3546.37
2025-06-21 22:00:00,2866.75
2025-06-21 23:00:00,2252.42
2025-06-22 00:00:00,1706.45
2025-06-22 01:00:00,1435.55
2025-06-22 02:00:00,1414.75
2025-06-22 03:00:00,1380.39
2025-06-22 04:00:00,1461.77
2025-06-22 05:00:00,1571.36
2025-06-22 06:00:00,2623.88
2025-06-22 07:00:00,3851.63
2025-06-22 08:00:00,3406.03
2025-06-22 09:00:00,3391.57
2025-06-22 10:00:00,3415.98
2025-06-22 11:00:00,3088.29
2025-06-22 12:00:00,3139.83
2025-06-22 13:00:00,2763.85
2025-06-22 14:00:00,2757.52
2025-06-22 15:00:00,2794.96
2025-06-22 16:00:00,2918.84
2025-06-22 17:00:00,3058.45
2025-06-22 18:00:00,3442.56
2025-06-22 19:00:00,3415.98
2025-06-22 20:00:00,3898.65
2025-06-22 21:00:00,3891.96
2025-06-22 22:00:00,3216.87
2025-06-22 23:00:00,2484.27
2025-06-23 00:00:00,1786.75
2025-06-23 01:00:00,1382.92
2025-06-23 02:00:00,1366.83
2025-06-23 03:00:00,1385.09
2025-06-23 04:00:00,1478.05
2025-06-23 05:00:00,1717.85
2025-06-23 06:00:00,2837.64
2025-06-23 07:00:00,3483.25
2025-06-23 08:00:00,3480.0
2025-06-23 09:00:00,3420.86
2025-06-23 10:00:00,3487.96
2025-06-23 11:00:00,3146.88
2025-06-23 12:00:00,2863.68
2025-06-23 13:00:00,2573.97
2025-06-23 14:00:00,2673.07
2025-06-23 15:00:00,2744.14
2025-06-23 16:00:00,2532.37
2025-06-23 17:00:00,2796.22
2025-06-23 18:00:00,3240.92
2025-06-23 19:00:00,3551.43
2025-06-23 20:00:00,4386.03
2025-06-23 21:00:00,4454.03
2025-06-23 22:00:00,3111.8
2025-06-23 23:00:00,2357.31
2025-06-24 00:00:00,1580.4
2025-06-24 01:00:00,1557.44
2025-06-24 02:00:00,1526.33
2025-06-24 03:00:00,1513.49
2025-06-24 04:00:00,1583.3
2025-06-24 05:00:00,1894.53
2025-06-24 06:00:00,3274.74
2025-06-24 07:00:00,3707.14
2025-06-24 08:00:00,3833.19
2025-06-24 09:00:00,3881.29
2025-06-24 10:00:00,3692.13
2025-06-24 11:00:00,3327.55
2025-06-24 12:00:00,3333.33
2025-06-24 13:00:00,3165.15
2025-06-24 14:00:00,3210.0
2025-06-24 15:00:00,3062.43
2025-06-24 16:00:00,3034.76
2025-06-24 17:00:00,3290.47
2025-06-24 18:00:00,3549.99
2025-06-24 19:00:00,3509.84
2025-06-24 20:00:00,4143.88
2025-06-24 21:00:00,4169.92
2025-06-24 22:00:00,3517.43
2025-06-24 23:00:00,2530.38
2025-06-25 00:00:00,1934.32
2025-06-25 01:00:00,1726.35
2025-06-25 02:00:00,1472.08
2025-06-25 03:00:00,1514.94
2025-06-25 04:00:00,1550.38
2025-06-25 05:00:00,1928.89
2025-06-25 06:00:00,3200.23
2025-06-25 07:00:00,3567.71
2025-06-25 08:00:00,3619.97
2025-06-25 09:00:00,3033.31
2025-06-25 10:00:00,3810.4
2025-06-25 11:00:00,3891.42
2025-06-25 12:00:00,3286.86
2025-06-25 13:00:00,3189.38
2025-06-25 14:00:00,3131.87
2025-06-25 15:00:00,3048.32
2025-06-25 16:00:00,3219.58
2025-06-25 17:00:00,3368.06
2025-06-25 18:00:00,3226.45
2025-06-25 19:00:00,3542.57
2025-06-25 20:00:00,3745.66
2025-06-25 21:00:00,4025.97
2025-06-25 22:00:00,3705.15
2025-06-25 23:00:00,2538.52
2025-06-26 00:00:00,1769.39
2025-06-26 01:00:00,1554.72
2025-06-26 02:00:00,1493.06
2025-06-26 03:00:00,1529.22
2025-06-26 04:00:00,1610.97
2025-06-26 05:00:00,1695.78
2025-06-26 06:00:00,3014.14
2025-06-26 07:00:00,3441.66
2025-06-26 08:00:00,3460.47
2025-06-26 09:00:00,3564.81
2025-06-26 10:00:00,3486.33
2025-06-26 11:00:00,3180.16
2025-06-26 12:00:00,3012.88
2025-06-26 13:00:00,2821.36
2025-06-26 14:00:00,2833.3
2025-06-26 15:00:00,2853.55
2025-06-26 16:00:00,3168.95
2025-06-26 17:00:00,3210.72
2025-06-26 18:00:00,3313.08
2025-06-26 19:00:00,3366.25
2025-06-26 20:00:00,3908.42
2025-06-26 21:00:00,3680.92
2025-06-26 22:00:00,3369.5
2025-06-26 23:00:00,2471.61
2025-06-27 00:00:00,1743.16
2025-06-27 01:00:00,1866.86
2025-06-27 02:00:00,1849.14
2025-06-27 03:00:00,1883.68
2025-06-27 04:00:00,1546.4
2025-06-27 05:00:00,1749.86
2025-06-27 06:00:00,2860.97
2025-06-27 07:00:00,3504.41
2025-06-27 08:00:00,3453.6
2025-06-27 09:00:00,3516.17
2025-06-27 10:00:00,3371.67
2025-06-27 11:00:00,3221.21
2025-06-27 12:00:00,3145.07
2025-06-27 13:00:00,2856.08
2025-06-27 14:00:00,2874.53
2025-06-27 15:00:00,2947.41
2025-06-27 16:00:00,3013.6
2025-06-27 17:00:00,3264.07
2025-06-27 18:00:00,3299.33
2025-06-27 19:00:00,3302.77
2025-06-27 20:00:00,3735.35
2025-06-27 21:00:00,3921.44
2025-06-27 22:00:00,3168.95
2025-06-27 23:00:00,2496.2
2025-06-28 00:00:00,1837.75
2025-06-28 01:00:00,1505.17
2025-06-28 02:00:00,1483.29
2025-06-28 03:00:00,1495.95
2025-06-28 04:00:00,1550.75
2025-06-28 05:00:00,2165.08
2025-06-28 06:00:00,3029.51
2025-06-28 07:00:00,3594.65
2025-06-28 08:00:00,3749.46
2025-06-28 09:00:00,3877.68
2025-06-28 10:00:00,3688.51
2025-06-28 11:00:00,3616.36
2025-06-28 12:00:00,3322.3
2025-06-28 13:00:00,3070.02
2025-06-28 14:00:00,2869.65
2025-06-28 15:00:00,2811.6
2025-06-28 16:00:00,2743.78
2025-06-28 17:00:00,3356.3
2025-06-28 18:00:00,4073.71
2025-06-28 19:00:00,3609.66
2025-06-28 20:00:00,3979.31
2025-06-28 21:00:00,3584.89
2025-06-28 22:00:00,3159.9
2025-06-28 23:00:00,2281.0
2025-06-29 00:00:00,1946.98
2025-06-29 01:00:00,1491.79
2025-06-29 02:00:00,1433.74
2025-06-29 03:00:00,1440.61
2025-06-29 04:00:00,1482.02
2025-06-29 05:00:00,1667.03
2025-06-29 06:00:00,2615.74
2025-06-29 07:00:00,2856.08
2025-06-29 08:00:00,3084.85
2025-06-29 09:00:00,3153.94
2025-06-29 10:00:00,3085.58
2025-06-29 11:00:00,3143.63
2025-06-29 12:00:00,2983.22
2025-06-29 13:00:00,2757.16
2025-06-29 14:00:00,2494.94
2025-06-29 15:00:00,2680.12
2025-06-29 16:00:00,2746.49
2025-06-29 17:00:00,3185.4
2025-06-29 18:00:00,3225.01
2025-06-29 19:00:00,3360.82
2025-06-29 20:00:00,3799.73
2025-06-29 21:00:00,3902.45
2025-06-29 22:00:00,3333.33
2025-06-29 23:00:00,2523.33
2025-06-30 00:00:00,1804.47
2025-06-30 01:00:00,1494.32
2025-06-30 02:00:00,1470.27
2025-06-30 03:00:00,1439.34
2025-06-30 04:00:00,1495.23
2025-06-30 05:00:00,1865.78
2025-06-30 06:00:00,3148.15
2025-06-30 07:00:00,3769.35
2025-06-30 08:00:00,4587.85
2025-06-30 09:00:00,4509.91
2025-06-30 10:00:00,3792.86
2025-06-30 11:00:00,3579.82
2025-06-30 12:00:00,3467.52
2025-06-30 13:00:00,3186.13
2025-06-30 14:00:00,3176.0
2025-06-30 15:00:00,3048.86
2025-06-30 16:00:00,3027.89
2025-06-30 17:00:00,3361.18
2025-06-30 18:00:00,3435.33
2025-06-30 19:00:00,3580.37
2025-06-30 20:00:00,4089.08
2025-06-30 21:00:00,4122.9
2025-06-30 22:00:00,3275.28
2025-06-30 23:00:00,2662.58
2025-07-01 00:00:00,1872.29
2025-07-01 01:00:00,1580.58
2025-07-01 02:00:00,1505.9
2025-07-01 03:00:00,1544.96
2025-07-01 04:00:00,1597.95
2025-07-01 05:00:00,1932.15
2025-07-01 06:00:00,3276.91
2025-07-01 07:00:00,3803.53
2025-07-01 08:00:00,4074.98
2025-07-01 09:00:00,4380.43
2025-07-01 10:00:00,4503.22
2025-07-01 11:00:00,3350.88
2025-07-01 12:00:00,3359.92
2025-07-01 13:00:00,3113.06
2025-07-01 14:00:00,3008.9
2025-07-01 15:00:00,2914.13
2025-07-01 16:00:00,3065.14
2025-07-01 17:00:00,3284.32
2025-07-01 18:00:00,3475.48
2025-07-01 19:00:00,3579.28
2025-07-01 20:00:00,4284.4
2025-07-01 21:00:00,4263.96
2025-07-01 22:00:00,3270.76
2025-07-01 23:00:00,2487.52
2025-07-02 00:00:00,1809.9
2025-07-02 01:00:00,1948.97
2025-07-02 02:00:00,1946.43
2025-07-02 03:00:00,1917.14
2025-07-02 04:00:00,1920.03
2025-07-02 05:00:00,2258.57
2025-07-02 06:00:00,3351.6
2025-07-02 07:00:00,3893.23
2025-07-02 08:00:00,3997.58
2025-07-02 09:00:00,4010.78
2025-07-02 10:00:00,4238.1
2025-07-02 11:00:00,3370.59
2025-07-02 12:00:00,3331.89
2025-07-02 13:00:00,3119.03
2025-07-02 14:00:00,3085.39
2025-07-02 15:00:00,3094.26
2025-07-02 16:00:00,3128.98
2025-07-02 17:00:00,3437.32
2025-07-02 18:00:00,3463.9
2025-07-02 19:00:00,3908.24
2025-07-02 20:00:00,4441.37
2025-07-02 21:00:00,4456.74
2025-07-02 22:00:00,3627.03
2025-07-02 23:00:00,2651.73
2025-07-03 00:00:00,2088.76
2025-07-03 01:00:00,1675.89
2025-07-03 02:00:00,1936.31
2025-07-03 03:00:00,1997.25
2025-07-03 04:00:00,2091.47
2025-07-03 05:00:00,2380.1
2025-07-03 06:00:00,3538.05
2025-07-03 07:00:00,4197.05
2025-07-03 08:00:00,4180.95
2025-07-03 09:00:00,4115.13
2025-07-03 10:00:00,3553.24
2025-07-03 11:00:00,3444.91
2025-07-03 12:00:00,3348.34
2025-07-03 13:00:00,3292.28
2025-07-03 14:00:00,3258.64
2025-07-03 15:00:00,3400.07
2025-07-03 16:00:00,3097.69
2025-07-03 17:00:00,3579.46
2025-07-03 18:00:00,3491.21
2025-07-03 19:00:00,4375.18
2025-07-03 20:00:00,4981.37
2025-07-03 21:00:00,4840.68
2025-07-03 22:00:00,3556.32
2025-07-03 23:00:00,2683.92
2025-07-04 00:00:00,1883.14
2025-07-04 01:00:00,1666.49
2025-07-04 02:00:00,1597.76
2025-07-04 03:00:00,1629.41
2025-07-04 04:00:00,1729.96
2025-07-04 05:00:00,2154.41
2025-07-04 06:00:00,3512.01
2025-07-04 07:00:00,4458.55
2025-07-04 08:00:00,4370.48
2025-07-04 09:00:00,4513.89
2025-07-04 10:00:00,4269.93
2025-07-04 11:00:00,3740.42
2025-07-04 12:00:00,3664.82
2025-07-04 13:00:00,3977.68
2025-07-04 14:00:00,4042.43
2025-07-04 15:00:00,3835.72
2025-07-04 16:00:00,3453.23
2025-07-04 17:00:00,3719.98
2025-07-04 18:00:00,3772.79
2025-07-04 19:00:00,3868.09
2025-07-04 20:00:00,4357.28
2025-07-04 21:00:00,4272.28
2025-07-04 22:00:00,3672.78
2025-07-04 23:00:00,2928.6
2025-07-05 00:00:00,2058.92
2025-07-05 01:00:00,1656.54
2025-07-05 02:00:00,1643.88
2025-07-05 03:00:00,1618.74
2025-07-05 04:00:00,1763.24
2025-07-05 05:00:00,2186.05
2025-07-05 06:00:00,3627.57
2025-07-05 07:00:00,4358.9
2025-07-05 08:00:00,4601.6
2025-07-05 09:00:00,4599.79
2025-07-05 10:00:00,4053.64
2025-07-05 11:00:00,3691.95
2025-07-05 12:00:00,3589.77
2025-07-05 13:00:00,3404.59
2025-07-05 14:00:00,3429.0
2025-07-05 15:00:00,3214.88
2025-07-05 16:00:00,3450.7
2025-07-05 17:00:00,3744.94
2025-07-05 18:00:00,3581.63
2025-07-05 19:00:00,4474.65
2025-07-05 20:00:00,4747.9
2025-07-05 21:00:00,4104.82
2025-07-05 22:00:00,3357.75
2025-07-05 23:00:00,2741.07
2025-07-06 00:00:00,2099.07
2025-07-06 01:00:00,1902.85
2025-07-06 02:00:00,1755.64
2025-07-06 03:00:00,1660.34
2025-07-06 04:00:00,1787.83
2025-07-06 05:00:00,2222.04
2025-07-06 06:00:00,3559.93
2025-07-06 07:00:00,3981.3
2025-07-06 08:00:00,4362.88
2025-07-06 09:00:00,4326.53
2025-07-06 10:00:00,4160.7
2025-07-06 11:00:00,4484.95
2025-07-06 12:00:00,3966.47
2025-07-06 13:00:00,3555.05
2025-07-06 14:00:00,3138.93
2025-07-06 15:00:00,3506.22
2025-07-06 16:00:00,3230.25
2025-07-06 17:00:00,3780.02
2025-07-06 18:00:00,3858.33
2025-07-06 19:00:00,4029.77
2025-07-06 20:00:00,4239.55
2025-07-06 21:00:00,4283.85
2025-07-06 22:00:00,3671.33
2025-07-06 23:00:00,2693.68
2025-07-07 00:00:00,2060.55
2025-07-07 01:00:00,1916.96
2025-07-07 02:00:00,2014.61
2025-07-07 03:00:00,2049.52
2025-07-07 04:00:00,2135.42
2025-07-07 05:00:00,2713.04
2025-07-07 06:00:00,3940.07
2025-07-07 07:00:00,4532.88
2025-07-07 08:00:00,4669.05
2025-07-07 09:00:00,4676.29
2025-07-07 10:00:00,4089.63
2025-07-07 11:00:00,3619.61
2025-07-07 12:00:00,3464.81
2025-07-07 13:00:00,3597.91
2025-07-07 14:00:00,3540.4
2025-07-07 15:00:00,3487.23
2025-07-07 16:00:00,3825.23
2025-07-07 17:00:00,4595.63
2025-07-07 18:00:00,4571.76
2025-07-07 19:00:00,4148.04
2025-07-07 20:00:00,4569.41
2025-07-07 21:00:00,4529.8
2025-07-07 22:00:00,3706.6
2025-07-07 23:00:00,2980.14
2025-07-08 00:00:00,2045.9
2025-07-08 01:00:00,1679.14
2025-07-08 02:00:00,1714.05
2025-07-08 03:00:00,1784.58
2025-07-08 04:00:00,1863.79
2025-07-08 05:00:00,2515.55
2025-07-08 06:00:00,4062.86
2025-07-08 07:00:00,4696.36
2025-07-08 08:00:00,5151.91
2025-07-08 09:00:00,5223.71
2025-07-08 10:00:00,5207.25
2025-07-08 11:00:00,3914.93
2025-07-08 12:00:00,3777.49
2025-07-08 13:00:00,3583.08
2025-07-08 14:00:00,3627.39
2025-07-08 15:00:00,3545.65
2025-07-08 16:00:00,3573.13
2025-07-08 17:00:00,3806.79
2025-07-08 18:00:00,4267.58
2025-07-08 19:00:00,4168.29
2025-07-08 20:00:00,4581.16
2025-07-08 21:00:00,4482.42
2025-07-08 22:00:00,3644.02
2025-07-08 23:00:00,2782.84
2025-07-09 00:00:00,2195.64
2025-07-09 01:00:00,1980.07
2025-07-09 02:00:00,2041.92
2025-07-09 03:00:00,2086.05
2025-07-09 04:00:00,2222.95
2025-07-09 05:00:00,2706.71
2025-07-09 06:00:00,3865.92
2025-07-09 07:00:00,4608.65
2025-07-09 08:00:00,4693.29
2025-07-09 09:00:00,4690.21
2025-07-09 10:00:00,4290.36
2025-07-09 11:00:00,3892.69
2025-07-09 12:00:00,3628.65
2025-07-09 13:00:00,3467.7
2025-07-09 14:00:00,3405.31
2025-07-09 15:00:00,3489.04
2025-07-09 16:00:00,3366.25
2025-07-09 17:00:00,3667.17
2025-07-09 18:00:00,4010.42
2025-07-09 19:00:00,4627.82
2025-07-09 20:00:00,5018.45
2025-07-09 21:00:00,4369.21
2025-07-09 22:00:00,3576.75
2025-07-09 23:00:00,2852.47
2025-07-10 00:00:00,2037.22
2025-07-10 01:00:00,1702.47
2025-07-10 02:00:00,1738.46
2025-07-10 03:00:00,1692.71
2025-07-10 04:00:00,1899.59
2025-07-10 05:00:00,2450.27
2025-07-10 06:00:00,3961.95
2025-07-10 07:00:00,4721.68
2025-07-10 08:00:00,4788.23
2025-07-10 09:00:00,4808.67
2025-07-10 10:00:00,4617.15
2025-07-10 11:00:00,3782.73
2025-07-10 12:00:00,3319.05
2025-07-10 13:00:00,3461.55
2025-07-10 14:00:00,3486.33
2025-07-10 15:00:00,3632.09
2025-07-10 16:00:00,3500.8
2025-07-10 17:00:00,4543.55
2025-07-10 18:00:00,4856.59
2025-07-10 19:00:00,4335.94
2025-07-10 20:00:00,4584.78
2025-07-10 21:00:00,4670.32
2025-07-10 22:00:00,4024.52
2025-07-10 23:00:00,2903.1
2025-07-11 00:00:00,2454.61
2025-07-11 01:00:00,1819.48
2025-07-11 02:00:00,1810.98
2025-07-11 03:00:00,1842.63
2025-07-11 04:00:00,2035.95
2025-07-11 05:00:00,2634.37
2025-07-11 06:00:00,4203.38
2025-07-11 07:00:00,4745.73
2025-07-11 08:00:00,4901.44
2025-07-11 09:00:00,5282.12
2025-07-11 10:00:00,5025.68
2025-07-11 11:00:00,4490.02
2025-07-11 12:00:00,3645.65
2025-07-11 13:00:00,3530.09
2025-07-11 14:00:00,3530.64
2025-07-11 15:00:00,3425.02
2025-07-11 16:00:00,3404.04
2025-07-11 17:00:00,3566.08
2025-07-11 18:00:00,3542.21
2025-07-11 19:00:00,3773.69
2025-07-11 20:00:00,4200.67
2025-07-11 21:00:00,4087.46
2025-07-11 22:00:00,3262.98
2025-07-11 23:00:00,2766.38
2025-07-12 00:00:00,1892.54
2025-07-12 01:00:00,1734.48
2025-07-12 02:00:00,2052.95
2025-07-12 03:00:00,2055.12
2025-07-12 04:00:00,2168.51
2025-07-12 05:00:00,2490.78
2025-07-12 06:00:00,3390.48
2025-07-12 07:00:00,4027.42
2025-07-12 08:00:00,4094.87
2025-07-12 09:00:00,4249.49
2025-07-12 10:00:00,3797.92
2025-07-12 11:00:00,3685.08
2025-07-12 12:00:00,3336.59
2025-07-12 13:00:00,3259.55
2025-07-12 14:00:00,3533.53
2025-07-12 15:00:00,3741.14
2025-07-12 16:00:00,3815.29
2025-07-12 17:00:00,3542.39
2025-07-12 18:00:00,3750.36
2025-07-12 19:00:00,3570.24
2025-07-12 20:00:00,4182.58
2025-07-12 21:00:00,4128.15
2025-07-12 22:00:00,3351.06
2025-07-12 23:00:00,2793.15
2025-07-13 00:00:00,2105.58
2025-07-13 01:00:00,1766.67
2025-07-13 02:00:00,1666.3
2025-07-13 03:00:00,1999.78
2025-07-13 04:00:00,2172.13
2025-07-13 05:00:00,2504.88
2025-07-13 06:00:00,4289.82
2025-07-13 07:00:00,4191.08
2025-07-13 08:00:00,4273.18
2025-07-13 09:00:00,4239.37
2025-07-13 10:00:00,4102.65
2025-07-13 11:00:00,3658.49
2025-07-13 12:00:00,3623.23
2025-07-13 13:00:00,3153.21
2025-07-13 14:00:00,3150.86
2025-07-13 15:00:00,3748.91
2025-07-13 16:00:00,3827.58
2025-07-13 17:00:00,3874.78
2025-07-13 18:00:00,3788.34
2025-07-13 19:00:00,3834.82
2025-07-13 20:00:00,4397.79
2025-07-13 21:00:00,4275.9
2025-07-13 22:00:00,3444.01
2025-07-13 23:00:00,2642.14
2025-07-14 00:00:00,1826.35
2025-07-14 01:00:00,1708.98
2025-07-14 02:00:00,1651.11
2025-07-14 03:00:00,1689.63
2025-07-14 04:00:00,1833.59
2025-07-14 05:00:00,2260.74
2025-07-14 06:00:00,4476.63
2025-07-14 07:00:00,5144.68
2025-07-14 08:00:00,5305.99
2025-07-14 09:00:00,4521.48
2025-07-14 10:00:00,4352.03
2025-07-14 11:00:00,4131.22
2025-07-14 12:00:00,4086.73
2025-07-14 13:00:00,3493.38
2025-07-14 14:00:00,3752.71
2025-07-14 15:00:00,3649.99
2025-07-14 16:00:00,3807.15
2025-07-14 17:00:00,3867.01
2025-07-14 18:00:00,4743.38
2025-07-14 19:00:00,4818.97
2025-07-14 20:00:00,5279.04
2025-07-14 21:00:00,4570.85
2025-07-14 22:00:00,3815.29
2025-07-14 23:00:00,2694.95
2025-07-15 00:00:00,2079.35
2025-07-15 01:00:00,1731.95
2025-07-15 02:00:00,1648.04
2025-07-15 03:00:00,1756.18
2025-07-15 04:00:00,2003.76
2025-07-15 05:00:00,2420.07
2025-07-15 06:00:00,4010.42
2025-07-15 07:00:00,4832.36
2025-07-15 08:00:00,4998.73
2025-07-15 09:00:00,4842.67
2025-07-15 10:00:00,3912.94
2025-07-15 11:00:00,3983.83
2025-07-15 12:00:00,3933.02
2025-07-15 13:00:00,3821.43
2025-07-15 14:00:00,3898.47
2025-07-15 15:00:00,3947.66
2025-07-15 16:00:00,3763.93
2025-07-15 17:00:00,4222.37
2025-07-15 18:00:00,4371.74
2025-07-15 19:00:00,4550.6
2025-07-15 20:00:00,4915.18
2025-07-15 21:00:00,4732.17
2025-07-15 22:00:00,3900.1
2025-07-15 23:00:00,3071.65
2025-07-16 00:00:00,1992.55
2025-07-16 01:00:00,1801.58
2025-07-16 02:00:00,1757.09
2025-07-16 03:00:00,1852.76
2025-07-16 04:00:00,1977.72
2025-07-16 05:00:00,2517.36
2025-07-16 06:00:00,4296.15
2025-07-16 07:00:00,5060.94
2025-07-16 08:00:00,4999.64
2025-07-16 09:00:00,5420.83
2025-07-16 10:00:00,5438.01
2025-07-16 11:00:00,4689.49
2025-07-16 12:00:00,3755.06
2025-07-16 13:00:00,3708.77
2025-07-16 14:00:00,3578.56
2025-07-16 15:00:00,3684.9
2025-07-16 16:00:00,4021.63
2025-07-16 17:00:00,4070.64
2025-07-16 18:00:00,4338.11
2025-07-16 19:00:00,4452.94
2025-07-16 20:00:00,5009.77
2025-07-16 21:00:00,4588.4
2025-07-16 22:00:00,3939.16
2025-07-16 23:00:00,2753.0
2025-07-17 00:00:00,2262.91
2025-07-17 01:00:00,1823.1
2025-07-17 02:00:00,1832.14
2025-07-17 03:00:00,1857.82
2025-07-17 04:00:00,2041.56
2025-07-17 05:00:00,2548.47
2025-07-17 06:00:00,4014.58
2025-07-17 07:00:00,4728.01
2025-07-17 08:00:00,4871.78
2025-07-17 09:00:00,4660.74
2025-07-17 10:00:00,4455.3
2025-07-17 11:00:00,3569.34
2025-07-17 12:00:00,3189.02
2025-07-17 13:00:00,3880.75
2025-07-17 14:00:00,4201.21
2025-07-17 15:00:00,3974.61
2025-07-17 16:00:00,3688.69
2025-07-17 17:00:00,4058.16
2025-07-17 18:00:00,3940.07
2025-07-17 19:00:00,4163.77
2025-07-17 20:00:00,4669.78
2025-07-17 21:00:00,4438.48
2025-07-17 22:00:00,3605.69
2025-07-17 23:00:00,2996.6
2025-07-18 00:00:00,1951.32
2025-07-18 01:00:00,1725.8
2025-07-18 02:00:00,2081.52
2025-07-18 03:00:00,2081.16
2025-07-18 04:00:00,2163.09
2025-07-18 05:00:00,2933.85
2025-07-18 06:00:00,3518.88
2025-07-18 07:00:00,3974.25
2025-07-18 08:00:00,4286.21
2025-07-18 09:00:00,4014.03
2025-07-18 10:00:00,4070.1
2025-07-18 11:00:00,3901.73
2025-07-18 12:00:00,3690.68
2025-07-18 13:00:00,3327.0
2025-07-18 14:00:00,3343.64
2025-07-18 15:00:00,3290.83
2025-07-18 16:00:00,3412.18
2025-07-18 17:00:00,3558.67
2025-07-18 18:00:00,3751.27
2025-07-18 19:00:00,4507.74
2025-07-18 20:00:00,4879.74
2025-07-18 21:00:00,4258.36
2025-07-18 22:00:00,3814.38
2025-07-18 23:00:00,2896.77
2025-07-19 00:00:00,2063.8
2025-07-19 01:00:00,1798.5
2025-07-19 02:00:00,1711.7
2025-07-19 03:00:00,1771.56
2025-07-19 04:00:00,1887.66
2025-07-19 05:00:00,2253.51
2025-07-19 06:00:00,3802.63
2025-07-19 07:00:00,4126.7
2025-07-19 08:00:00,4227.97
2025-07-19 09:00:00,4869.07
2025-07-19 10:00:00,4699.25
2025-07-19 11:00:00,4401.04
2025-07-19 12:00:00,3715.64
2025-07-19 13:00:00,3206.74
2025-07-19 14:00:00,3266.78
2025-07-19 15:00:00,3254.12
2025-07-19 16:00:00,3476.02
2025-07-19 17:00:00,3885.09
2025-07-19 18:00:00,3798.83
2025-07-19 19:00:00,3905.89
2025-07-19 20:00:00,4455.3
2025-07-19 21:00:00,4167.93
2025-07-19 22:00:00,3685.08
2025-07-19 23:00:00,2829.68
2025-07-20 00:00:00,2245.73
2025-07-20 01:00:00,2211.73
2025-07-20 02:00:00,2124.57
2025-07-20 03:00:00,2133.79
2025-07-20 04:00:00,2256.22
2025-07-20 05:00:00,2366.54
2025-07-20 06:00:00,3550.53
2025-07-20 07:00:00,3954.72
2025-07-20 08:00:00,4426.54
2025-07-20 09:00:00,4553.31
2025-07-20 10:00:00,4277.89
2025-07-20 11:00:00,3781.47
2025-07-20 12:00:00,3428.64
2025-07-20 13:00:00,3217.23
2025-07-20 14:00:00,3157.73
2025-07-20 15:00:00,3140.01
2025-07-20 16:00:00,3427.01
2025-07-20 17:00:00,4461.81
2025-07-20 18:00:00,4698.89
2025-07-20 19:00:00,4675.2
2025-07-20 20:00:00,4420.57
2025-07-20 21:00:00,4291.99
2025-07-20 22:00:00,3508.03
2025-07-20 23:00:00,2719.18
2025-07-21 00:00:00,2042.28
2025-07-21 01:00:00,1772.64
2025-07-21 02:00:00,1740.99
2025-07-21 03:00:00,1696.14
2025-07-21 04:00:00,1962.71
2025-07-21 05:00:00,2804.18
2025-07-21 06:00:00,3969.55
2025-07-21 07:00:00,5284.47
2025-07-21 08:00:00,5606.37
2025-07-21 09:00:00,5489.55
2025-07-21 10:00:00,5061.85
2025-07-21 11:00:00,3711.3
2025-07-21 12:00:00,3608.58
2025-07-21 13:00:00,3363.53
2025-07-21 14:00:00,3469.15
2025-07-21 15:00:00,3412.18
2025-07-21 16:00:00,3459.92
2025-07-21 17:00:00,3797.92
2025-07-21 18:00:00,4002.64
2025-07-21 19:00:00,4075.52
2025-07-21 20:00:00,4634.33
2025-07-21 21:00:00,4741.39
2025-07-21 22:00:00,3540.04
2025-07-21 23:00:00,2948.13
2025-07-22 00:00:00,2501.45
2025-07-22 01:00:00,2205.4
2025-07-22 02:00:00,2133.79
2025-07-22 03:00:00,1742.62
2025-07-22 04:00:00,1887.12
2025-07-22 05:00:00,2652.09
2025-07-22 06:00:00,3776.95
2025-07-22 07:00:00,4438.66
2025-07-22 08:00:00,4403.57
2025-07-22 09:00:00,4280.96
2025-07-22 10:00:00,4010.6
2025-07-22 11:00:00,3530.45
2025-07-22 12:00:00,3580.37
2025-07-22 13:00:00,3284.69
2025-07-22 14:00:00,3344.0
2025-07-22 15:00:00,3481.26
2025-07-22 16:00:00,3502.06
2025-07-22 17:00:00,3783.28
2025-07-22 18:00:00,3952.91
2025-07-22 19:00:00,4098.85
2025-07-22 20:00:00,5029.66
2025-07-22 21:00:00,5154.62
2025-07-22 22:00:00,4007.34
2025-07-22 23:00:00,2850.84
2025-07-23 00:00:00,2075.2
2025-07-23 01:00:00,1685.29
2025-07-23 02:00:00,1670.65
2025-07-23 03:00:00,1710.61
2025-07-23 04:00:00,1901.58
2025-07-23 05:00:00,2275.57
2025-07-23 06:00:00,3901.01
2025-07-23 07:00:00,4623.84
2025-07-23 08:00:00,4403.21
2025-07-23 09:00:00,4401.4
2025-07-23 10:00:00,4327.08
2025-07-23 11:00:00,3714.37
2025-07-23 12:00:00,3864.48
2025-07-23 13:00:00,3407.12
2025-07-23 14:00:00,3469.33
2025-07-23 15:00:00,3651.62
2025-07-23 16:00:00,3722.51
2025-07-23 17:00:00,3989.26
2025-07-23 18:00:00,4142.98
2025-07-23 19:00:00,4233.22
2025-07-23 20:00:00,4640.48
2025-07-23 21:00:00,4495.99
2025-07-23 22:00:00,3692.49
2025-07-23 23:00:00,3049.05
2025-07-24 00:00:00,2598.92
2025-07-24 01:00:00,2195.46
2025-07-24 02:00:00,2131.26
2025-07-24 03:00:00,1948.24
2025-07-24 04:00:00,1951.86
2025-07-24 05:00:00,2337.24
2025-07-24 06:00:00,4242.08
2025-07-24 07:00:00,4903.97
2025-07-24 08:00:00,5113.03
2025-07-24 09:00:00,4970.88
2025-07-24 10:00:00,4347.33
2025-07-24 11:00:00,3956.16
2025-07-24 12:00:00,3257.56
2025-07-24 13:00:00,3087.57
2025-07-24 14:00:00,3217.95
2025-07-24 15:00:00,3229.35
2025-07-24 16:00:00,3584.71
2025-07-24 17:00:00,3971.72
2025-07-24 18:00:00,3989.8
2025-07-24 19:00:00,4411.89
2025-07-24 20:00:00,4683.7
2025-07-24 21:00:00,5158.42
2025-07-24 22:00:00,4492.55
2025-07-24 23:00:00,3707.5
2025-07-25 00:00:00,2207.57
2025-07-25 01:00:00,2104.13
2025-07-25 02:00:00,1863.43
2025-07-25 03:00:00,1903.94
2025-07-25 04:00:00,2196.54
2025-07-25 05:00:00,2763.13
2025-07-25 06:00:00,4250.22
2025-07-25 07:00:00,4954.97
2025-07-25 08:00:00,5106.7
2025-07-25 09:00:00,4879.2
2025-07-25 10:00:00,4528.72
2025-07-25 11:00:00,3810.94
2025-07-25 12:00:00,3682.91
2025-07-25 13:00:00,3601.71
2025-07-25 14:00:00,4014.4
2025-07-25 15:00:00,4085.83
2025-07-25 16:00:00,4138.09
2025-07-25 17:00:00,4195.06
2025-07-25 18:00:00,4284.76
2025-07-25 19:00:00,4263.96
2025-07-25 20:00:00,4667.43
2025-07-25 21:00:00,4591.29
2025-07-25 22:00:00,3813.66
2025-07-25 23:00:00,3271.3
2025-07-26 00:00:00,2573.42
2025-07-26 01:00:00,2185.69
2025-07-26 02:00:00,1910.63
2025-07-26 03:00:00,1818.03
2025-07-26 04:00:00,2112.63
2025-07-26 05:00:00,2953.56
2025-07-26 06:00:00,3931.57
2025-07-26 07:00:00,4843.93
2025-07-26 08:00:00,4843.57
2025-07-26 09:00:00,5435.47
2025-07-26 10:00:00,5095.12
2025-07-26 11:00:00,3855.98
2025-07-26 12:00:00,3576.03
2025-07-26 13:00:00,3391.2
2025-07-26 14:00:00,3270.22
2025-07-26 15:00:00,3555.77
2025-07-26 16:00:00,3515.63
2025-07-26 17:00:00,3915.83
2025-07-26 18:00:00,3931.75
2025-07-26 19:00:00,4035.55
2025-07-26 20:00:00,4256.55
2025-07-26 21:00:00,4326.35
2025-07-26 22:00:00,3766.28
2025-07-26 23:00:00,2837.09
2025-07-27 00:00:00,2222.04
2025-07-27 01:00:00,2013.35
2025-07-27 02:00:00,2106.3
2025-07-27 03:00:00,2104.85
2025-07-27 04:00:00,2343.03
2025-07-27 05:00:00,2403.43
2025-07-27 06:00:00,3749.1
2025-07-27 07:00:00,4220.02
2025-07-27 08:00:00,4540.47
2025-07-27 09:00:00,4690.21
2025-07-27 10:00:00,4551.14
2025-07-27 11:00:00,3636.07
2025-07-27 12:00:00,3549.8
2025-07-27 13:00:00,3179.8
2025-07-27 14:00:00,3385.78
2025-07-27 15:00:00,3119.76
2025-07-27 16:00:00,3372.76
2025-07-27 17:00:00,4340.82
2025-07-27 18:00:00,4891.49
2025-07-27 19:00:00,4587.31
2025-07-27 20:00:00,4444.08
2025-07-27 21:00:00,4491.65
2025-07-27 22:00:00,3648.18
2025-07-27 23:00:00,3026.44
2025-07-28 00:00:00,2449.91
2025-07-28 01:00:00,2236.87
2025-07-28 02:00:00,1779.88
2025-07-28 03:00:00,1744.79
2025-07-28 04:00:00,2110.64
2025-07-28 05:00:00,2508.86
2025-07-28 06:00:00,4196.87
2025-07-28 07:00:00,4910.48
2025-07-28 08:00:00,5040.15
2025-07-28 09:00:00,5129.12
2025-07-28 10:00:00,4409.0
2025-07-28 11:00:00,4065.39
2025-07-28 12:00:00,4300.13
2025-07-28 13:00:00,3913.3
2025-07-28 14:00:00,3851.63
2025-07-28 15:00:00,3385.42
2025-07-28 16:00:00,3666.27
2025-07-28 17:00:00,4011.32
2025-07-28 18:00:00,3867.19
2025-07-28 19:00:00,4392.9
2025-07-28 20:00:00,4471.57
2025-07-28 21:00:00,4582.43
2025-07-28 22:00:00,3896.67
2025-07-28 23:00:00,2830.04
2025-07-29 00:00:00,2226.38
2025-07-29 01:00:00,1990.38
2025-07-29 02:00:00,1661.42
2025-07-29 03:00:00,1720.38
2025-07-29 04:00:00,1907.19
2025-07-29 05:00:00,2738.17
2025-07-29 06:00:00,4095.59
2025-07-29 07:00:00,5104.53
2025-07-29 08:00:00,5706.2
2025-07-29 09:00:00,5493.71
2025-07-29 10:00:00,5015.91
2025-07-29 11:00:00,3944.95
2025-07-29 12:00:00,3757.23
2025-07-29 13:00:00,3585.43
2025-07-29 14:00:00,3729.38
2025-07-29 15:00:00,3675.67
2025-07-29 16:00:00,3839.16
2025-07-29 17:00:00,3986.0
2025-07-29 18:00:00,4116.39
2025-07-29 19:00:00,4147.32
2025-07-29 20:00:00,4873.23
2025-07-29 21:00:00,4639.58
2025-07-29 22:00:00,3765.73
2025-07-29 23:00:00,2893.88
2025-07-30 00:00:00,2574.87
2025-07-30 01:00:00,2523.87
2025-07-30 02:00:00,2335.61
2025-07-30 03:00:00,2206.49
2025-07-30 04:00:00,2348.99
2025-07-30 05:00:00,2365.27
2025-07-30 06:00:00,4244.07
2025-07-30 07:00:00,5121.35
2025-07-30 08:00:00,5295.68
2025-07-30 09:00:00,5201.82
2025-07-30 10:00:00,4834.35
2025-07-30 11:00:00,3966.65
2025-07-30 12:00:00,3901.91
2025-07-30 13:00:00,3617.98
2025-07-30 14:00:00,3599.9
2025-07-30 15:00:00,3808.96
2025-07-30 16:00:00,3748.73
2025-07-30 17:00:00,4121.64
2025-07-30 18:00:00,4766.17
2025-07-30 19:00:00,5030.38
2025-07-30 20:00:00,4947.74
2025-07-30 21:00:00,4723.31
2025-07-30 22:00:00,3786.53
2025-07-30 23:00:00,3088.47
2025-07-31 00:00:00,2303.78
2025-07-31 01:00:00,2247.9
2025-07-31 02:00:00,1890.01
2025-07-31 03:00:00,2092.74
2025-07-31 04:00:00,2016.42
2025-07-31 05:00:00,2717.92
2025-07-31 06:00:00,4280.42
2025-07-31 07:00:00,5093.32
2025-07-31 08:00:00,5027.49
2025-07-31 09:00:00,5269.1
2025-07-31 10:00:00,4898.37
2025-07-31 11:00:00,3710.94
2025-07-31 12:00:00,3492.66
2025-07-31 13:00:00,3615.45
2025-07-31 14:00:00,3416.88
2025-07-31 15:00:00,3671.15
2025-07-31 16:00:00,4047.31
2025-07-31 17:00:00,4738.5
2025-07-31 18:00:00,4175.71
2025-07-31 19:00:00,4228.15
2025-07-31 20:00:00,4791.49
2025-07-31 21:00:00,4637.77
2025-07-31 22:00:00,4032.3
2025-07-31 23:00:00,2972.37
2025-08-01 00:00:00,2497.11
2025-08-01 01:00:00,2366.54
2025-08-01 02:00:00,1835.76
2025-08-01 03:00:00,1892.54
2025-08-01 04:00:00,2142.29
2025-08-01 05:00:00,2580.66
2025-08-01 06:00:00,4355.11
2025-08-01 07:00:00,5003.26
2025-08-01 08:00:00,5282.12
2025-08-01 09:00:00,5119.36
2025-08-01 10:00:00,4475.01
2025-08-01 11:00:00,4041.7
2025-08-01 12:00:00,3830.84
2025-08-01 13:00:00,3577.29
2025-08-01 14:00:00,3609.3
2025-08-01 15:00:00,3960.68
2025-08-01 16:00:00,3617.08
2025-08-01 17:00:00,3973.71
2025-08-01 18:00:00,4006.98
2025-08-01 19:00:00,4924.23
2025-08-01 20:00:00,5098.74
2025-08-01 21:00:00,5120.99
2025-08-01 22:00:00,3675.31
2025-08-01 23:00:00,2888.45
2025-08-02 00:00:00,2318.79
2025-08-02 01:00:00,2151.33
2025-08-02 02:00:00,1901.77
2025-08-02 03:00:00,1924.73
2025-08-02 04:00:00,2102.5
2025-08-02 05:00:00,2447.92
2025-08-02 06:00:00,4248.05
2025-08-02 07:00:00,5075.41
2025-08-02 08:00:00,5236.55
2025-08-02 09:00:00,5096.03
2025-08-02 10:00:00,4646.45
2025-08-02 11:00:00,4111.87
2025-08-02 12:00:00,3661.02
2025-08-02 13:00:00,3368.42
2025-08-02 14:00:00,3906.43
2025-08-02 15:00:00,4067.93
2025-08-02 16:00:00,3994.68
2025-08-02 17:00:00,4213.51
2025-08-02 18:00:00,4013.85
2025-08-02 19:00:00,4311.16
2025-08-02 20:00:00,4534.87
2025-08-02 21:00:00,4363.97
2025-08-02 22:00:00,3608.4
2025-08-02 23:00:00,3154.66
2025-08-03 00:00:00,2285.52
2025-08-03 01:00:00,2111.18
2025-08-03 02:00:00,1819.66
2025-08-03 03:00:00,1746.06
2025-08-03 04:00:00,1955.84
2025-08-03 05:00:00,2966.04
2025-08-03 06:00:00,3982.39
2025-08-03 07:00:00,5234.19
2025-08-03 08:00:00,5398.4
2025-08-03 09:00:00,5425.89
2025-08-03 10:00:00,4733.8
2025-08-03 11:00:00,3913.12
2025-08-03 12:00:00,3490.67
2025-08-03 13:00:00,3315.61
2025-08-03 14:00:00,3474.93
2025-08-03 15:00:00,3462.82
2025-08-03 16:00:00,3661.93
2025-08-03 17:00:00,3950.56
2025-08-03 18:00:00,4104.82
2025-08-03 19:00:00,5021.88
2025-08-03 20:00:00,5362.77
2025-08-03 21:00:00,4508.46
2025-08-03 22:00:00,3824.33
2025-08-03 23:00:00,2965.13
2025-08-04 00:00:00,2535.26
2025-08-04 01:00:00,2087.31
2025-08-04 02:00:00,1835.58
2025-08-04 03:00:00,1864.87
2025-08-04 04:00:00,2173.94
2025-08-04 05:00:00,2562.93
2025-08-04 06:00:00,4274.27
2025-08-04 07:00:00,4982.46
2025-08-04 08:00:00,5379.05
2025-08-04 09:00:00,5105.25
2025-08-04 10:00:00,4729.64
2025-08-04 11:00:00,4139.0
2025-08-04 12:00:00,3978.59
2025-08-04 13:00:00,4257.81
2025-08-04 14:00:00,4248.59
2025-08-04 15:00:00,4304.65
2025-08-04 16:00:00,3822.88
2025-08-04 17:00:00,4062.14
2025-08-04 18:00:00,3946.22
2025-08-04 19:00:00,4049.84
2025-08-04 20:00:00,4451.32
2025-08-04 21:00:00,4327.44
2025-08-04 22:00:00,3448.71
2025-08-04 23:00:00,2743.96
2025-08-05 00:00:00,2199.98
2025-08-05 01:00:00,2053.31
2025-08-05 02:00:00,1698.86
2025-08-05 03:00:00,1717.66
2025-08-05 04:00:00,1924.55
2025-08-05 05:00:00,2450.63
2025-08-05 06:00:00,4380.97
2025-08-05 07:00:00,4538.85
2025-08-05 08:00:00,4461.44
2025-08-05 09:00:00,4822.23
2025-08-05 10:00:00,4310.62
2025-08-05 11:00:00,3915.83
2025-08-05 12:00:00,3886.9
2025-08-05 13:00:00,3485.42
2025-08-05 14:00:00,3358.47
2025-08-05 15:00:00,3730.65
2025-08-05 16:00:00,4409.36
2025-08-05 17:00:00,3954.17
2025-08-05 18:00:00,4289.28
2025-08-05 19:00:00,5070.71
2025-08-05 20:00:00,5281.58
2025-08-05 21:00:00,4485.68
2025-08-05 22:00:00,3810.58
2025-08-05 23:00:00,2972.19
2025-08-06 00:00:00,2245.55
2025-08-06 01:00:00,2095.99
2025-08-06 02:00:00,1806.28
2025-08-06 03:00:00,1871.93
2025-08-06 04:00:00,1954.21
2025-08-06 05:00:00,2565.47
2025-08-06 06:00:00,3991.97
2025-08-06 07:00:00,4610.82
2025-08-06 08:00:00,5059.5
2025-08-06 09:00:00,4773.58
2025-08-06 10:00:00,4462.89
2025-08-06 11:00:00,4032.84
2025-08-06 12:00:00,3857.78
2025-08-06 13:00:00,3266.78
2025-08-06 14:00:00,3140.73
2025-08-06 15:00:00,3113.25
2025-08-06 16:00:00,3136.03
2025-08-06 17:00:00,3541.85
2025-08-06 18:00:00,3779.12
2025-08-06 19:00:00,4115.13
2025-08-06 20:00:00,4386.21
2025-08-06 21:00:00,4572.84
2025-08-06 22:00:00,3905.35
2025-08-06 23:00:00,3257.74
2025-08-07 00:00:00,2132.16
2025-08-07 01:00:00,1926.72
2025-08-07 02:00:00,1638.09
2025-08-07 03:00:00,1657.99
2025-08-07 04:00:00,1744.97
2025-08-07 05:00:00,2387.88
2025-08-07 06:00:00,3162.07
2025-08-07 07:00:00,3663.38
2025-08-07 08:00:00,3901.01
2025-08-07 09:00:00,3811.13
2025-08-07 10:00:00,3999.57
2025-08-07 11:00:00,3622.87
2025-08-07 12:00:00,3495.19
2025-08-07 13:00:00,3330.98
2025-08-07 14:00:00,3381.44
2025-08-07 15:00:00,3693.76
2025-08-07 16:00:00,3642.94
2025-08-07 17:00:00,3404.04
2025-08-07 18:00:00,3547.82
2025-08-07 19:00:00,3873.16
2025-08-07 20:00:00,4459.82
2025-08-07 21:00:00,4347.33
2025-08-07 22:00:00,3635.53
2025-08-07 23:00:00,2644.5
2025-08-08 00:00:00,2154.41
2025-08-08 01:00:00,1925.46
2025-08-08 02:00:00,1678.6
2025-08-08 03:00:00,1646.59
2025-08-08 04:00:00,1798.32
2025-08-08 05:00:00,2210.47
2025-08-08 06:00:00,3338.4
2025-08-08 07:00:00,3847.84
2025-08-08 08:00:00,4056.89
2025-08-08 09:00:00,4208.8
2025-08-08 10:00:00,4175.89
2025-08-08 11:00:00,3816.01
2025-08-08 12:00:00,3817.46
2025-08-08 13:00:00,3527.92
2025-08-08 14:00:00,3318.14
2025-08-08 15:00:00,3116.5
2025-08-08 16:00:00,3259.19
2025-08-08 17:00:00,3817.46
2025-08-08 18:00:00,4364.51
2025-08-08 19:00:00,4337.02
2025-08-08 20:00:00,4325.27
2025-08-08 21:00:00,4165.04
2025-08-08 22:00:00,3546.01
2025-08-08 23:00:00,2775.97
2025-08-09 00:00:00,2214.08
2025-08-09 01:00:00,1915.87
2025-08-09 02:00:00,1626.52
2025-08-09 03:00:00,1711.34
2025-08-09 04:00:00,1780.96
2025-08-09 05:00:00,2235.79
2025-08-09 06:00:00,3338.76
2025-08-09 07:00:00,3916.02
2025-08-09 08:00:00,4114.58
2025-08-09 09:00:00,4238.64
2025-08-09 10:00:00,4091.98
2025-08-09 11:00:00,3569.16
2025-08-09 12:00:00,3427.19
2025-08-09 13:00:00,3221.39
2025-08-09 14:00:00,3183.77
2025-08-09 15:00:00,3127.17
2025-08-09 16:00:00,3266.42
2025-08-09 17:00:00,3501.16
2025-08-09 18:00:00,3554.51
2025-08-09 19:00:00,3822.7
2025-08-09 20:00:00,4776.84
2025-08-09 21:00:00,4680.99
2025-08-09 22:00:00,3316.33
2025-08-09 23:00:00,2641.78
2025-08-10 00:00:00,2241.75
2025-08-10 01:00:00,1905.38
2025-08-10 02:00:00,1681.86
2025-08-10 03:00:00,1673.36
2025-08-10 04:00:00,1739.73
2025-08-10 05:00:00,2275.03
2025-08-10 06:00:00,3180.16
2025-08-10 07:00:00,3615.45
2025-08-10 08:00:00,3747.29
2025-08-10 09:00:00,4116.03
2025-08-10 10:00:00,3840.06
2025-08-10 11:00:00,3690.68
2025-08-10 12:00:00,3350.69
2025-08-10 13:00:00,3152.85
2025-08-10 14:00:00,3353.23
2025-08-10 15:00:00,3087.2
2025-08-10 16:00:00,3004.74
2025-08-10 17:00:00,3548.18
2025-08-10 18:00:00,3878.58
2025-08-10 19:00:00,3942.6
2025-08-10 20:00:00,4203.74
2025-08-10 21:00:00,3987.81
2025-08-10 22:00:00,3262.8
2025-08-10 23:00:00,2707.43
2025-08-11 00:00:00,2102.86
2025-08-11 01:00:00,1951.5
2025-08-11 02:00:00,1617.66
2025-08-11 03:00:00,1623.44
2025-08-11 04:00:00,1682.76
2025-08-11 05:00:00,2122.76
2025-08-11 06:00:00,2941.8
2025-08-11 07:00:00,3592.3
2025-08-11 08:00:00,3670.79
2025-08-11 09:00:00,3664.46
2025-08-11 10:00:00,3404.95
2025-08-11 11:00:00,3215.78
2025-08-11 12:00:00,3158.46
2025-08-11 13:00:00,3110.35
2025-08-11 14:00:00,3243.82
2025-08-11 15:00:00,2930.59
2025-08-11 16:00:00,3351.42
2025-08-11 17:00:00,3922.35
2025-08-11 18:00:00,3615.45
2025-08-11 19:00:00,3673.86
2025-08-11 20:00:00,4015.66
2025-08-11 21:00:00,4089.08
2025-08-11 22:00:00,3206.2
2025-08-11 23:00:00,2529.12
2025-08-12 00:00:00,2016.78
2025-08-12 01:00:00,1822.92
2025-08-12 02:00:00,1549.48
2025-08-12 03:00:00,1789.28
2025-08-12 04:00:00,1852.39
2025-08-12 05:00:00,1846.61
2025-08-12 06:00:00,3048.68
2025-08-12 07:00:00,3610.03
2025-08-12 08:00:00,3573.13
2025-08-12 09:00:00,3621.6
2025-08-12 10:00:00,3539.32
2025-08-12 11:00:00,3440.76
2025-08-12 12:00:00,3145.44
2025-08-12 13:00:00,2984.12
2025-08-12 14:00:00,3221.57
2025-08-12 15:00:00,3060.08
2025-08-12 16:00:00,3007.09
2025-08-12 17:00:00,3291.2
2025-08-12 18:00:00,3696.83
2025-08-12 19:00:00,3720.52
2025-08-12 20:00:00,4364.33
2025-08-12 21:00:00,4259.62
2025-08-12 22:00:00,3369.14
2025-08-12 23:00:00,2496.02
2025-08-13 00:00:00,2098.89
2025-08-13 01:00:00,1922.02
2025-08-13 02:00:00,1554.54
2025-08-13 03:00:00,1621.27
2025-08-13 04:00:00,1678.96
2025-08-13 05:00:00,1967.23
2025-08-13 06:00:00,3165.51
2025-08-13 07:00:00,3706.78
2025-08-13 08:00:00,3720.16
2025-08-13 09:00:00,3874.78
2025-08-13 10:00:00,4043.51
2025-08-13 11:00:00,4106.99
2025-08-13 12:00:00,3931.21
2025-08-13 13:00:00,3266.42
2025-08-13 14:00:00,3167.68
2025-08-13 15:00:00,2991.9
2025-08-13 16:00:00,3319.05
2025-08-13 17:00:00,3349.61
2025-08-13 18:00:00,3350.69
2025-08-13 19:00:00,3879.49
2025-08-13 20:00:00,4390.55
2025-08-13 21:00:00,4248.59
2025-08-13 22:00:00,3358.29
2025-08-13 23:00:00,2779.22
2025-08-14 00:00:00,2074.47
2025-08-14 01:00:00,2059.46
2025-08-14 02:00:00,1672.63
2025-08-14 03:00:00,1606.26
2025-08-14 04:00:00,1735.93
2025-08-14 05:00:00,2112.09
2025-08-14 06:00:00,3367.51
2025-08-14 07:00:00,3672.24
2025-08-14 08:00:00,3115.05
2025-08-14 09:00:00,3592.3
2025-08-14 10:00:00,3418.15
2025-08-14 11:00:00,3106.55
2025-08-14 12:00:00,3734.63
2025-08-14 13:00:00,3246.35
2025-08-14 14:00:00,3218.5
2025-08-14 15:00:00,3066.04
2025-08-14 16:00:00,3357.02
2025-08-14 17:00:00,3571.51
2025-08-14 18:00:00,3500.43
2025-08-14 19:00:00,3868.09
2025-08-14 20:00:00,4812.64
2025-08-14 21:00:00,5020.44
2025-08-14 22:00:00,3634.08
2025-08-14 23:00:00,2704.17
2025-08-15 00:00:00,2217.16
2025-08-15 01:00:00,2050.06
2025-08-15 02:00:00,1629.77
2025-08-15 03:00:00,1685.11
2025-08-15 04:00:00,1812.79
2025-08-15 05:00:00,2491.68
2025-08-15 06:00:00,3467.7
2025-08-15 07:00:00,4061.96
2025-08-15 08:00:00,4148.22
2025-08-15 09:00:00,4063.04
2025-08-15 10:00:00,4206.45
2025-08-15 11:00:00,3695.75
2025-08-15 12:00:00,3505.32
2025-08-15 13:00:00,3378.91
2025-08-15 14:00:00,3241.46
2025-08-15 15:00:00,3093.17
2025-08-15 16:00:00,3257.2
2025-08-15 17:00:00,3535.52
2025-08-15 18:00:00,3562.83
2025-08-15 19:00:00,3866.28
2025-08-15 20:00:00,4291.27
2025-08-15 21:00:00,4234.12
2025-08-15 22:00:00,3750.36
2025-08-15 23:00:00,2769.28
2025-08-16 00:00:00,2264.36
2025-08-16 01:00:00,1957.83
2025-08-16 02:00:00,1699.58
2025-08-16 03:00:00,1986.58
2025-08-16 04:00:00,2115.34
2025-08-16 05:00:00,2471.25
2025-08-16 06:00:00,3599.18
2025-08-16 07:00:00,4135.74
2025-08-16 08:00:00,4225.8
2025-08-16 09:00:00,4227.79
2025-08-16 10:00:00,4160.88
2025-08-16 11:00:00,3858.87
2025-08-16 12:00:00,3423.76
2025-08-16 13:00:00,3317.96
2025-08-16 14:00:00,3270.04
2025-08-16 15:00:00,3282.52
2025-08-16 16:00:00,3178.35
2025-08-16 17:00:00,3606.05
2025-08-16 18:00:00,3796.12
2025-08-16 19:00:00,4119.65
2025-08-16 20:00:00,4297.6
2025-08-16 21:00:00,4037.36
2025-08-16 22:00:00,3452.51
2025-08-16 23:00:00,2717.19
2025-08-17 00:00:00,2364.19
2025-08-17 01:00:00,2055.3
2025-08-17 02:00:00,2131.62
2025-08-17 03:00:00,2187.14
2025-08-17 04:00:00,2160.19
2025-08-17 05:00:00,2029.98
2025-08-17 06:00:00,3592.12
2025-08-17 07:00:00,3993.24
2025-08-17 08:00:00,4404.84
2025-08-17 09:00:00,4309.35
2025-08-17 10:00:00,4138.27
2025-08-17 11:00:00,3657.59
2025-08-17 12:00:00,3361.55
2025-08-17 13:00:00,3256.11
2025-08-17 14:00:00,3264.25
2025-08-17 15:00:00,3198.06
2025-08-17 16:00:00,3428.46
2025-08-17 17:00:00,3623.59
2025-08-17 18:00:00,3898.11
2025-08-17 19:00:00,4341.54
2025-08-17 20:00:00,4520.4
2025-08-17 21:00:00,4365.42
2025-08-17 22:00:00,3587.24
2025-08-17 23:00:00,2840.17
2025-08-18 00:00:00,2480.83
2025-08-18 01:00:00,2096.35
2025-08-18 02:00:00,1821.65
2025-08-18 03:00:00,1934.68
2025-08-18 04:00:00,1964.34
2025-08-18 05:00:00,2196.9
2025-08-18 06:00:00,4138.64
2025-08-18 07:00:00,4794.56
2025-08-18 08:00:00,5080.84
2025-08-18 09:00:00,4835.43
2025-08-18 10:00:00,4632.88
2025-08-18 11:00:00,4571.4
2025-08-18 12:00:00,4216.94
2025-08-18 13:00:00,3708.22
2025-08-18 14:00:00,3132.96
2025-08-18 15:00:00,3172.38
2025-08-18 16:00:00,3105.29
2025-08-18 17:00:00,4106.45
2025-08-18 18:00:00,4225.62
2025-08-18 19:00:00,4348.05
2025-08-18 20:00:00,4837.06
2025-08-18 21:00:00,4545.9
2025-08-18 22:00:00,3557.58
2025-08-18 23:00:00,3101.31
2025-08-19 00:00:00,2440.5
2025-08-19 01:00:00,2041.02
2025-08-19 02:00:00,1823.46
2025-08-19 03:00:00,1811.16
2025-08-19 04:00:00,1948.97
2025-08-19 05:00:00,2681.57
2025-08-19 06:00:00,3990.52
2025-08-19 07:00:00,5056.24
2025-08-19 08:00:00,4787.33
2025-08-19 09:00:00,4888.06
2025-08-19 10:00:00,4260.34
2025-08-19 11:00:00,4021.27
2025-08-19 12:00:00,3828.13
2025-08-19 13:00:00,3597.19
2025-08-19 14:00:00,3645.83
2025-08-19 15:00:00,3645.11
2025-08-19 16:00:00,3683.45
2025-08-19 17:00:00,3891.6
2025-08-19 18:00:00,4786.06
2025-08-19 19:00:00,5018.81
2025-08-19 20:00:00,4854.96
2025-08-19 21:00:00,4581.34
2025-08-19 22:00:00,3797.56
2025-08-19 23:00:00,2919.02
2025-08-20 00:00:00,2303.96
2025-08-20 01:00:00,2237.23
2025-08-20 02:00:00,1815.5
2025-08-20 03:00:00,1819.3
2025-08-20 04:00:00,2017.87
2025-08-20 05:00:00,2303.6
2025-08-20 06:00:00,4097.58
2025-08-20 07:00:00,5091.33
2025-08-20 08:00:00,5085.54
2025-08-20 09:00:00,4992.04
2025-08-20 10:00:00,4740.67
2025-08-20 11:00:00,3971.72
2025-08-20 12:00:00,3814.2
2025-08-20 13:00:00,3481.26
2025-08-20 14:00:00,3583.44
2025-08-20 15:00:00,3843.86
2025-08-20 16:00:00,3707.86
2025-08-20 17:00:00,3947.48
2025-08-20 18:00:00,4416.59
2025-08-20 19:00:00,4599.97
2025-08-20 20:00:00,4849.9
2025-08-20 21:00:00,4737.96
2025-08-20 22:00:00,3821.8
2025-08-20 23:00:00,3022.82
2025-08-21 00:00:00,2457.86
2025-08-21 01:00:00,2098.52
2025-08-21 02:00:00,1780.06
2025-08-21 03:00:00,1811.16
2025-08-21 04:00:00,1971.93
2025-08-21 05:00:00,2469.26
2025-08-21 06:00:00,4846.46
2025-08-21 07:00:00,5593.53
2025-08-21 08:00:00,5072.7
2025-08-21 09:00:00,4849.9
2025-08-21 10:00:00,4621.67
2025-08-21 11:00:00,3991.07
2025-08-21 12:00:00,3600.08
2025-08-21 13:00:00,3338.4
2025-08-21 14:00:00,3409.83
2025-08-21 15:00:00,3365.16
2025-08-21 16:00:00,3984.19
2025-08-21 17:00:00,4042.43
2025-08-21 18:00:00,4158.71
2025-08-21 19:00:00,4449.69
2025-08-21 20:00:00,4711.37
2025-08-21 21:00:00,4758.03
2025-08-21 22:00:00,3928.49
2025-08-21 23:00:00,3006.37
2025-08-22 00:00:00,2214.08
2025-08-22 01:00:00,2056.21
2025-08-22 02:00:00,1916.96
2025-08-22 03:00:00,1787.47
2025-08-22 04:00:00,2004.85
2025-08-22 05:00:00,2828.78
2025-08-22 06:00:00,3962.13
2025-08-22 07:00:00,5032.37
2025-08-22 08:00:00,4879.74
2025-08-22 09:00:00,4796.37
2025-08-22 10:00:00,4509.73
2025-08-22 11:00:00,4500.87
2025-08-22 12:00:00,4476.45
2025-08-22 13:00:00,4204.82
2025-08-22 14:00:00,3728.84
2025-08-22 15:00:00,3755.24
2025-08-22 16:00:00,3805.52
2025-08-22 17:00:00,4041.7
2025-08-22 18:00:00,4279.33
2025-08-22 19:00:00,4703.05
2025-08-22 20:00:00,4630.35
2025-08-22 21:00:00,4630.35
2025-08-22 22:00:00,3857.78
2025-08-22 23:00:00,3054.29
2025-08-23 00:00:00,2421.88
2025-08-23 01:00:00,2260.74
2025-08-23 02:00:00,1825.27
2025-08-23 03:00:00,1789.1
2025-08-23 04:00:00,1971.03
2025-08-23 05:00:00,2749.39
2025-08-23 06:00:00,3916.56
2025-08-23 07:00:00,4447.7
2025-08-23 08:00:00,4951.9
2025-08-23 09:00:00,4498.7
2025-08-23 10:00:00,4476.45
2025-08-23 11:00:00,3762.48
2025-08-23 12:00:00,3561.92
2025-08-23 13:00:00,3565.9
2025-08-23 14:00:00,3370.23
2025-08-23 15:00:00,3714.74
2025-08-23 16:00:00,3577.84
2025-08-23 17:00:00,3926.87
2025-08-23 18:00:00,4131.94
2025-08-23 19:00:00,4121.27
2025-08-23 20:00:00,4784.25
2025-08-23 21:00:00,4948.46
2025-08-23 22:00:00,3722.87
2025-08-23 23:00:00,2971.28
2025-08-24 00:00:00,2360.39
2025-08-24 01:00:00,2158.75
2025-08-24 02:00:00,1766.49
2025-08-24 03:00:00,1844.8
2025-08-24 04:00:00,1863.43
2025-08-24 05:00:00,2233.8
2025-08-24 06:00:00,3899.56
2025-08-24 07:00:00,4417.32
2025-08-24 08:00:00,4590.93
2025-08-24 09:00:00,5026.95
2025-08-24 10:00:00,4286.21
2025-08-24 11:00:00,3851.82
2025-08-24 12:00:00,3532.08
2025-08-24 13:00:00,3463.72
2025-08-24 14:00:00,3426.11
2025-08-24 15:00:00,3506.04
2025-08-24 16:00:00,3681.82
2025-08-24 17:00:00,4681.35
2025-08-24 18:00:00,4895.47
2025-08-24 19:00:00,5088.61
2025-08-24 20:00:00,4634.69
2025-08-24 21:00:00,4411.71
2025-08-24 22:00:00,3745.3
2025-08-24 23:00:00,3111.62
2025-08-25 00:00:00,2541.41
2025-08-25 01:00:00,2218.61
2025-08-25 02:00:00,1969.22
2025-08-25 03:00:00,2050.24
2025-08-25 04:00:00,1833.59
2025-08-25 05:00:00,2375.4
2025-08-25 06:00:00,4082.03
2025-08-25 07:00:00,4957.68
2025-08-25 08:00:00,5134.19
2025-08-25 09:00:00,5236.36
2025-08-25 10:00:00,4767.25
2025-08-25 11:00:00,4113.32
2025-08-25 12:00:00,3451.24
2025-08-25 13:00:00,3317.24
2025-08-25 14:00:00,3300.24
2025-08-25 15:00:00,3316.88
2025-08-25 16:00:00,4235.93
2025-08-25 17:00:00,4137.73
2025-08-25 18:00:00,4262.88
2025-08-25 19:00:00,4527.81
2025-08-25 20:00:00,4745.19
2025-08-25 21:00:00,4396.52
2025-08-25 22:00:00,3744.21
2025-08-25 23:00:00,2943.07
2025-08-26 00:00:00,2354.6
2025-08-26 01:00:00,2403.43
2025-08-26 02:00:00,1808.09
2025-08-26 03:00:00,1841.72
2025-08-26 04:00:00,1983.51
2025-08-26 05:00:00,2610.86
2025-08-26 06:00:00,4153.1
2025-08-26 07:00:00,5497.87
2025-08-26 08:00:00,5525.35
2025-08-26 09:00:00,5266.57
2025-08-26 10:00:00,4823.86
2025-08-26 11:00:00,4080.58
2025-08-26 12:00:00,3750.0
2025-08-26 13:00:00,3598.99
2025-08-26 14:00:00,3838.07
2025-08-26 15:00:00,3726.13
2025-08-26 16:00:00,3713.65
2025-08-26 17:00:00,4223.99
2025-08-26 18:00:00,4244.61
2025-08-26 19:00:00,4328.52
2025-08-26 20:00:00,4839.95
2025-08-26 21:00:00,4514.79
2025-08-26 22:00:00,3775.5
2025-08-26 23:00:00,2973.99
2025-08-27 00:00:00,2260.2
2025-08-27 01:00:00,2059.28
2025-08-27 02:00:00,1787.83
2025-08-27 03:00:00,1784.04
2025-08-27 04:00:00,1980.25
2025-08-27 05:00:00,2910.16
2025-08-27 06:00:00,4190.54
2025-08-27 07:00:00,5173.61
2025-08-27 08:00:00,4909.03
2025-08-27 09:00:00,4987.7
2025-08-27 10:00:00,4903.61
2025-08-27 11:00:00,4308.81
2025-08-27 12:00:00,4048.57
2025-08-27 13:00:00,3758.5
2025-08-27 14:00:00,4354.56
2025-08-27 15:00:00,4324.18
2025-08-27 16:00:00,3848.74
2025-08-27 17:00:00,4130.14
2025-08-27 18:00:00,4336.3
2025-08-27 19:00:00,4668.15
2025-08-27 20:00:00,4833.8
2025-08-27 21:00:00,4579.9
2025-08-27 22:00:00,3943.5
2025-08-27 23:00:00,2998.77
2025-08-28 00:00:00,2309.03
2025-08-28 01:00:00,2085.87
2025-08-28 02:00:00,1825.27
2025-08-28 03:00:00,1810.98
2025-08-28 04:00:00,1937.75
2025-08-28 05:00:00,2387.88
2025-08-28 06:00:00,4307.54
2025-08-28 07:00:00,4996.74
2025-08-28 08:00:00,5168.55
2025-08-28 09:00:00,5148.11
2025-08-28 10:00:00,4742.66
2025-08-28 11:00:00,4212.42
2025-08-28 12:00:00,4205.91
2025-08-28 13:00:00,3532.62
2025-08-28 14:00:00,3363.35
2025-08-28 15:00:00,3880.57
2025-08-28 16:00:00,3763.38
2025-08-28 17:00:00,4280.24
2025-08-28 18:00:00,4286.39
2025-08-28 19:00:00,5155.35
2025-08-28 20:00:00,5493.53
2025-08-28 21:00:00,4639.76
2025-08-28 22:00:00,3930.12
2025-08-28 23:00:00,3055.37
2025-08-29 00:00:00,2406.68
2025-08-29 01:00:00,2115.7
2025-08-29 02:00:00,1793.26
2025-08-29 03:00:00,1821.83
2025-08-29 04:00:00,2029.98
2025-08-29 05:00:00,2522.61
2025-08-29 06:00:00,4240.45
2025-08-29 07:00:00,4919.52
2025-08-29 08:00:00,4824.22
2025-08-29 09:00:00,4859.12
2025-08-29 10:00:00,4655.49
2025-08-29 11:00:00,3998.66
2025-08-29 12:00:00,3902.99
2025-08-29 13:00:00,3768.08
2025-08-29 14:00:00,3460.47
2025-08-29 15:00:00,3607.31
2025-08-29 16:00:00,3757.78
2025-08-29 17:00:00,4048.21
2025-08-29 18:00:00,3874.6
2025-08-29 19:00:00,3972.98
2025-08-29 20:00:00,4514.79
2025-08-29 21:00:00,4238.1
2025-08-29 22:00:00,3569.16
2025-08-29 23:00:00,2877.24
2025-08-30 00:00:00,2427.66
2025-08-30 01:00:00,2126.74
2025-08-30 02:00:00,1732.49
2025-08-30 03:00:00,1809.35
2025-08-30 04:00:00,1908.46
2025-08-30 05:00:00,2279.91
2025-08-30 06:00:00,3897.75
2025-08-30 07:00:00,4078.96
2025-08-30 08:00:00,4422.56
2025-08-30 09:00:00,5071.43
2025-08-30 10:00:00,4788.41
2025-08-30 11:00:00,3762.66
2025-08-30 12:00:00,3558.49
2025-08-30 13:00:00,3351.96
2025-08-30 14:00:00,3515.44
2025-08-30 15:00:00,3428.46
2025-08-30 16:00:00,3699.0
2025-08-30 17:00:00,4060.33
2025-08-30 18:00:00,4031.76
2025-08-30 19:00:00,4129.05
2025-08-30 20:00:00,4286.93
2025-08-30 21:00:00,3891.78
2025-08-30 22:00:00,3181.6
2025-08-30 23:00:00,2634.37
2025-08-31 00:00:00,2185.15
2025-08-31 01:00:00,1959.82
2025-08-31 02:00:00,1618.2
2025-08-31 03:00:00,1671.19
2025-08-31 04:00:00,1696.51
2025-08-31 05:00:00,2348.81
2025-08-31 06:00:00,3091.91
2025-08-31 07:00:00,3575.85
2025-08-31 08:00:00,3875.51
2025-08-31 09:00:00,4104.46
2025-08-31 10:00:00,4076.06
2025-08-31 11:00:00,3582.9
2025-08-31 12:00:00,3477.65
2025-08-31 13:00:00,3256.84
2025-08-31 14:00:00,3279.08
2025-08-31 15:00:00,3221.93
2025-08-31 16:00:00,3351.6
2025-08-31 17:00:00,3640.05
2025-08-31 18:00:00,3817.27
2025-08-31 19:00:00,4289.64
2025-08-31 20:00:00,4539.03
2025-08-31 21:00:00,4038.09
2025-08-31 22:00:00,3353.77
2025-08-31 23:00:00,2990.81
2025-09-01 00:00:00,2537.43
2025-09-01 01:00:00,2275.93
2025-09-01 02:00:00,1638.82
2025-09-01 03:00:00,1601.02
2025-09-01 04:00:00,1679.69
2025-09-01 05:00:00,1921.48
2025-09-01 06:00:00,3454.86
2025-09-01 07:00:00,3885.81
2025-09-01 08:00:00,3907.7
2025-09-01 09:00:00,4255.82
2025-09-01 10:00:00,4271.19
2025-09-01 11:00:00,3914.57
2025-09-01 12:00:00,3854.53
2025-09-01 13:00:00,3514.36
2025-09-01 14:00:00,3310.37
2025-09-01 15:00:00,3102.76
2025-09-01 16:00:00,3051.4
2025-09-01 17:00:00,3765.73
2025-09-01 18:00:00,3781.11
2025-09-01 19:00:00,4296.33
2025-09-01 20:00:00,4736.69
2025-09-01 21:00:00,4676.83
2025-09-01 22:00:00,3481.08
2025-09-01 23:00:00,2821.72
2025-09-02 00:00:00,2336.88
2025-09-02 01:00:00,1956.02
2025-09-02 02:00:00,1695.78
2025-09-02 03:00:00,1758.36
2025-09-02 04:00:00,1837.93
2025-09-02 05:00:00,2224.03
2025-09-02 06:00:00,3599.72
2025-09-02 07:00:00,4252.93
2025-09-02 08:00:00,4121.64
2025-09-02 09:00:00,4084.74
2025-09-02 10:00:00,4250.76
2025-09-02 11:00:00,3918.37
2025-09-02 12:00:00,3724.32
2025-09-02 13:00:00,3820.53
2025-09-02 14:00:00,4029.22
2025-09-02 15:00:00,3793.76
2025-09-02 16:00:00,2924.8
2025-09-02 17:00:00,3181.79
2025-09-02 18:00:00,3249.06
2025-09-02 19:00:00,3412.72
2025-09-02 20:00:00,3553.96
2025-09-02 21:00:00,4435.76
2025-09-02 22:00:00,4020.72
2025-09-02 23:00:00,2669.45
2025-09-03 00:00:00,2238.32
2025-09-03 01:00:00,1980.79
2025-09-03 02:00:00,1736.29
2025-09-03 03:00:00,1743.53
2025-09-03 04:00:00,1928.53
2025-09-03 05:00:00,2415.55
2025-09-03 06:00:00,3782.73
2025-09-03 07:00:00,4358.9
2025-09-03 08:00:00,4405.74
2025-09-03 09:00:00,4295.43
2025-09-03 10:00:00,4242.08
2025-09-03 11:00:00,3891.42
2025-09-03 12:00:00,3797.92
2025-09-03 13:00:00,3502.78
2025-09-03 14:00:00,4396.7
2025-09-03 15:00:00,4254.74
2025-09-03 16:00:00,4175.17
2025-09-03 17:00:00,4392.0
2025-09-03 18:00:00,4077.15
2025-09-03 19:00:00,4579.54
2025-09-03 20:00:00,4887.7
2025-09-03 21:00:00,4705.22
2025-09-03 22:00:00,3743.13
2025-09-03 23:00:00,2666.38
2025-09-04 00:00:00,2251.16
2025-09-04 01:00:00,1846.06
2025-09-04 02:00:00,1638.09
2025-09-04 03:00:00,2112.09
2025-09-04 04:00:00,2211.19
2025-09-04 05:00:00,3037.11
2025-09-04 06:00:00,3972.8
2025-09-04 07:00:00,4542.1
2025-09-04 08:00:00,4535.05
2025-09-04 09:00:00,4775.93
2025-09-04 10:00:00,4164.32
2025-09-04 11:00:00,3866.83
2025-09-04 12:00:00,3684.35
2025-09-04 13:00:00,3555.59
2025-09-04 14:00:00,3557.76
2025-09-04 15:00:00,3527.56
2025-09-04 16:00:00,3664.64
2025-09-04 17:00:00,3891.42
2025-09-04 18:00:00,4072.08
2025-09-04 19:00:00,4358.18
2025-09-04 20:00:00,4886.43
2025-09-04 21:00:00,4590.21
2025-09-04 22:00:00,3499.53
2025-09-04 23:00:00,2692.78
2025-09-05 00:00:00,2173.76
2025-09-05 01:00:00,1861.62
2025-09-05 02:00:00,1727.61
2025-09-05 03:00:00,1733.58
2025-09-05 04:00:00,1844.08
2025-09-05 05:00:00,2214.08
2025-09-05 06:00:00,3999.39
2025-09-05 07:00:00,4586.23
2025-09-05 08:00:00,4579.36
2025-09-05 09:00:00,4757.49
2025-09-05 10:00:00,4393.08
2025-09-05 11:00:00,4114.04
2025-09-05 12:00:00,3935.19
2025-09-05 13:00:00,3813.48
2025-09-05 14:00:00,3799.55
2025-09-05 15:00:00,3749.64
2025-09-05 16:00:00,3821.61
2025-09-05 17:00:00,4190.72
2025-09-05 18:00:00,4207.9
2025-09-05 19:00:00,4406.47
2025-09-05 20:00:00,4775.39
2025-09-05 21:00:00,4507.56
2025-09-05 22:00:00,3587.78
2025-09-05 23:00:00,2833.48
2025-09-06 00:00:00,2340.68
2025-09-06 01:00:00,2095.45
2025-09-06 02:00:00,1928.89
2025-09-06 03:00:00,1832.86
2025-09-06 04:00:00,1933.96
2025-09-06 05:00:00,2254.77
2025-09-06 06:00:00,3726.85
2025-09-06 07:00:00,3965.93
2025-09-06 08:00:00,4036.64
2025-09-06 09:00:00,3988.9
2025-09-06 10:00:00,3886.9
2025-09-06 11:00:00,3627.39
2025-09-06 12:00:00,3632.27
2025-09-06 13:00:00,3364.44
2025-09-06 14:00:00,3211.99
2025-09-06 15:00:00,3254.85
2025-09-06 16:00:00,3361.55
2025-09-06 17:00:00,3720.52
2025-09-06 18:00:00,3682.18
2025-09-06 19:00:00,4006.8
2025-09-06 20:00:00,4555.3
2025-09-06 21:00:00,4792.93
2025-09-06 22:00:00,3977.5
2025-09-06 23:00:00,2654.44
2025-09-07 00:00:00,2084.6
2025-09-07 01:00:00,1907.19
2025-09-07 02:00:00,1658.35
2025-09-07 03:00:00,1693.79
2025-09-07 04:00:00,1792.9
2025-09-07 05:00:00,1973.38
2025-09-07 06:00:00,3147.79
2025-09-07 07:00:00,3645.65
2025-09-07 08:00:00,4101.02
2025-09-07 09:00:00,4345.34
2025-09-07 10:00:00,4229.06
2025-09-07 11:00:00,3688.15
2025-09-07 12:00:00,3513.27
2025-09-07 13:00:00,3351.6
2025-09-07 14:00:00,3066.59
2025-09-07 15:00:00,2927.52
2025-09-07 16:00:00,3404.22
2025-09-07 17:00:00,3837.89
2025-09-07 18:00:00,4051.83
2025-09-07 19:00:00,4340.82
2025-09-07 20:00:00,4501.59
2025-09-07 21:00:00,4095.23
2025-09-07 22:00:00,3189.92
2025-09-07 23:00:00,2538.52
2025-09-08 00:00:00,2153.32
2025-09-08 01:00:00,1890.37
2025-09-08 02:00:00,1651.66
2025-09-08 03:00:00,1708.62
2025-09-08 04:00:00,1887.48
2025-09-08 05:00:00,2463.47
2025-09-08 06:00:00,4117.3
2025-09-08 07:00:00,4768.7
2025-09-08 08:00:00,4509.55
2025-09-08 09:00:00,4661.28
2025-09-08 10:00:00,4448.42
2025-09-08 11:00:00,4023.44
2025-09-08 12:00:00,3802.26
2025-09-08 13:00:00,3696.65
2025-09-08 14:00:00,3892.51
2025-09-08 15:00:00,4155.82
2025-09-08 16:00:00,4174.44
2025-09-08 17:00:00,4281.5
2025-09-08 18:00:00,3901.19
2025-09-08 19:00:00,4084.02
2025-09-08 20:00:00,4349.86
2025-09-08 21:00:00,4282.77
2025-09-08 22:00:00,4067.38
2025-09-08 23:00:00,2775.06
2025-09-09 00:00:00,2349.54
2025-09-09 01:00:00,2258.57
2025-09-09 02:00:00,1819.48
2025-09-09 03:00:00,1867.95
2025-09-09 04:00:00,2023.65
2025-09-09 05:00:00,2269.24
2025-09-09 06:00:00,3143.08
2025-09-09 07:00:00,3426.11
2025-09-09 08:00:00,3295.9
2025-09-09 09:00:00,3747.11
2025-09-09 10:00:00,3704.79
2025-09-09 11:00:00,4106.08
2025-09-09 12:00:00,3907.7
2025-09-09 13:00:00,3861.94
2025-09-09 14:00:00,4005.17
2025-09-09 15:00:00,3835.54
2025-09-09 16:00:00,3113.79
2025-09-09 17:00:00,3840.78
2025-09-09 18:00:00,4038.09
2025-09-09 19:00:00,4072.81
2025-09-09 20:00:00,4474.1
2025-09-09 21:00:00,3550.35
2025-09-09 22:00:00,2492.04
2025-09-09 23:00:00,2115.7
2025-09-10 00:00:00,1777.52
2025-09-10 01:00:00,1651.48
2025-09-10 02:00:00,1765.95
2025-09-10 03:00:00,1739.91
2025-09-10 04:00:00,1871.2
2025-09-10 05:00:00,2364.0
2025-09-10 06:00:00,4511.36
2025-09-10 07:00:00,4510.27
2025-09-10 08:00:00,4182.04
2025-09-10 09:00:00,3973.71
2025-09-10 10:00:00,3865.02
2025-09-10 11:00:00,3528.28
2025-09-10 12:00:00,3547.09
2025-09-10 13:00:00,3272.57
2025-09-10 14:00:00,3293.19
2025-09-10 15:00:00,3130.97
2025-09-10 16:00:00,3183.59
2025-09-10 17:00:00,3715.28
2025-09-10 18:00:00,3666.63
2025-09-10 19:00:00,4301.03
2025-09-10 20:00:00,4673.57
2025-09-10 21:00:00,4286.02
2025-09-10 22:00:00,3676.22
2025-09-10 23:00:00,2690.43
2025-09-11 00:00:00,2241.93
2025-09-11 01:00:00,1940.83
2025-09-11 02:00:00,1606.63
2025-09-11 03:00:00,1723.09
2025-09-11 04:00:00,1732.86
2025-09-11 05:00:00,2184.61
2025-09-11 06:00:00,3469.87
2025-09-11 07:00:00,4057.8
2025-09-11 08:00:00,4108.43
2025-09-11 09:00:00,4187.1
2025-09-11 10:00:00,4160.16
2025-09-11 11:00:00,3848.92
2025-09-11 12:00:00,3640.95
2025-09-11 13:00:00,3291.92
2025-09-11 14:00:00,3284.51
2025-09-11 15:00:00,3355.03
2025-09-11 16:00:00,3377.64
2025-09-11 17:00:00,3635.34
2025-09-11 18:00:00,3727.03
2025-09-11 19:00:00,4029.04
2025-09-11 20:00:00,4646.63
2025-09-11 21:00:00,4677.19
2025-09-11 22:00:00,3546.55
2025-09-11 23:00:00,2615.56
2025-09-12 00:00:00,2163.45
2025-09-12 01:00:00,2072.48
2025-09-12 02:00:00,1656.72
2025-09-12 03:00:00,1672.09
2025-09-12 04:00:00,1844.26
2025-09-12 05:00:00,2649.02
2025-09-12 06:00:00,3492.66
2025-09-12 07:00:00,4177.16
2025-09-12 08:00:00,4018.01
2025-09-12 09:00:00,4084.92
2025-09-12 10:00:00,3958.15
2025-09-12 11:00:00,3521.95
2025-09-12 12:00:00,3555.95
2025-09-12 13:00:00,3205.11
2025-09-12 14:00:00,3326.82
2025-09-12 15:00:00,3064.42
2025-09-12 16:00:00,3396.81
2025-09-12 17:00:00,3484.52
2025-09-12 18:00:00,3595.02
2025-09-12 19:00:00,3625.94
2025-09-12 20:00:00,4121.46
2025-09-12 21:00:00,4021.09
2025-09-12 22:00:00,3563.37
2025-09-12 23:00:00,2608.15
2025-09-13 00:00:00,2150.07
2025-09-13 01:00:00,1838.11
2025-09-13 02:00:00,1648.04
2025-09-13 03:00:00,1582.21
2025-09-13 04:00:00,1631.04
2025-09-13 05:00:00,1845.16
2025-09-13 06:00:00,3292.46
2025-09-13 07:00:00,3550.17
2025-09-13 08:00:00,3150.68
2025-09-13 09:00:00,3706.96
2025-09-13 10:00:00,4083.48
2025-09-13 11:00:00,3782.01
2025-09-13 12:00:00,3039.64
2025-09-13 13:00:00,3035.12
2025-09-13 14:00:00,2982.49
2025-09-13 15:00:00,2328.92
2025-09-13 16:00:00,2969.11
2025-09-13 17:00:00,3466.62
2025-09-13 18:00:00,3401.33
2025-09-13 19:00:00,4244.79
2025-09-13 20:00:00,4139.72
2025-09-13 21:00:00,4155.45
2025-09-13 22:00:00,3413.45
2025-09-13 23:00:00,2708.15
2025-09-14 00:00:00,2179.54
2025-09-14 01:00:00,1836.12
2025-09-14 02:00:00,1633.03
2025-09-14 03:00:00,1586.91
2025-09-14 04:00:00,1645.15
2025-09-14 05:00:00,1821.65
2025-09-14 06:00:00,2912.87
2025-09-14 07:00:00,3385.96
2025-09-14 08:00:00,3686.34
2025-09-14 09:00:00,3650.72
2025-09-14 10:00:00,3571.51
2025-09-14 11:00:00,3352.68
2025-09-14 12:00:00,3151.95
2025-09-14 13:00:00,3051.4
2025-09-14 14:00:00,2936.38
2025-09-14 15:00:00,2745.41
2025-09-14 16:00:00,3154.3
2025-09-14 17:00:00,3294.09
2025-09-14 18:00:00,3593.75
2025-09-14 19:00:00,3903.54
2025-09-14 20:00:00,4195.6
2025-09-14 21:00:00,3810.04
2025-09-14 22:00:00,3110.71
2025-09-14 23:00:00,2556.24
2025-09-15 00:00:00,2074.29
2025-09-15 01:00:00,1889.11
2025-09-15 02:00:00,1579.86
2025-09-15 03:00:00,1725.62
2025-09-15 04:00:00,1667.75
2025-09-15 05:00:00,1917.86
2025-09-15 06:00:00,3518.7
2025-09-15 07:00:00,4017.65
2025-09-15 08:00:00,4173.18
2025-09-15 09:00:00,3981.84
2025-09-15 10:00:00,3965.93
2025-09-15 11:00:00,3007.09
2025-09-15 12:00:00,2743.42
2025-09-15 13:00:00,2938.01
2025-09-15 14:00:00,3160.26
2025-09-15 15:00:00,3312.17
2025-09-15 16:00:00,3429.18
2025-09-15 17:00:00,3618.16
2025-09-15 18:00:00,3918.19
2025-09-15 19:00:00,4027.96
2025-09-15 20:00:00,4405.02
2025-09-15 21:00:00,4302.84
2025-09-15 22:00:00,3584.53
2025-09-15 23:00:00,2735.28
2025-09-16 00:00:00,2231.08
2025-09-16 01:00:00,1866.68
2025-09-16 02:00:00,1686.2
2025-09-16 03:00:00,1678.6
2025-09-16 04:00:00,1765.59
2025-09-16 05:00:00,2335.61
2025-09-16 06:00:00,3658.85
2025-09-16 07:00:00,4276.44
2025-09-16 08:00:00,4194.16
2025-09-16 09:00:00,4307.73
2025-09-16 10:00:00,4078.41
2025-09-16 11:00:00,3901.37
2025-09-16 12:00:00,3706.96
2025-09-16 13:00:00,3468.79
2025-09-16 14:00:00,3398.62
2025-09-16 15:00:00,3442.02
2025-09-16 16:00:00,3437.86
2025-09-16 17:00:00,3609.85
2025-09-16 18:00:00,3879.3
2025-09-16 19:00:00,4250.4
2025-09-16 20:00:00,4569.95
2025-09-16 21:00:00,4495.62
2025-09-16 22:00:00,3717.99
2025-09-16 23:00:00,2651.19
2025-09-17 00:00:00,2270.15
2025-09-17 01:00:00,2016.6
2025-09-17 02:00:00,1661.42
2025-09-17 03:00:00,1747.69
2025-09-17 04:00:00,1799.23
2025-09-17 05:00:00,2172.13
2025-09-17 06:00:00,3663.92
2025-09-17 07:00:00,4495.99
2025-09-17 08:00:00,4283.13
2025-09-17 09:00:00,4339.19
2025-09-17 10:00:00,4216.4
2025-09-17 11:00:00,3668.62
2025-09-17 12:00:00,3704.97
2025-09-17 13:00:00,3762.12
2025-09-17 14:00:00,3650.54
2025-09-17 15:00:00,2314.45
2025-09-17 16:00:00,3588.51
2025-09-17 17:00:00,3836.81
2025-09-17 18:00:00,4436.31
2025-09-17 19:00:00,4745.73
2025-09-17 20:00:00,5032.01
2025-09-17 21:00:00,4908.85
2025-09-17 22:00:00,4171.19
2025-09-17 23:00:00,3493.74
2025-09-18 00:00:00,2795.32
2025-09-18 01:00:00,2321.69
2025-09-18 02:00:00,1680.77
2025-09-18 03:00:00,1732.86
2025-09-18 04:00:00,1830.87
2025-09-18 05:00:00,2112.81
2025-09-18 06:00:00,3585.61
2025-09-18 07:00:00,4169.92
2025-09-18 08:00:00,3900.46
2025-09-18 09:00:00,3969.37
2025-09-18 10:00:00,3797.92
2025-09-18 11:00:00,3761.94
2025-09-18 12:00:00,3392.83
2025-09-18 13:00:00,3067.85
2025-09-18 14:00:00,3263.71
2025-09-18 15:00:00,3273.84
2025-09-18 16:00:00,3200.05
2025-09-18 17:00:00,3464.08
2025-09-18 18:00:00,3515.63
2025-09-18 19:00:00,3838.07
2025-09-18 20:00:00,4085.29
2025-09-18 21:00:00,4209.89
2025-09-18 22:00:00,3337.49
2025-09-18 23:00:00,2755.53
2025-09-19 00:00:00,2225.3
2025-09-19 01:00:00,1999.78
2025-09-19 02:00:00,1613.5
2025-09-19 03:00:00,1607.35
2025-09-19 04:00:00,1776.62
2025-09-19 05:00:00,2069.77
2025-09-19 06:00:00,3388.49
2025-09-19 07:00:00,4006.08
2025-09-19 08:00:00,3987.27
2025-09-19 09:00:00,4090.71
2025-09-19 10:00:00,3876.59
2025-09-19 11:00:00,3140.19
2025-09-19 12:00:00,2987.02
2025-09-19 13:00:00,2907.26
2025-09-19 14:00:00,3347.08
2025-09-19 15:00:00,3701.9
2025-09-19 16:00:00,3376.74
2025-09-19 17:00:00,3442.2
2025-09-19 18:00:00,3570.96
2025-09-19 19:00:00,3538.95
2025-09-19 20:00:00,3793.04
2025-09-19 21:00:00,3780.56
2025-09-19 22:00:00,3306.39
2025-09-19 23:00:00,2524.96
2025-09-20 00:00:00,2327.65
2025-09-20 01:00:00,1820.57
2025-09-20 02:00:00,1645.33
2025-09-20 03:00:00,1578.41
2025-09-20 04:00:00,1754.01
2025-09-20 05:00:00,2160.73
2025-09-20 06:00:00,3025.54
2025-09-20 07:00:00,3765.55
2025-09-20 08:00:00,3661.39
2025-09-20 09:00:00,3917.82
2025-09-20 10:00:00,3705.69
2025-09-20 11:00:00,3587.6
2025-09-20 12:00:00,3327.37
2025-09-20 13:00:00,3221.93
2025-09-20 14:00:00,3131.69
2025-09-20 15:00:00,3313.44
2025-09-20 16:00:00,3125.36
2025-09-20 17:00:00,3702.08
2025-09-20 18:00:00,3479.46
2025-09-20 19:00:00,3497.72
2025-09-20 20:00:00,3995.04
2025-09-20 21:00:00,3970.81
2025-09-20 22:00:00,3503.69
2025-09-20 23:00:00,2660.05
2025-09-21 00:00:00,2241.21
2025-09-21 01:00:00,1832.5
2025-09-21 02:00:00,1654.37
2025-09-21 03:00:00,1986.22
2025-09-21 04:00:00,2141.75
2025-09-21 05:00:00,2529.66
2025-09-21 06:00:00,3039.64
2025-09-21 07:00:00,3638.24
2025-09-21 08:00:00,3853.44
2025-09-21 09:00:00,3965.02
2025-09-21 10:00:00,4147.86
2025-09-21 11:00:00,3744.94
2025-09-21 12:00:00,3586.15
2025-09-21 13:00:00,3458.66
2025-09-21 14:00:00,3339.48
2025-09-21 15:00:00,3202.94
2025-09-21 16:00:00,3317.6
2025-09-21 17:00:00,3563.37
2025-09-21 18:00:00,3718.71
2025-09-21 19:00:00,4163.23
2025-09-21 20:00:00,4192.17
2025-09-21 21:00:00,3986.91
2025-09-21 22:00:00,3366.61
2025-09-21 23:00:00,2707.43
2025-09-22 00:00:00,2154.95
2025-09-22 01:00:00,1881.33
2025-09-22 02:00:00,1603.19
2025-09-22 03:00:00,1702.11
2025-09-22 04:00:00,1727.07
2025-09-22 05:00:00,2208.84
2025-09-22 06:00:00,3287.22
2025-09-22 07:00:00,3998.12
2025-09-22 08:00:00,4116.39
2025-09-22 09:00:00,4117.66
2025-09-22 10:00:00,3892.87
2025-09-22 11:00:00,3933.2
2025-09-22 12:00:00,3879.85
2025-09-22 13:00:00,3875.87
2025-09-22 14:00:00,3455.22
2025-09-22 15:00:00,3257.2
2025-09-22 16:00:00,3312.9
2025-09-22 17:00:00,3558.49
2025-09-22 18:00:00,3665.36
2025-09-22 19:00:00,3953.63
2025-09-22 20:00:00,4247.87
2025-09-22 21:00:00,4253.65
2025-09-22 22:00:00,3625.94
2025-09-22 23:00:00,2642.87
2025-09-23 00:00:00,2193.11
2025-09-23 01:00:00,1894.71
2025-09-23 02:00:00,1681.13
2025-09-23 03:00:00,1656.54
2025-09-23 04:00:00,1810.98
2025-09-23 05:00:00,2414.46
2025-09-23 06:00:00,3395.0
2025-09-23 07:00:00,4113.14
2025-09-23 08:00:00,4041.88
2025-09-23 09:00:00,4022.53
2025-09-23 10:00:00,3916.02
2025-09-23 11:00:00,3637.7
2025-09-23 12:00:00,3654.69
2025-09-23 13:00:00,3446.9
2025-09-23 14:00:00,3934.28
2025-09-23 15:00:00,3937.17
2025-09-23 16:00:00,3465.89
2025-09-23 17:00:00,3584.89
2025-09-23 18:00:00,3484.34
2025-09-23 19:00:00,4061.23
2025-09-23 20:00:00,4203.56
2025-09-23 21:00:00,4105.72
2025-09-23 22:00:00,3540.22
2025-09-23 23:00:00,2777.42
2025-09-24 00:00:00,2198.53
2025-09-24 01:00:00,1934.14
2025-09-24 02:00:00,1701.93
2025-09-24 03:00:00,1731.77
2025-09-24 04:00:00,1818.4
2025-09-24 05:00:00,2317.17
2025-09-24 06:00:00,3338.4
2025-09-24 07:00:00,4031.21
2025-09-24 08:00:00,3898.65
2025-09-24 09:00:00,3885.09
2025-09-24 10:00:00,3687.43
2025-09-24 11:00:00,3622.14
2025-09-24 12:00:00,3330.62
2025-09-24 13:00:00,3207.83
2025-09-24 14:00:00,3298.07
2025-09-24 15:00:00,3243.81
2025-09-24 16:00:00,3111.08
2025-09-24 17:00:00,3351.24
2025-09-24 18:00:00,3578.02
2025-09-24 19:00:00,3755.43
2025-09-24 20:00:00,3986.36
2025-09-24 21:00:00,4716.62
2025-09-24 22:00:00,3983.47
2025-09-24 23:00:00,2488.06
2025-09-25 00:00:00,2096.35
2025-09-25 01:00:00,1895.8
2025-09-25 02:00:00,1540.8
2025-09-25 03:00:00,1551.11
2025-09-25 04:00:00,1700.48
2025-09-25 05:00:00,1898.69
2025-09-25 06:00:00,3188.66
2025-09-25 07:00:00,3854.89
2025-09-25 08:00:00,3864.84
2025-09-25 09:00:00,3809.68
2025-09-25 10:00:00,3753.62
2025-09-25 11:00:00,3399.7
2025-09-25 12:00:00,3136.39
2025-09-25 13:00:00,2876.52
2025-09-25 14:00:00,2346.46
2025-09-25 15:00:00,1448.93
2025-09-25 16:00:00,3291.2
2025-09-25 17:00:00,3340.57
2025-09-25 18:00:00,3443.65
2025-09-25 19:00:00,3723.24
2025-09-25 20:00:00,4193.97
2025-09-25 21:00:00,4149.49
2025-09-25 22:00:00,3536.96
2025-09-25 23:00:00,2651.37
2025-09-26 00:00:00,2242.84
2025-09-26 01:00:00,1932.15
2025-09-26 02:00:00,1569.19
2025-09-26 03:00:00,1672.27
2025-09-26 04:00:00,1681.68
2025-09-26 05:00:00,2216.07
2025-09-26 06:00:00,3362.45
2025-09-26 07:00:00,3873.34
2025-09-26 08:00:00,3879.12
2025-09-26 09:00:00,4009.69
2025-09-26 10:00:00,4199.22
2025-09-26 11:00:00,3587.78
2025-09-26 12:00:00,4071.18
2025-09-26 13:00:00,3911.13
2025-09-26 14:00:00,3552.52
2025-09-26 15:00:00,3249.42
2025-09-26 16:00:00,3450.34
2025-09-26 17:00:00,3541.67
2025-09-26 18:00:00,3890.7
2025-09-26 19:00:00,3966.47
2025-09-26 20:00:00,4178.06
2025-09-26 21:00:00,4174.8
2025-09-26 22:00:00,3741.86
2025-09-26 23:00:00,2990.09
2025-09-27 00:00:00,2460.76
2025-09-27 01:00:00,1992.37
2025-09-27 02:00:00,1808.09
2025-09-27 03:00:00,1709.89
2025-09-27 04:00:00,1784.58
2025-09-27 05:00:00,2185.69
2025-09-27 06:00:00,3928.49
2025-09-27 07:00:00,4167.21
2025-09-27 08:00:00,4031.21
2025-09-27 09:00:00,4228.7
2025-09-27 10:00:00,3829.03
2025-09-27 11:00:00,3528.46
2025-09-27 12:00:00,3623.77
2025-09-27 13:00:00,3460.29
2025-09-27 14:00:00,3402.24
2025-09-27 15:00:00,3108.54
2025-09-27 16:00:00,3146.16
2025-09-27 17:00:00,4270.11
2025-09-27 18:00:00,4302.3
2025-09-27 19:00:00,3917.64
2025-09-27 20:00:00,4086.91
2025-09-27 21:00:00,4192.89
2025-09-27 22:00:00,3353.77
2025-09-27 23:00:00,2584.09
2025-09-28 00:00:00,2210.65
2025-09-28 01:00:00,1772.46
2025-09-28 02:00:00,1621.64
2025-09-28 03:00:00,1672.09
2025-09-28 04:00:00,1778.07
2025-09-28 05:00:00,2301.43
2025-09-28 06:00:00,3100.22
2025-09-28 07:00:00,3927.59
2025-09-28 08:00:00,3997.21
2025-09-28 09:00:00,4673.94
2025-09-28 10:00:00,4524.38
2025-09-28 11:00:00,3545.65
2025-09-28 12:00:00,3797.38
2025-09-28 13:00:00,3329.54
2025-09-28 14:00:00,3364.08
2025-09-28 15:00:00,3403.86
2025-09-28 16:00:00,3494.83
2025-09-28 17:00:00,3502.24
2025-09-28 18:00:00,3943.5
2025-09-28 19:00:00,4634.69
2025-09-28 20:00:00,4794.2
2025-09-28 21:00:00,4790.4
2025-09-28 22:00:00,3705.51
2025-09-28 23:00:00,2760.42
2025-09-29 00:00:00,2138.49
2025-09-29 01:00:00,2029.26
2025-09-29 02:00:00,1731.59
2025-09-29 03:00:00,1644.42
2025-09-29 04:00:00,1759.44
2025-09-29 05:00:00,1979.17
2025-09-29 06:00:00,3408.02
2025-09-29 07:00:00,4110.6
2025-09-29 08:00:00,3988.35
2025-09-29 09:00:00,3994.68
2025-09-29 10:00:00,3874.42
2025-09-29 11:00:00,3510.02
2025-09-29 12:00:00,3666.45
2025-09-29 13:00:00,3682.0
2025-09-29 14:00:00,3037.83
2025-09-29 15:00:00,2913.77
2025-09-29 16:00:00,3304.58
2025-09-29 17:00:00,3351.6
2025-09-29 18:00:00,3637.33
2025-09-29 19:00:00,3597.55
2025-09-29 20:00:00,3965.57
2025-09-29 21:00:00,3959.78
2025-09-29 22:00:00,3400.43
2025-09-29 23:00:00,2539.6
2025-09-30 00:00:00,2191.84
2025-09-30 01:00:00,1795.25
2025-09-30 02:00:00,1653.47
2025-09-30 03:00:00,1606.99
2025-09-30 04:00:00,1709.89
2025-09-30 05:00:00,1901.95
2025-09-30 06:00:00,3295.36
2025-09-30 07:00:00,3941.15
2025-09-30 08:00:00,4037.72
2025-09-30 09:00:00,3543.48
2025-09-30 10:00:00,3519.24
2025-09-30 11:00:00,3273.47
2025-09-30 12:00:00,3300.78
2025-09-30 13:00:00,3174.55
2025-09-30 14:00:00,2973.63
2025-09-30 15:00:00,3015.59
2025-09-30 16:00:00,3147.06
2025-09-30 17:00:00,3276.55
2025-09-30 18:00:00,3334.24
2025-09-30 19:00:00,3420.32
2025-09-30 20:00:00,3617.62
2025-09-30 21:00:00,3591.94
2025-09-30 22:00:00,3501.7
2025-09-30 23:00:00,2610.86
2025-10-01 00:00:00,2262.19
2025-10-01 01:00:00,1829.07
2025-10-01 02:00:00,1801.94
2025-10-01 03:00:00,1993.82
2025-10-01 04:00:00,2023.29
2025-10-01 05:00:00,2133.97
2025-10-01 06:00:00,2698.93
2025-10-01 07:00:00,3143.27
2025-10-01 08:00:00,3371.85
2025-10-01 09:00:00,3533.35
2025-10-01 10:00:00,3311.27
2025-10-01 11:00:00,3121.2
2025-10-01 12:00:00,2950.85
2025-10-01 13:00:00,2900.57
2025-10-01 14:00:00,2653.18
2025-10-01 15:00:00,2643.05
2025-10-01 16:00:00,2731.3
2025-10-01 17:00:00,2965.49
2025-10-01 18:00:00,3052.48
2025-10-01 19:00:00,3289.75
2025-10-01 20:00:00,3368.6
2025-10-01 21:00:00,3352.86
2025-10-01 22:00:00,2857.71
2025-10-01 23:00:00,2579.03
2025-10-02 00:00:00,2063.8
2025-10-02 01:00:00,1620.73
2025-10-02 02:00:00,1514.4
2025-10-02 03:00:00,1655.09
2025-10-02 04:00:00,1581.85
2025-10-02 05:00:00,2052.41
2025-10-02 06:00:00,2844.87
2025-10-02 07:00:00,3362.45
2025-10-02 08:00:00,3579.46
2025-10-02 09:00:00,3536.78
2025-10-02 10:00:00,3359.01
2025-10-02 11:00:00,3092.63
2025-10-02 12:00:00,3234.23
2025-10-02 13:00:00,3154.66
2025-10-02 14:00:00,2855.72
2025-10-02 15:00:00,3210.72
2025-10-02 16:00:00,3398.08
2025-10-02 17:00:00,3037.83
2025-10-02 18:00:00,3046.69
2025-10-02 19:00:00,3376.56
2025-10-02 20:00:00,3241.28
2025-10-02 21:00:00,3201.32
2025-10-02 22:00:00,2678.86
2025-10-02 23:00:00,2298.72
2025-10-03 00:00:00,1907.37
2025-10-03 01:00:00,1723.45
2025-10-03 02:00:00,1515.3
2025-10-03 03:00:00,1535.01
2025-10-03 04:00:00,1647.32
2025-10-03 05:00:00,1954.21
2025-10-03 06:00:00,2755.71
2025-10-03 07:00:00,3050.85
2025-10-03 08:00:00,3345.09
2025-10-03 09:00:00,3657.41
2025-10-03 10:00:00,3507.85
2025-10-03 11:00:00,3192.82
2025-10-03 12:00:00,3059.72
2025-10-03 13:00:00,2947.95
2025-10-03 14:00:00,2787.72
2025-10-03 15:00:00,2731.48
2025-10-03 16:00:00,2837.82
2025-10-03 17:00:00,3814.74
2025-10-03 18:00:00,3684.35
2025-10-03 19:00:00,3246.17
2025-10-03 20:00:00,3338.22
2025-10-03 21:00:00,3415.62
2025-10-03 22:00:00,3043.98
2025-10-03 23:00:00,2442.31
2025-10-04 00:00:00,1992.73
2025-10-04 01:00:00,1787.83
2025-10-04 02:00:00,1576.06
2025-10-04 03:00:00,1603.73
2025-10-04 04:00:00,1667.39
2025-10-04 05:00:00,1879.16
2025-10-04 06:00:00,2718.1
2025-10-04 07:00:00,3265.88
2025-10-04 08:00:00,3511.47
2025-10-04 09:00:00,3509.11
2025-10-04 10:00:00,3334.6
2025-10-04 11:00:00,3160.45
2025-10-04 12:00:00,3017.04
2025-10-04 13:00:00,2881.04
2025-10-04 14:00:00,2680.66
2025-10-04 15:00:00,2620.62
2025-10-04 16:00:00,2826.06
2025-10-04 17:00:00,3071.11
2025-10-04 18:00:00,3241.28
2025-10-04 19:00:00,3265.34
2025-10-04 20:00:00,3490.85
2025-10-04 21:00:00,3499.17
2025-10-04 22:00:00,3190.47
2025-10-04 23:00:00,3146.34
2025-10-05 00:00:00,2360.93
2025-10-05 01:00:00,2203.6
2025-10-05 02:00:00,1546.4
2025-10-05 03:00:00,1611.33
2025-10-05 04:00:00,1667.93
2025-10-05 05:00:00,1800.67
2025-10-05 06:00:00,2920.46
2025-10-05 07:00:00,3629.74
2025-10-05 08:00:00,3855.07
2025-10-05 09:00:00,3986.0
2025-10-05 10:00:00,3696.65
2025-10-05 11:00:00,3379.45
2025-10-05 12:00:00,3040.0
2025-10-05 13:00:00,3112.52
2025-10-05 14:00:00,3128.26
2025-10-05 15:00:00,2965.13
2025-10-05 16:00:00,3078.34
2025-10-05 17:00:00,3404.95
2025-10-05 18:00:00,3422.49
2025-10-05 19:00:00,3833.37
2025-10-05 20:00:00,3874.24
2025-10-05 21:00:00,4640.3
2025-10-05 22:00:00,3852.54
2025-10-05 23:00:00,2934.75
2025-10-06 00:00:00,2189.31
2025-10-06 01:00:00,1797.24
2025-10-06 02:00:00,1733.4
2025-10-06 03:00:00,1696.69
2025-10-06 04:00:00,1682.94
2025-10-06 05:00:00,2160.37
2025-10-06 06:00:00,2863.32
2025-10-06 07:00:00,3564.27
2025-10-06 08:00:00,3790.51
2025-10-06 09:00:00,4033.75
2025-10-06 10:00:00,3721.43
2025-10-06 11:00:00,3506.22
2025-10-06 12:00:00,3328.09
2025-10-06 13:00:00,3180.7
2025-10-06 14:00:00,2931.13
2025-10-06 15:00:00,2937.28
2025-10-06 16:00:00,2785.55
2025-10-06 17:00:00,3408.56
2025-10-06 18:00:00,4120.19
2025-10-06 19:00:00,4427.26
2025-10-06 20:00:00,4137.91
2025-10-06 21:00:00,3695.75
2025-10-06 22:00:00,3509.84
2025-10-06 23:00:00,2606.52
2025-10-07 00:00:00,2158.93
2025-10-07 01:00:00,1801.22
2025-10-07 02:00:00,1657.62
2025-10-07 03:00:00,1667.75
2025-10-07 04:00:00,1670.65
2025-10-07 05:00:00,1925.09
2025-10-07 06:00:00,3150.5
2025-10-07 07:00:00,4062.32
2025-10-07 08:00:00,4111.15
2025-10-07 09:00:00,4335.58
2025-10-07 10:00:00,4129.23
2025-10-07 11:00:00,3832.65
2025-10-07 12:00:00,3529.91
2025-10-07 13:00:00,3336.41
2025-10-07 14:00:00,3525.57
2025-10-07 15:00:00,3525.39
2025-10-07 16:00:00,3596.28
2025-10-07 17:00:00,4618.42
2025-10-07 18:00:00,4673.76
2025-10-07 19:00:00,4261.97
2025-10-07 20:00:00,4276.98
2025-10-07 21:00:00,4229.06
2025-10-07 22:00:00,3442.02
2025-10-07 23:00:00,2845.41
2025-10-08 00:00:00,2241.21
2025-10-08 01:00:00,1875.72
2025-10-08 02:00:00,1664.68
2025-10-08 03:00:00,1750.76
2025-10-08 04:00:00,1859.63
2025-10-08 05:00:00,2226.02
2025-10-08 06:00:00,3215.6
2025-10-08 07:00:00,4529.62
2025-10-08 08:00:00,4358.9
2025-10-08 09:00:00,4512.62
2025-10-08 10:00:00,4196.33
2025-10-08 11:00:00,3808.77
2025-10-08 12:00:00,3648.0
2025-10-08 13:00:00,3314.16
2025-10-08 14:00:00,3482.53
2025-10-08 15:00:00,3469.51
2025-10-08 16:00:00,3609.85
2025-10-08 17:00:00,3793.95
2025-10-08 18:00:00,4361.26
2025-10-08 19:00:00,5000.0
2025-10-08 20:00:00,5097.66
2025-10-08 21:00:00,4277.71
2025-10-08 22:00:00,3644.39
2025-10-08 23:00:00,2817.02
2025-10-09 00:00:00,2280.45
2025-10-09 01:00:00,2017.14
2025-10-09 02:00:00,1852.03
2025-10-09 03:00:00,1758.72
2025-10-09 04:00:00,1817.85
2025-10-09 05:00:00,2280.09
2025-10-09 06:00:00,3840.42
2025-10-09 07:00:00,4764.9
2025-10-09 08:00:00,4816.62
2025-10-09 09:00:00,4734.16
2025-10-09 10:00:00,4637.77
2025-10-09 11:00:00,3917.64
2025-10-09 12:00:00,3662.29
2025-10-09 13:00:00,3798.65
2025-10-09 14:00:00,3188.3
2025-10-09 15:00:00,2616.65
2025-10-09 16:00:00,3697.01
2025-10-09 17:00:00,4031.03
2025-10-09 18:00:00,4170.46
2025-10-09 19:00:00,4141.71
2025-10-09 20:00:00,4702.33
2025-10-09 21:00:00,4735.97
2025-10-09 22:00:00,4035.01
2025-10-09 23:00:00,3485.24
2025-10-10 00:00:00,2272.86
2025-10-10 01:00:00,1856.37
2025-10-10 02:00:00,1739.73
2025-10-10 03:00:00,1749.86
2025-10-10 04:00:00,1855.83
2025-10-10 05:00:00,2409.4
2025-10-10 06:00:00,3557.76
2025-10-10 07:00:00,4365.23
2025-10-10 08:00:00,4208.26
2025-10-10 09:00:00,4240.27
2025-10-10 10:00:00,4097.76
2025-10-10 11:00:00,3736.62
2025-10-10 12:00:00,3635.34
2025-10-10 13:00:00,3447.63
2025-10-10 14:00:00,3616.54
2025-10-10 15:00:00,3426.47
2025-10-10 16:00:00,3489.22
2025-10-10 17:00:00,3910.41
2025-10-10 18:00:00,3902.63
2025-10-10 19:00:00,4144.24
2025-10-10 20:00:00,4479.17
2025-10-10 21:00:00,4236.29
2025-10-10 22:00:00,3884.37
2025-10-10 23:00:00,2794.96
2025-10-11 00:00:00,2365.99
2025-10-11 01:00:00,2118.42
2025-10-11 02:00:00,1842.45
2025-10-11 03:00:00,1780.96
2025-10-11 04:00:00,1858.72
2025-10-11 05:00:00,2082.43
2025-10-11 06:00:00,3735.35
2025-10-11 07:00:00,4176.07
2025-10-11 08:00:00,4709.74
2025-10-11 09:00:00,4758.75
2025-10-11 10:00:00,3961.59
2025-10-11 11:00:00,3582.72
2025-10-11 12:00:00,3701.35
2025-10-11 13:00:00,3360.64
2025-10-11 14:00:00,3378.18
2025-10-11 15:00:00,3592.66
2025-10-11 16:00:00,3384.51
2025-10-11 17:00:00,3624.86
2025-10-11 18:00:00,3594.84
2025-10-11 19:00:00,3949.83
2025-10-11 20:00:00,3802.63
2025-10-11 21:00:00,3989.44
2025-10-11 22:00:00,3396.09
2025-10-11 23:00:00,2856.08
2025-10-12 00:00:00,2413.38
2025-10-12 01:00:00,1769.21
2025-10-12 02:00:00,1739.55
2025-10-12 03:00:00,1737.02
2025-10-12 04:00:00,2107.75
2025-10-12 05:00:00,2292.21
2025-10-12 06:00:00,3687.43
2025-10-12 07:00:00,3734.27
2025-10-12 08:00:00,3974.61
2025-10-12 09:00:00,4023.44
2025-10-12 10:00:00,3804.8
2025-10-12 11:00:00,3517.25
2025-10-12 12:00:00,3336.95
2025-10-12 13:00:00,3234.23
2025-10-12 14:00:00,3234.77
2025-10-12 15:00:00,3287.04
2025-10-12 16:00:00,3481.45
2025-10-12 17:00:00,3546.91
2025-10-12 18:00:00,3813.66
2025-10-12 19:00:00,3950.01
2025-10-12 20:00:00,4258.17
2025-10-12 21:00:00,3941.15
2025-10-12 22:00:00,3240.38
2025-10-12 23:00:00,2776.51
2025-10-13 00:00:00,2094.55
2025-10-13 01:00:00,1831.6
2025-10-13 02:00:00,1795.43
2025-10-13 03:00:00,1703.74
2025-10-13 04:00:00,1771.74
2025-10-13 05:00:00,2268.16
2025-10-13 06:00:00,3236.04
2025-10-13 07:00:00,3821.61
2025-10-13 08:00:00,3901.73
2025-10-13 09:00:00,3881.66
2025-10-13 10:00:00,3357.57
2025-10-13 11:00:00,3302.05
2025-10-13 12:00:00,3696.65
2025-10-13 13:00:00,3861.94
2025-10-13 14:00:00,3405.13
2025-10-13 15:00:00,3100.95
2025-10-13 16:00:00,3308.74
2025-10-13 17:00:00,3341.47
2025-10-13 18:00:00,3411.1
2025-10-13 19:00:00,3750.54
2025-10-13 20:00:00,3950.74
2025-10-13 21:00:00,4008.25
2025-10-13 22:00:00,3442.74
2025-10-13 23:00:00,2545.21
2025-10-14 00:00:00,2253.33
2025-10-14 01:00:00,1939.38
2025-10-14 02:00:00,1691.26
2025-10-14 03:00:00,1774.09
2025-10-14 04:00:00,1814.6
2025-10-14 05:00:00,2371.78
2025-10-14 06:00:00,3540.58
2025-10-14 07:00:00,4115.13
2025-10-14 08:00:00,4242.44
2025-10-14 09:00:00,4266.31
2025-10-14 10:00:00,4166.67
2025-10-14 11:00:00,3557.22
2025-10-14 12:00:00,3482.53
2025-10-14 13:00:00,3247.61
2025-10-14 14:00:00,3285.77
2025-10-14 15:00:00,3376.01
2025-10-14 16:00:00,3510.2
2025-10-14 17:00:00,3677.66
2025-10-14 18:00:00,4010.42
2025-10-14 19:00:00,4653.32
2025-10-14 20:00:00,4975.77
2025-10-14 21:00:00,4387.3
2025-10-14 22:00:00,3751.08
2025-10-14 23:00:00,2886.65
2025-10-15 00:00:00,2298.36
2025-10-15 01:00:00,1856.19
2025-10-15 02:00:00,1784.4
2025-10-15 03:00:00,1804.65
2025-10-15 04:00:00,1797.06
2025-10-15 05:00:00,2187.68
2025-10-15 06:00:00,3340.75
2025-10-15 07:00:00,4324.73
2025-10-15 08:00:00,4121.64
2025-10-15 09:00:00,4091.62
2025-10-15 10:00:00,3748.37
2025-10-15 11:00:00,3531.18
2025-10-15 12:00:00,3436.23
2025-10-15 13:00:00,3162.25
2025-10-15 14:00:00,3725.22
2025-10-15 15:00:00,3641.85
2025-10-15 16:00:00,3133.14
2025-10-15 17:00:00,3489.94
2025-10-15 18:00:00,3645.47
2025-10-15 19:00:00,3676.03
2025-10-15 20:00:00,4124.89
2025-10-15 21:00:00,4036.46
2025-10-15 22:00:00,3287.04
2025-10-15 23:00:00,2434.9
2025-10-16 00:00:00,1799.95
2025-10-16 01:00:00,1598.67
2025-10-16 02:00:00,1637.37
2025-10-16 03:00:00,1659.98
2025-10-16 04:00:00,1688.01
2025-10-16 05:00:00,1955.48
2025-10-16 06:00:00,3231.52
2025-10-16 07:00:00,3925.42
2025-10-16 08:00:00,4390.19
2025-10-16 09:00:00,4346.61
2025-10-16 10:00:00,3979.85
2025-10-16 11:00:00,3499.53
2025-10-16 12:00:00,3388.31
2025-10-16 13:00:00,3247.97
2025-10-16 14:00:00,3323.93
2025-10-16 15:00:00,3019.75
2025-10-16 16:00:00,2999.86
2025-10-16 17:00:00,3251.23
2025-10-16 18:00:00,3568.43
2025-10-16 19:00:00,3720.34
2025-10-16 20:00:00,3936.27
2025-10-16 21:00:00,4160.7
2025-10-16 22:00:00,3236.22
2025-10-16 23:00:00,2749.2
2025-10-17 00:00:00,1906.47
2025-10-17 01:00:00,1654.37
2025-10-17 02:00:00,1741.17
2025-10-17 03:00:00,1630.5
2025-10-17 04:00:00,1795.79
2025-10-17 05:00:00,1941.37
2025-10-17 06:00:00,3039.46
2025-10-17 07:00:00,3889.25
2025-10-17 08:00:00,3925.42
2025-10-17 09:00:00,4539.75
2025-10-17 10:00:00,4582.43
2025-10-17 11:00:00,3686.34
2025-10-17 12:00:00,3485.24
2025-10-17 13:00:00,3221.57
2025-10-17 14:00:00,3322.48
2025-10-17 15:00:00,3203.85
2025-10-17 16:00:00,3227.18
2025-10-17 17:00:00,3681.1
2025-10-17 18:00:00,3853.08
2025-10-17 19:00:00,4099.03
2025-10-17 20:00:00,4160.88
2025-10-17 21:00:00,3877.13
2025-10-17 22:00:00,3370.59
2025-10-17 23:00:00,2649.02
2025-10-18 00:00:00,2036.31
2025-10-18 01:00:00,1648.4
2025-10-18 02:00:00,1613.14
2025-10-18 03:00:00,1521.63
2025-10-18 04:00:00,1886.75
2025-10-18 05:00:00,2036.68
2025-10-18 06:00:00,2781.39
2025-10-18 07:00:00,3437.68
2025-10-18 08:00:00,3549.99
2025-10-18 09:00:00,3687.43
2025-10-18 10:00:00,3601.35
2025-10-18 11:00:00,3331.71
2025-10-18 12:00:00,3218.5
2025-10-18 13:00:00,2954.46
2025-10-18 14:00:00,2962.96
2025-10-18 15:00:00,3081.96
2025-10-18 16:00:00,3052.66
2025-10-18 17:00:00,3162.98
2025-10-18 18:00:00,3941.33
2025-10-18 19:00:00,4157.62
2025-10-18 20:00:00,3580.73
2025-10-18 21:00:00,3612.92
2025-10-18 22:00:00,3213.61
2025-10-18 23:00:00,2643.95
2025-10-19 00:00:00,1793.08
2025-10-19 01:00:00,1625.43
2025-10-19 02:00:00,1611.51
2025-10-19 03:00:00,1616.03
2025-10-19 04:00:00,1709.71
2025-10-19 05:00:00,1744.79
2025-10-19 06:00:00,2616.28
2025-10-19 07:00:00,3072.92
2025-10-19 08:00:00,3367.15
2025-10-19 09:00:00,3626.84
2025-10-19 10:00:00,3553.78
2025-10-19 11:00:00,3347.98
2025-10-19 12:00:00,3146.7
2025-10-19 13:00:00,2913.77
2025-10-19 14:00:00,3000.76
2025-10-19 15:00:00,2973.81
2025-10-19 16:00:00,3160.26
2025-10-19 17:00:00,3368.78
2025-10-19 18:00:00,4330.33
2025-10-19 19:00:00,4436.67
2025-10-19 20:00:00,3790.33
2025-10-19 21:00:00,3573.13
2025-10-19 22:00:00,2955.55
2025-10-19 23:00:00,2513.56
2025-10-20 00:00:00,1849.14
2025-10-20 01:00:00,1612.59
2025-10-20 02:00:00,1589.99
2025-10-20 03:00:00,1546.59
2025-10-20 04:00:00,1676.25
2025-10-20 05:00:00,1943.9
2025-10-20 06:00:00,2971.82
2025-10-20 07:00:00,3600.98
2025-10-20 08:00:00,3760.67
2025-10-20 09:00:00,3745.48
2025-10-20 10:00:00,3622.5
2025-10-20 11:00:00,3342.01
2025-10-20 12:00:00,3181.24
2025-10-20 13:00:00,3046.51
2025-10-20 14:00:00,3165.33
2025-10-20 15:00:00,2981.59
2025-10-20 16:00:00,2910.34
2025-10-20 17:00:00,3367.15
2025-10-20 18:00:00,4032.66
2025-10-20 19:00:00,3823.6
2025-10-20 20:00:00,3811.85
2025-10-20 21:00:00,3877.5
2025-10-20 22:00:00,3072.55
2025-10-20 23:00:00,2549.91
2025-10-21 00:00:00,1806.46
2025-10-21 01:00:00,1564.67
2025-10-21 02:00:00,1613.32
2025-10-21 03:00:00,1632.67
2025-10-21 04:00:00,1670.46
2025-10-21 05:00:00,1755.64
2025-10-21 06:00:00,2885.02
2025-10-21 07:00:00,3754.7
2025-10-21 08:00:00,3625.58
2025-10-21 09:00:00,3655.6
2025-10-21 10:00:00,3653.43
2025-10-21 11:00:00,3510.74
2025-10-21 12:00:00,3589.77
2025-10-21 13:00:00,3129.34
2025-10-21 14:00:00,3210.9
2025-10-21 15:00:00,2880.32
2025-10-21 16:00:00,3378.73
2025-10-21 17:00:00,3432.62
2025-10-21 18:00:00,3596.28
2025-10-21 19:00:00,3680.37
2025-10-21 20:00:00,3922.71
2025-10-21 21:00:00,4074.25
2025-10-21 22:00:00,3374.57
2025-10-21 23:00:00,2696.04
2025-10-22 00:00:00,1701.93
2025-10-22 01:00:00,1662.51
2025-10-22 02:00:00,1779.69
2025-10-22 03:00:00,1586.01
2025-10-22 04:00:00,1671.19
2025-10-22 05:00:00,2301.07
2025-10-22 06:00:00,3077.26
2025-10-22 07:00:00,4260.34
2025-10-22 08:00:00,4726.2
2025-10-22 09:00:00,4733.8
2025-10-22 10:00:00,4069.19
2025-10-22 11:00:00,3864.11
2025-10-22 12:00:00,3646.92
2025-10-22 13:00:00,3217.41
2025-10-22 14:00:00,3469.15
2025-10-22 15:00:00,3336.77
2025-10-22 16:00:00,3048.32
2025-10-22 17:00:00,3734.45
2025-10-22 18:00:00,3543.84
2025-10-22 19:00:00,3887.26
2025-10-22 20:00:00,4199.76
2025-10-22 21:00:00,4209.53
2025-10-22 22:00:00,3392.65
2025-10-22 23:00:00,2446.47
2025-10-23 00:00:00,1778.43
2025-10-23 01:00:00,1610.06
2025-10-23 02:00:00,1600.84
2025-10-23 03:00:00,1572.81
2025-10-23 04:00:00,1714.59
2025-10-23 05:00:00,2232.53
2025-10-23 06:00:00,3138.56
2025-10-23 07:00:00,4291.81
2025-10-23 08:00:00,4239.19
2025-10-23 09:00:00,4378.26
2025-10-23 10:00:00,4355.29
2025-10-23 11:00:00,3990.52
2025-10-23 12:00:00,3328.63
2025-10-23 13:00:00,3526.66
2025-10-23 14:00:00,3545.28
2025-10-23 15:00:00,3410.55
2025-10-23 16:00:00,2519.53
2025-10-23 17:00:00,4206.81
2025-10-23 18:00:00,4514.97
2025-10-23 19:00:00,4278.07
2025-10-23 20:00:00,4536.68
2025-10-23 21:00:00,4141.35
2025-10-23 22:00:00,3827.4
2025-10-23 23:00:00,2673.61
2025-10-24 00:00:00,1851.49
2025-10-24 01:00:00,1710.43
2025-10-24 02:00:00,1648.04
2025-10-24 03:00:00,1760.16
2025-10-24 04:00:00,1736.83
2025-10-24 05:00:00,2157.66
2025-10-24 06:00:00,3100.77
2025-10-24 07:00:00,4230.32
2025-10-24 08:00:00,4159.98
2025-10-24 09:00:00,4260.34
2025-10-24 10:00:00,4296.33
2025-10-24 11:00:00,3848.74
2025-10-24 12:00:00,3727.39
2025-10-24 13:00:00,3348.71
2025-10-24 14:00:00,3516.17
2025-10-24 15:00:00,3308.56
2025-10-24 16:00:00,3512.01
2025-10-24 17:00:00,3500.61
2025-10-24 18:00:00,3531.9
2025-10-24 19:00:00,3608.4
2025-10-24 20:00:00,3972.8
2025-10-24 21:00:00,3995.77
2025-10-24 22:00:00,3410.55
2025-10-24 23:00:00,2655.53
2025-10-25 00:00:00,2039.57
2025-10-25 01:00:00,1912.62
2025-10-25 02:00:00,1913.34
2025-10-25 03:00:00,1993.82
2025-10-25 04:00:00,2022.75
2025-10-25 05:00:00,2320.42
2025-10-25 06:00:00,2797.49
2025-10-25 07:00:00,3818.18
2025-10-25 08:00:00,3858.69
2025-10-25 09:00:00,4164.68
2025-10-25 10:00:00,3861.4
2025-10-25 11:00:00,3552.34
2025-10-25 12:00:00,3278.36
2025-10-25 13:00:00,3126.45
2025-10-25 14:00:00,3305.48
2025-10-25 15:00:00,3022.28
2025-10-25 16:00:00,2968.93
2025-10-25 17:00:00,3437.5
2025-10-25 18:00:00,3615.81
2025-10-25 19:00:00,3566.44
2025-10-25 20:00:00,3899.92
2025-10-25 21:00:00,3552.34
2025-10-25 22:00:00,3347.98
2025-10-25 23:00:00,2665.11
2025-10-26 00:00:00,1833.41
2025-10-26 01:00:00,1688.37
2025-10-26 02:00:00,1730.32
2025-10-26 03:00:00,1700.3
2025-10-26 04:00:00,1835.21
2025-10-26 05:00:00,2069.23
2025-10-26 06:00:00,2700.56
2025-10-26 07:00:00,3520.33
2025-10-26 08:00:00,3621.06
2025-10-26 09:00:00,3862.49
2025-10-26 10:00:00,4631.62
2025-10-26 11:00:00,4320.75
2025-10-26 12:00:00,3341.29
2025-10-26 13:00:00,3367.51
2025-10-26 14:00:00,3138.56
2025-10-26 15:00:00,3103.66
2025-10-26 16:00:00,2972.37
2025-10-26 17:00:00,3419.23
2025-10-26 18:00:00,3722.15
2025-10-26 19:00:00,3823.24
2025-10-26 20:00:00,3847.11
2025-10-26 21:00:00,3848.2
2025-10-26 22:00:00,3281.97
2025-10-26 23:00:00,2651.37
2025-10-27 00:00:00,2046.62
2025-10-27 01:00:00,1564.49
2025-10-27 02:00:00,1622.18
2025-10-27 03:00:00,1562.14
2025-10-27 04:00:00,1571.72
2025-10-27 05:00:00,1852.03
2025-10-27 06:00:00,2981.59
2025-10-27 07:00:00,4059.06
2025-10-27 08:00:00,4032.3
2025-10-27 09:00:00,4121.64
2025-10-27 10:00:00,3814.02
2025-10-27 11:00:00,3247.43
2025-10-27 12:00:00,3021.56
2025-10-27 13:00:00,3067.67
2025-10-27 14:00:00,2961.15
2025-10-27 15:00:00,2839.81
2025-10-27 16:00:00,3472.95
2025-10-27 17:00:00,3395.91
2025-10-27 18:00:00,3484.34
2025-10-27 19:00:00,4346.79
2025-10-27 20:00:00,4693.11
2025-10-27 21:00:00,4108.62
2025-10-27 22:00:00,3438.04
2025-10-27 23:00:00,2836.01
2025-10-28 00:00:00,1907.55
2025-10-28 01:00:00,1751.84
2025-10-28 02:00:00,1745.88
2025-10-28 03:00:00,1585.47
2025-10-28 04:00:00,1685.47
2025-10-28 05:00:00,2123.48
2025-10-28 06:00:00,3074.73
2025-10-28 07:00:00,4172.45
2025-10-28 08:00:00,4350.95
2025-10-28 09:00:00,4102.83
2025-10-28 10:00:00,4092.34
2025-10-28 11:00:00,3621.42
2025-10-28 12:00:00,3452.69
2025-10-28 13:00:00,3309.64
2025-10-28 14:00:00,3495.91
2025-10-28 15:00:00,3147.06
2025-10-28 16:00:00,3349.43
2025-10-28 17:00:00,3396.27
2025-10-28 18:00:00,3595.38
2025-10-28 19:00:00,3914.21
2025-10-28 20:00:00,4276.08
2025-10-28 21:00:00,4827.29
2025-10-28 22:00:00,3942.78
2025-10-28 23:00:00,2674.33
2025-10-29 00:00:00,2077.37
2025-10-29 01:00:00,1645.33
2025-10-29 02:00:00,1597.4
2025-10-29 03:00:00,1513.31
2025-10-29 04:00:00,1632.13
2025-10-29 05:00:00,1857.46
2025-10-29 06:00:00,3095.34
2025-10-29 07:00:00,4125.43
2025-10-29 08:00:00,4175.89
2025-10-29 09:00:00,4170.65
2025-10-29 10:00:00,3523.4
2025-10-29 11:00:00,3416.34
2025-10-29 12:00:00,3713.83
2025-10-29 13:00:00,2990.63
2025-10-29 14:00:00,3235.32
2025-10-29 15:00:00,3283.42
2025-10-29 16:00:00,3255.93
2025-10-29 17:00:00,3323.21
2025-10-29 18:00:00,3462.64
2025-10-29 19:00:00,3791.23
2025-10-29 20:00:00,4141.71
2025-10-29 21:00:00,3997.4
2025-10-29 22:00:00,3676.76
2025-10-29 23:00:00,3412.54
2025-10-30 00:00:00,2201.61
2025-10-30 01:00:00,1704.1
2025-10-30 02:00:00,1476.06
2025-10-30 03:00:00,1630.5
2025-10-30 04:00:00,1617.3
2025-10-30 05:00:00,1956.92
2025-10-30 06:00:00,2972.19
2025-10-30 07:00:00,3608.4
2025-10-30 08:00:00,3809.14
2025-10-30 09:00:00,3814.2
2025-10-30 10:00:00,3703.34
2025-10-30 11:00:00,3383.25
2025-10-30 12:00:00,3240.74
2025-10-30 13:00:00,3186.85
2025-10-30 14:00:00,2989.19
2025-10-30 15:00:00,2807.8
2025-10-30 16:00:00,2868.38
2025-10-30 17:00:00,3442.02
2025-10-30 18:00:00,3319.59
2025-10-30 19:00:00,3655.24
2025-10-30 20:00:00,3858.15
2025-10-30 21:00:00,3940.43
2025-10-30 22:00:00,3157.19
2025-10-30 23:00:00,2522.42
2025-10-31 00:00:00,1773.73
2025-10-31 01:00:00,1616.03
2025-10-31 02:00:00,1486.0
2025-10-31 03:00:00,1589.63
2025-10-31 04:00:00,1538.45
2025-10-31 05:00:00,1818.76
2025-10-31 06:00:00,3214.88
2025-10-31 07:00:00,4554.58
2025-10-31 08:00:00,3969.91
2025-10-31 09:00:00,3920.54
2025-10-31 10:00:00,3751.08
2025-10-31 11:00:00,3309.64
2025-10-31 12:00:00,3319.95
2025-10-31 13:00:00,3235.13
2025-10-31 14:00:00,3301.32
2025-10-31 15:00:00,2948.68
2025-10-31 16:00:00,3236.4
2025-10-31 17:00:00,3475.12
2025-10-31 18:00:00,3255.39
2025-10-31 19:00:00,3355.76
2025-10-31 20:00:00,3790.15
2025-10-31 21:00:00,3768.63
2025-10-31 22:00:00,3114.51
2025-10-31 23:00:00,2574.15
2025-11-01 00:00:00,2041.74
2025-11-01 01:00:00,1523.26
2025-11-01 02:00:00,1435.91
2025-11-01 03:00:00,1566.66
2025-11-01 04:00:00,1711.7
2025-11-01 05:00:00,1778.43
2025-11-01 06:00:00,2694.95
2025-11-01 07:00:00,3677.84
2025-11-01 08:00:00,3671.15
2025-11-01 09:00:00,3789.06
2025-11-01 10:00:00,3777.13
2025-11-01 11:00:00,3659.94
2025-11-01 12:00:00,3512.01
2025-11-01 13:00:00,3190.28
2025-11-01 14:00:00,3144.53
2025-11-01 15:00:00,3554.33
2025-11-01 16:00:00,3876.23
2025-11-01 17:00:00,3312.9
2025-11-01 18:00:00,3361.18
2025-11-01 19:00:00,3377.28
2025-11-01 20:00:00,3541.3
2025-11-01 21:00:00,3669.89
2025-11-01 22:00:00,3224.46
2025-11-01 23:00:00,2416.45
2025-11-02 00:00:00,1925.27
2025-11-02 01:00:00,1620.19
2025-11-02 02:00:00,1500.29
2025-11-02 03:00:00,1482.75
2025-11-02 04:00:00,1603.91
2025-11-02 05:00:00,1716.22
2025-11-02 06:00:00,2552.08
2025-11-02 07:00:00,3313.8
2025-11-02 08:00:00,3801.18
2025-11-02 09:00:00,3856.16
2025-11-02 10:00:00,4241.72
2025-11-02 11:00:00,4218.93
2025-11-02 12:00:00,3740.05
2025-11-02 13:00:00,3347.08
2025-11-02 14:00:00,3386.14
2025-11-02 15:00:00,3064.06
2025-11-02 16:00:00,3183.23
2025-11-02 17:00:00,3462.82
2025-11-02 18:00:00,3684.35
2025-11-02 19:00:00,3538.77
2025-11-02 20:00:00,3733.18
2025-11-02 21:00:00,3550.53
2025-11-02 22:00:00,3059.53
2025-11-02 23:00:00,2297.27
2025-11-03 00:00:00,1688.55
2025-11-03 01:00:00,1494.14
2025-11-03 02:00:00,1430.12
2025-11-03 03:00:00,1468.64
2025-11-03 04:00:00,1556.89
2025-11-03 05:00:00,1988.93
2025-11-03 06:00:00,2874.89
2025-11-03 07:00:00,4033.38
2025-11-03 08:00:00,3867.73
2025-11-03 09:00:00,4684.06
2025-11-03 10:00:00,4713.54
2025-11-03 11:00:00,3517.8
2025-11-03 12:00:00,3519.6
2025-11-03 13:00:00,3189.38
2025-11-03 14:00:00,3388.31
2025-11-03 15:00:00,3240.56
2025-11-03 16:00:00,2781.58
2025-11-03 17:00:00,3580.73
2025-11-03 18:00:00,3464.63
2025-11-03 19:00:00,3698.1
2025-11-03 20:00:00,4022.17
2025-11-03 21:00:00,3935.19
2025-11-03 22:00:00,3381.26
2025-11-03 23:00:00,2419.34
2025-11-04 00:00:00,2153.86
2025-11-04 01:00:00,1657.44
2025-11-04 02:00:00,1603.91
2025-11-04 03:00:00,1603.91
2025-11-04 04:00:00,1610.24
2025-11-04 05:00:00,1757.99
2025-11-04 06:00:00,2882.67
2025-11-04 07:00:00,4194.34
2025-11-04 08:00:00,4209.71
2025-11-04 09:00:00,4062.32
2025-11-04 10:00:00,4008.61
2025-11-04 11:00:00,4131.94
2025-11-04 12:00:00,4285.48
2025-11-04 13:00:00,3182.69
2025-11-04 14:00:00,3352.32
2025-11-04 15:00:00,3255.03
2025-11-04 16:00:00,3110.71
2025-11-04 17:00:00,3432.98
2025-11-04 18:00:00,3739.69
2025-11-04 19:00:00,3731.01
2025-11-04 20:00:00,4322.92
2025-11-04 21:00:00,4521.48
2025-11-04 22:00:00,3761.39
2025-11-04 23:00:00,2674.7
2025-11-05 00:00:00,1971.57
2025-11-05 01:00:00,1579.68
2025-11-05 02:00:00,1469.55
2025-11-05 03:00:00,1582.75
2025-11-05 04:00:00,1554.54
2025-11-05 05:00:00,1880.97
2025-11-05 06:00:00,2881.94
2025-11-05 07:00:00,3869.0
2025-11-05 08:00:00,4354.56
2025-11-05 09:00:00,4429.61
2025-11-05 10:00:00,4694.91
2025-11-05 11:00:00,3911.13
2025-11-05 12:00:00,3552.34
2025-11-05 13:00:00,3264.79
2025-11-05 14:00:00,3532.08
2025-11-05 15:00:00,3422.13
2025-11-05 16:00:00,3188.66
2025-11-05 17:00:00,3433.88
2025-11-05 18:00:00,3625.58
2025-11-05 19:00:00,3710.21
2025-11-05 20:00:00,4005.35
2025-11-05 21:00:00,4085.29
2025-11-05 22:00:00,3364.08
2025-11-05 23:00:00,2547.74
2025-11-06 00:00:00,1916.41
2025-11-06 01:00:00,1534.11
2025-11-06 02:00:00,1671.73
2025-11-06 03:00:00,1527.42
2025-11-06 04:00:00,1659.25
2025-11-06 05:00:00,2034.32
2025-11-06 06:00:00,2839.27
2025-11-06 07:00:00,3524.12
2025-11-06 08:00:00,3740.78
2025-11-06 09:00:00,3766.64
2025-11-06 10:00:00,3406.21
2025-11-06 11:00:00,3608.22
2025-11-06 12:00:00,3428.46
2025-11-06 13:00:00,3224.46
2025-11-06 14:00:00,2770.18
2025-11-06 15:00:00,2565.28
2025-11-06 16:00:00,2881.76
2025-11-06 17:00:00,4129.59
2025-11-06 18:00:00,3629.38
2025-11-06 19:00:00,3293.73
2025-11-06 20:00:00,3860.32
2025-11-06 21:00:00,3784.36
2025-11-06 22:00:00,3053.39
2025-11-06 23:00:00,2420.79
2025-11-07 00:00:00,1855.11
2025-11-07 01:00:00,1614.22
2025-11-07 02:00:00,1605.54
2025-11-07 03:00:00,1571.9
2025-11-07 04:00:00,1635.92
2025-11-07 05:00:00,2022.93
2025-11-07 06:00:00,2773.26
2025-11-07 07:00:00,3574.22
2025-11-07 08:00:00,3585.61
2025-11-07 09:00:00,3803.17
2025-11-07 10:00:00,3508.03
2025-11-07 11:00:00,3170.39
2025-11-07 12:00:00,3358.83
2025-11-07 13:00:00,2958.26
2025-11-07 14:00:00,3011.07
2025-11-07 15:00:00,3003.65
2025-11-07 16:00:00,3106.73
2025-11-07 17:00:00,3193.36
2025-11-07 18:00:00,3156.83
2025-11-07 19:00:00,3387.23
2025-11-07 20:00:00,3482.17
2025-11-07 21:00:00,3540.4
2025-11-07 22:00:00,3038.38
2025-11-07 23:00:00,2363.28
2025-11-08 00:00:00,1817.13
2025-11-08 01:00:00,1674.62
2025-11-08 02:00:00,1897.24
2025-11-08 03:00:00,1908.28
2025-11-08 04:00:00,1919.49
2025-11-08 05:00:00,2098.52
2025-11-08 06:00:00,2624.96
2025-11-08 07:00:00,3265.7
2025-11-08 08:00:00,3696.65
2025-11-08 09:00:00,3645.29
2025-11-08 10:00:00,3690.86
2025-11-08 11:00:00,3312.9
2025-11-08 12:00:00,3153.57
2025-11-08 13:00:00,2889.36
2025-11-08 14:00:00,2891.53
2025-11-08 15:00:00,2622.97
2025-11-08 16:00:00,2912.15
2025-11-08 17:00:00,3075.27
2025-11-08 18:00:00,3184.14
2025-11-08 19:00:00,3274.2
2025-11-08 20:00:00,3502.06
2025-11-08 21:00:00,3543.48
2025-11-08 22:00:00,3018.12
2025-11-08 23:00:00,2345.56
2025-11-09 00:00:00,1816.59
2025-11-09 01:00:00,1536.64
2025-11-09 02:00:00,1604.82
2025-11-09 03:00:00,1509.69
2025-11-09 04:00:00,1497.94
2025-11-09 05:00:00,1667.21
2025-11-09 06:00:00,2286.24
2025-11-09 07:00:00,2894.97
2025-11-09 08:00:00,3289.39
2025-11-09 09:00:00,3299.52
2025-11-09 10:00:00,3355.22
2025-11-09 11:00:00,3911.86
2025-11-09 12:00:00,3583.62
2025-11-09 13:00:00,2763.49
2025-11-09 14:00:00,2619.72
2025-11-09 15:00:00,2677.59
2025-11-09 16:00:00,2728.23
2025-11-09 17:00:00,3200.77
2025-11-09 18:00:00,3228.99
2025-11-09 19:00:00,3428.64
2025-11-09 20:00:00,3634.62
2025-11-09 21:00:00,3535.52
2025-11-09 22:00:00,2817.02
2025-11-09 23:00:00,2205.95
2025-11-10 00:00:00,1703.2
2025-11-10 01:00:00,1673.54
2025-11-10 02:00:00,1420.36
2025-11-10 03:00:00,1544.23
2025-11-10 04:00:00,1466.47
2025-11-10 05:00:00,1619.65
2025-11-10 06:00:00,2642.69
2025-11-10 07:00:00,3669.7
2025-11-10 08:00:00,4267.76
2025-11-10 09:00:00,4353.48
2025-11-10 10:00:00,3364.44
2025-11-10 11:00:00,3457.75
2025-11-10 12:00:00,3247.97
2025-11-10 13:00:00,3285.41
2025-11-10 14:00:00,3090.64
2025-11-10 15:00:00,2550.09
2025-11-10 16:00:00,2989.91
2025-11-10 17:00:00,3150.5
2025-11-10 18:00:00,3123.55
2025-11-10 19:00:00,3270.76
2025-11-10 20:00:00,3818.36
2025-11-10 21:00:00,3576.75
2025-11-10 22:00:00,3136.57
2025-11-10 23:00:00,2445.57
2025-11-11 00:00:00,1839.55
2025-11-11 01:00:00,1836.48
2025-11-11 02:00:00,1833.41
2025-11-11 03:00:00,1844.8
2025-11-11 04:00:00,1707.72
2025-11-11 05:00:00,1977.72
2025-11-11 06:00:00,2726.06
2025-11-11 07:00:00,3927.59
2025-11-11 08:00:00,3832.28
2025-11-11 09:00:00,3989.62
2025-11-11 10:00:00,3661.75
2025-11-11 11:00:00,3569.7
2025-11-11 12:00:00,3310.19
2025-11-11 13:00:00,3143.63
2025-11-11 14:00:00,3461.37
2025-11-11 15:00:00,3114.69
2025-11-11 16:00:00,3168.22
2025-11-11 17:00:00,3281.43
2025-11-11 18:00:00,3354.31
2025-11-11 19:00:00,3476.56
2025-11-11 20:00:00,3897.21
2025-11-11 21:00:00,4476.45
2025-11-11 22:00:00,4126.7
2025-11-11 23:00:00,2345.2
2025-11-12 00:00:00,1892.0
2025-11-12 01:00:00,1556.71
2025-11-12 02:00:00,1614.58
2025-11-12 03:00:00,1563.22
2025-11-12 04:00:00,1623.99
2025-11-12 05:00:00,2025.64
2025-11-12 06:00:00,2828.6
2025-11-12 07:00:00,3741.5
2025-11-12 08:00:00,3645.47
2025-11-12 09:00:00,4037.91
2025-11-12 10:00:00,3535.34
2025-11-12 11:00:00,3475.48
2025-11-12 12:00:00,3134.22
2025-11-12 13:00:00,3145.62
2025-11-12 14:00:00,3074.18
2025-11-12 15:00:00,3009.08
2025-11-12 16:00:00,3165.33
2025-11-12 17:00:00,3286.13
2025-11-12 18:00:00,3316.7
2025-11-12 19:00:00,4071.18
2025-11-12 20:00:00,4697.27
2025-11-12 21:00:00,3984.38
2025-11-12 22:00:00,3032.59
2025-11-12 23:00:00,2467.27
2025-11-13 00:00:00,1769.57
2025-11-13 01:00:00,1489.98
2025-11-13 02:00:00,1481.48
2025-11-13 03:00:00,1810.8
2025-11-13 04:00:00,1584.2
2025-11-13 05:00:00,1799.41
2025-11-13 06:00:00,2842.7
2025-11-13 07:00:00,3882.38
2025-11-13 08:00:00,3961.77
2025-11-13 09:00:00,3874.78
2025-11-13 10:00:00,3843.68
2025-11-13 11:00:00,3526.3
2025-11-13 12:00:00,2925.89
2025-11-13 13:00:00,2958.26
2025-11-13 14:00:00,3492.48
2025-11-13 15:00:00,3502.6
2025-11-13 16:00:00,3666.09
2025-11-13 17:00:00,3712.93
2025-11-13 18:00:00,3387.23
2025-11-13 19:00:00,3561.2
2025-11-13 20:00:00,3937.54
2025-11-13 21:00:00,4015.84
2025-11-13 22:00:00,3257.38
2025-11-13 23:00:00,2403.25
2025-11-14 00:00:00,1842.99
2025-11-14 01:00:00,1549.48
2025-11-14 02:00:00,1631.4
2025-11-14 03:00:00,1564.85
2025-11-14 04:00:00,1727.07
2025-11-14 05:00:00,1811.52
2025-11-14 06:00:00,2870.19
2025-11-14 07:00:00,4585.32
2025-11-14 08:00:00,4717.52
2025-11-14 09:00:00,4484.77
2025-11-14 10:00:00,3849.28
2025-11-14 11:00:00,3597.73
2025-11-14 12:00:00,3238.39
2025-11-14 13:00:00,3125.72
2025-11-14 14:00:00,3170.03
2025-11-14 15:00:00,3273.29
2025-11-14 16:00:00,3124.82
2025-11-14 17:00:00,3152.85
2025-11-14 18:00:00,3326.64
2025-11-14 19:00:00,3583.62
2025-11-14 20:00:00,3687.97
2025-11-14 21:00:00,4032.48
2025-11-14 22:00:00,3162.62
2025-11-14 23:00:00,2615.74
2025-11-15 00:00:00,2055.12
2025-11-15 01:00:00,1560.87
2025-11-15 02:00:00,1455.62
2025-11-15 03:00:00,1690.54
2025-11-15 04:00:00,1760.71
2025-11-15 05:00:00,1943.72
2025-11-15 06:00:00,2531.11
2025-11-15 07:00:00,3732.82
2025-11-15 08:00:00,4126.16
2025-11-15 09:00:00,4057.8
2025-11-15 10:00:00,4502.86
2025-11-15 11:00:00,4348.23
2025-11-15 12:00:00,3413.45
2025-11-15 13:00:00,3070.38
2025-11-15 14:00:00,3347.98
2025-11-15 15:00:00,3139.29
2025-11-15 16:00:00,2954.1
2025-11-15 17:00:00,3446.18
2025-11-15 18:00:00,3240.02
2025-11-15 19:00:00,3393.37
2025-11-15 20:00:00,4214.05
2025-11-15 21:00:00,4362.34
2025-11-15 22:00:00,3224.28
2025-11-15 23:00:00,3016.49
2025-11-16 00:00:00,1963.98
2025-11-16 01:00:00,1811.34
2025-11-16 02:00:00,1771.01
2025-11-16 03:00:00,1656.0
2025-11-16 04:00:00,1570.28
2025-11-16 05:00:00,1624.35
2025-11-16 06:00:00,2791.52
2025-11-16 07:00:00,3602.07
2025-11-16 08:00:00,4201.57
2025-11-16 09:00:00,4158.35
2025-11-16 10:00:00,3849.1
2025-11-16 11:00:00,4305.74
2025-11-16 12:00:00,3824.51
2025-11-16 13:00:00,3338.94
2025-11-16 14:00:00,3198.6
2025-11-16 15:00:00,2985.21
2025-11-16 16:00:00,2947.41
2025-11-16 17:00:00,3414.89
2025-11-16 18:00:00,3330.44
2025-11-16 19:00:00,3671.51
2025-11-16 20:00:00,3684.9
2025-11-16 21:00:00,4273.55
2025-11-16 22:00:00,3800.09
2025-11-16 23:00:00,2983.76
2025-11-17 00:00:00,1801.22
2025-11-17 01:00:00,1574.98
2025-11-17 02:00:00,1537.0
2025-11-17 03:00:00,1441.15
2025-11-17 04:00:00,1586.73
2025-11-17 05:00:00,1859.27
2025-11-17 06:00:00,2767.47
2025-11-17 07:00:00,3625.76
2025-11-17 08:00:00,3887.26
2025-11-17 09:00:00,3667.9
2025-11-17 10:00:00,3347.08
2025-11-17 11:00:00,3359.92
2025-11-17 12:00:00,3483.62
2025-11-17 13:00:00,3408.56
2025-11-17 14:00:00,3065.68
2025-11-17 15:00:00,2760.6
2025-11-17 16:00:00,2815.57
2025-11-17 17:00:00,3225.37
2025-11-17 18:00:00,3078.88
2025-11-17 19:00:00,3394.82
2025-11-17 20:00:00,3279.98
2025-11-17 21:00:00,3263.35
2025-11-17 22:00:00,2826.97
2025-11-17 23:00:00,2179.36
2025-11-18 00:00:00,1583.66
2025-11-18 01:00:00,1481.84
2025-11-18 02:00:00,1643.7
2025-11-18 03:00:00,1815.32
2025-11-18 04:00:00,1879.34
2025-11-18 05:00:00,1971.39
2025-11-18 06:00:00,3064.6
2025-11-18 07:00:00,3775.5
2025-11-18 08:00:00,3726.13
2025-11-18 09:00:00,3889.07
2025-11-18 10:00:00,3554.51
2025-11-18 11:00:00,3461.73
2025-11-18 12:00:00,3364.08
2025-11-18 13:00:00,3042.9
2025-11-18 14:00:00,3136.03
2025-11-18 15:00:00,3003.47
2025-11-18 16:00:00,3032.59
2025-11-18 17:00:00,3324.65
2025-11-18 18:00:00,3108.36
2025-11-18 19:00:00,4087.46
2025-11-18 20:00:00,4445.17
2025-11-18 21:00:00,3852.0
2025-11-18 22:00:00,2993.53
2025-11-18 23:00:00,2338.87
2025-11-19 00:00:00,1821.29
2025-11-19 01:00:00,1644.78
2025-11-19 02:00:00,1548.39
2025-11-19 03:00:00,1562.86
2025-11-19 04:00:00,1526.69
2025-11-19 05:00:00,1924.19
2025-11-19 06:00:00,2678.67
2025-11-19 07:00:00,3740.23
2025-11-19 08:00:00,3935.19
2025-11-19 09:00:00,3803.71
2025-11-19 10:00:00,3658.13
2025-11-19 11:00:00,3397.35
2025-11-19 12:00:00,3653.61
2025-11-19 13:00:00,3644.39
2025-11-19 14:00:00,3851.63
2025-11-19 15:00:00,3864.11
2025-11-19 16:00:00,3196.98
2025-11-19 17:00:00,3504.96
2025-11-19 18:00:00,3181.6
2025-11-19 19:00:00,3422.85
2025-11-19 20:00:00,3861.22
2025-11-19 21:00:00,3842.59
2025-11-19 22:00:00,3209.09
2025-11-19 23:00:00,2473.24
2025-11-20 00:00:00,1744.97
2025-11-20 01:00:00,1566.12
2025-11-20 02:00:00,1620.91
2025-11-20 03:00:00,1649.85
2025-11-20 04:00:00,1656.0
2025-11-20 05:00:00,2016.06
2025-11-20 06:00:00,3497.9
2025-11-20 07:00:00,3851.82
2025-11-20 08:00:00,4010.06
2025-11-20 09:00:00,4045.68
2025-11-20 10:00:00,3653.07
2025-11-20 11:00:00,3287.04
2025-11-20 12:00:00,3323.39
2025-11-20 13:00:00,3192.09
2025-11-20 14:00:00,3572.77
2025-11-20 15:00:00,3310.37
2025-11-20 16:00:00,3242.91
2025-11-20 17:00:00,3446.0
2025-11-20 18:00:00,3282.34
2025-11-20 19:00:00,3925.24
2025-11-20 20:00:00,3918.55
2025-11-20 21:00:00,4382.41
2025-11-20 22:00:00,3255.93
2025-11-20 23:00:00,2337.06
2025-11-21 00:00:00,1793.08
2025-11-21 01:00:00,1625.8
2025-11-21 02:00:00,1655.82
2025-11-21 03:00:00,1590.17
2025-11-21 04:00:00,1703.2
2025-11-21 05:00:00,1752.57
2025-11-21 06:00:00,2938.55
2025-11-21 07:00:00,3953.09
2025-11-21 08:00:00,3852.0
2025-11-21 09:00:00,3871.53
2025-11-21 10:00:00,3593.57
2025-11-21 11:00:00,3349.07
2025-11-21 12:00:00,3275.28
2025-11-21 13:00:00,3158.46
2025-11-21 14:00:00,3104.75
2025-11-21 15:00:00,3261.9
2025-11-21 16:00:00,3719.26
2025-11-21 17:00:00,4117.66
2025-11-21 18:00:00,3418.69
2025-11-21 19:00:00,3460.47
2025-11-21 20:00:00,3646.74
2025-11-21 21:00:00,3691.04
2025-11-21 22:00:00,3228.99
2025-11-21 23:00:00,2348.63
2025-11-22 00:00:00,1840.28
2025-11-22 01:00:00,1536.82
2025-11-22 02:00:00,1475.33
2025-11-22 03:00:00,1693.07
2025-11-22 04:00:00,1753.83
2025-11-22 05:00:00,1895.8
2025-11-22 06:00:00,2438.15
2025-11-22 07:00:00,3538.05
2025-11-22 08:00:00,3767.72
2025-11-22 09:00:00,4555.84
2025-11-22 10:00:00,4620.23
2025-11-22 11:00:00,3393.19
2025-11-22 12:00:00,3304.94
2025-11-22 13:00:00,3278.9
2025-11-22 14:00:00,3102.58
2025-11-22 15:00:00,2977.97
2025-11-22 16:00:00,2814.13
2025-11-22 17:00:00,3506.22
2025-11-22 18:00:00,3257.56
2025-11-22 19:00:00,3270.94
2025-11-22 20:00:00,3590.86
2025-11-22 21:00:00,3478.73
2025-11-22 22:00:00,2859.88
2025-11-22 23:00:00,2743.24
2025-11-23 00:00:00,2377.21
2025-11-23 01:00:00,1921.3
2025-11-23 02:00:00,1852.94
2025-11-23 03:00:00,1970.49
2025-11-23 04:00:00,1955.48
2025-11-23 05:00:00,1818.03
2025-11-23 06:00:00,2492.04
2025-11-23 07:00:00,3053.75
2025-11-23 08:00:00,3678.93
2025-11-23 09:00:00,3730.83
2025-11-23 10:00:00,3742.95
2025-11-23 11:00:00,3255.93
2025-11-23 12:00:00,3113.79
2025-11-23 13:00:00,3093.89
2025-11-23 14:00:00,2922.45
2025-11-23 15:00:00,2759.87
2025-11-23 16:00:00,2775.79
2025-11-23 17:00:00,3375.11
2025-11-23 18:00:00,3374.39
2025-11-23 19:00:00,4195.6
2025-11-23 20:00:00,4464.16
2025-11-23 21:00:00,3409.65
2025-11-23 22:00:00,2938.91
2025-11-23 23:00:00,2164.89
2025-11-24 00:00:00,1725.98
2025-11-24 01:00:00,1471.72
2025-11-24 02:00:00,1503.91
2025-11-24 03:00:00,1443.32
2025-11-24 04:00:00,1475.15
2025-11-24 05:00:00,1712.06
2025-11-24 06:00:00,2729.31
2025-11-24 07:00:00,3615.63
2025-11-24 08:00:00,3746.74
2025-11-24 09:00:00,3909.14
2025-11-24 10:00:00,3772.06
2025-11-24 11:00:00,3499.71
2025-11-24 12:00:00,3799.19
2025-11-24 13:00:00,3736.08
2025-11-24 14:00:00,3385.6
2025-11-24 15:00:00,3264.61
2025-11-24 16:00:00,3074.36
2025-11-24 17:00:00,3379.63
2025-11-24 18:00:00,3210.54
2025-11-24 19:00:00,3482.71
2025-11-24 20:00:00,3804.43
2025-11-24 21:00:00,3733.36
2025-11-24 22:00:00,2951.03
2025-11-24 23:00:00,2372.87
2025-11-25 00:00:00,1691.08
2025-11-25 01:00:00,1571.54
2025-11-25 02:00:00,1527.05
2025-11-25 03:00:00,1883.14
2025-11-25 04:00:00,1977.54
2025-11-25 05:00:00,2071.04
2025-11-25 06:00:00,2982.68
2025-11-25 07:00:00,3858.87
2025-11-25 08:00:00,3943.5
2025-11-25 09:00:00,3839.88
2025-11-25 10:00:00,3659.03
2025-11-25 11:00:00,3475.12
2025-11-25 12:00:00,3355.58
2025-11-25 13:00:00,3274.02
2025-11-25 14:00:00,3360.1
2025-11-25 15:00:00,2865.49
2025-11-25 16:00:00,3215.6
2025-11-25 17:00:00,3314.16
2025-11-25 18:00:00,3319.41
2025-11-25 19:00:00,3300.6
2025-11-25 20:00:00,3937.36
2025-11-25 21:00:00,3894.5
2025-11-25 22:00:00,4003.36
2025-11-25 23:00:00,3215.96
2025-11-26 00:00:00,1725.8
2025-11-26 01:00:00,1570.82
2025-11-26 02:00:00,1626.7
2025-11-26 03:00:00,1521.45
2025-11-26 04:00:00,1552.37
2025-11-26 05:00:00,1689.63
2025-11-26 06:00:00,2740.52
2025-11-26 07:00:00,3831.74
2025-11-26 08:00:00,3924.88
2025-11-26 09:00:00,3705.51
2025-11-26 10:00:00,3759.58
2025-11-26 11:00:00,3422.49
2025-11-26 12:00:00,3262.8
2025-11-26 13:00:00,3423.03
2025-11-26 14:00:00,3844.94
2025-11-26 15:00:00,3675.49
2025-11-26 16:00:00,3223.74
2025-11-26 17:00:00,3310.19
2025-11-26 18:00:00,3261.54
2025-11-26 19:00:00,3635.34
2025-11-26 20:00:00,3873.16
2025-11-26 21:00:00,3757.05
2025-11-26 22:00:00,3172.02
2025-11-26 23:00:00,2421.15
2025-11-27 00:00:00,1858.72
2025-11-27 01:00:00,1579.5
2025-11-27 02:00:00,1710.43
2025-11-27 03:00:00,1531.58
2025-11-27 04:00:00,1716.76
2025-11-27 05:00:00,1958.55
2025-11-27 06:00:00,2647.93
2025-11-27 07:00:00,3910.05
2025-11-27 08:00:00,3942.24
2025-11-27 09:00:00,3906.07
2025-11-27 10:00:00,3752.35
2025-11-27 11:00:00,3500.8
2025-11-27 12:00:00,3409.29
2025-11-27 13:00:00,3202.04
2025-11-27 14:00:00,3229.35
2025-11-27 15:00:00,2891.53
2025-11-27 16:00:00,3117.59
2025-11-27 17:00:00,3375.83
2025-11-27 18:00:00,4062.32
2025-11-27 19:00:00,4252.21
2025-11-27 20:00:00,3705.87
2025-11-27 21:00:00,3698.28
2025-11-27 22:00:00,3228.62
2025-11-27 23:00:00,2353.7
2025-11-28 00:00:00,1708.8
2025-11-28 01:00:00,1629.23
2025-11-28 02:00:00,1576.24
2025-11-28 03:00:00,1676.61
2025-11-28 04:00:00,1656.36
2025-11-28 05:00:00,2104.85
2025-11-28 06:00:00,3464.63
2025-11-28 07:00:00,3860.86
2025-11-28 08:00:00,4007.7
2025-11-28 09:00:00,4140.63
2025-11-28 10:00:00,3875.33
2025-11-28 11:00:00,3449.62
2025-11-28 12:00:00,3399.88
2025-11-28 13:00:00,3298.25
2025-11-28 14:00:00,3327.73
2025-11-28 15:00:00,3340.39
2025-11-28 16:00:00,3151.22
2025-11-28 17:00:00,3390.48
2025-11-28 18:00:00,3259.73
2025-11-28 19:00:00,3548.54
2025-11-28 20:00:00,3756.33
2025-11-28 21:00:00,3800.82
2025-11-28 22:00:00,3376.19
2025-11-28 23:00:00,2454.43
2025-11-29 00:00:00,1884.04
2025-11-29 01:00:00,1807.36
2025-11-29 02:00:00,1720.02
2025-11-29 03:00:00,1679.14
2025-11-29 04:00:00,1982.96
2025-11-29 05:00:00,2379.2
2025-11-29 06:00:00,3090.1
2025-11-29 07:00:00,3811.85
2025-11-29 08:00:00,4073.53
2025-11-29 09:00:00,4093.61
2025-11-29 10:00:00,3878.04
2025-11-29 11:00:00,3622.5
2025-11-29 12:00:00,3390.84
2025-11-29 13:00:00,3254.85
2025-11-29 14:00:00,3361.91
2025-11-29 15:00:00,2993.53
2025-11-29 16:00:00,3186.31
2025-11-29 17:00:00,3407.3
2025-11-29 18:00:00,3314.16
2025-11-29 19:00:00,3357.75
2025-11-29 20:00:00,3983.47
2025-11-29 21:00:00,3868.09
2025-11-29 22:00:00,3011.25
2025-11-29 23:00:00,2427.12
2025-11-30 00:00:00,1781.14
2025-11-30 01:00:00,1733.58
2025-11-30 02:00:00,1635.38
2025-11-30 03:00:00,1939.38
2025-11-30 04:00:00,2014.97
2025-11-30 05:00:00,2520.62
2025-11-30 06:00:00,2780.85
2025-11-30 07:00:00,3355.22
2025-11-30 08:00:00,3958.51
2025-11-30 09:00:00,4090.35
2025-11-30 10:00:00,3936.09
2025-11-30 11:00:00,3447.27
2025-11-30 12:00:00,3470.96
2025-11-30 13:00:00,3394.1
2025-11-30 14:00:00,3144.35
2025-11-30 15:00:00,3028.43
2025-11-30 16:00:00,3132.41
2025-11-30 17:00:00,3428.1
2025-11-30 18:00:00,3581.27
2025-11-30 19:00:00,4245.33
2025-11-30 20:00:00,4675.02
2025-11-30 21:00:00,3663.56
2025-11-30 22:00:00,3038.56
2025-11-30 23:00:00,2372.87
2025-12-01 00:00:00,1838.11
2025-12-01 01:00:00,1669.92
2025-12-01 02:00:00,1561.23
2025-12-01 03:00:00,1693.61
2025-12-01 04:00:00,1687.46
2025-12-01 05:00:00,1964.16
2025-12-01 06:00:00,2651.91
2025-12-01 07:00:00,3977.32
2025-12-01 08:00:00,4079.32
2025-12-01 09:00:00,4145.15
2025-12-01 10:00:00,3995.59
2025-12-01 11:00:00,4105.72
2025-12-01 12:00:00,3927.95
2025-12-01 13:00:00,3926.5
2025-12-01 14:00:00,3518.52
2025-12-01 15:00:00,3320.13
2025-12-01 16:00:00,3317.06
2025-12-01 17:00:00,3500.98
2025-12-01 18:00:00,3320.13
2025-12-01 19:00:00,3415.8
2025-12-01 20:00:00,3794.31
2025-12-01 21:00:00,3804.43
2025-12-01 22:00:00,3051.4
2025-12-01 23:00:00,2218.79
2025-12-02 00:00:00,1861.44
2025-12-02 01:00:00,1611.51
2025-12-02 02:00:00,1465.93
2025-12-02 03:00:00,1487.09
2025-12-02 04:00:00,1722.37
2025-12-02 05:00:00,2122.58
2025-12-02 06:00:00,2769.64
2025-12-02 07:00:00,3675.85
2025-12-02 08:00:00,4070.28
2025-12-02 09:00:00,4654.95
2025-12-02 10:00:00,4442.82
2025-12-02 11:00:00,3485.42
2025-12-02 12:00:00,3310.0
2025-12-02 13:00:00,3358.83
2025-12-02 14:00:00,3440.57
2025-12-02 15:00:00,3008.17
2025-12-02 16:00:00,3086.66
2025-12-02 17:00:00,3347.26
2025-12-02 18:00:00,3413.63
2025-12-02 19:00:00,3250.33
2025-12-02 20:00:00,3783.09
2025-12-02 21:00:00,3526.84
2025-12-02 22:00:00,3027.52
2025-12-02 23:00:00,2385.16
2025-12-03 00:00:00,1792.35
2025-12-03 01:00:00,1553.28
2025-12-03 02:00:00,1540.62
2025-12-03 03:00:00,1618.56
2025-12-03 04:00:00,1736.83
2025-12-03 05:00:00,2203.78
2025-12-03 06:00:00,3394.46
2025-12-03 07:00:00,3661.39
2025-12-03 08:00:00,3981.66
2025-12-03 09:00:00,4098.13
2025-12-03 10:00:00,3658.67
2025-12-03 11:00:00,3613.82
2025-12-03 12:00:00,3479.64
2025-12-03 13:00:00,3434.79
2025-12-03 14:00:00,3494.29
2025-12-03 15:00:00,3149.6
2025-12-03 16:00:00,3175.46
2025-12-03 17:00:00,3256.29
2025-12-03 18:00:00,3651.44
2025-12-03 19:00:00,3466.8
2025-12-03 20:00:00,3998.84
2025-12-03 21:00:00,3776.77
2025-12-03 22:00:00,3118.31
2025-12-03 23:00:00,2960.79
2025-12-04 00:00:00,2108.47
2025-12-04 01:00:00,2022.75
2025-12-04 02:00:00,1675.17
2025-12-04 03:00:00,1665.22
2025-12-04 04:00:00,1712.06
2025-12-04 05:00:00,1782.05
2025-12-04 06:00:00,2769.46
2025-12-04 07:00:00,4003.18
2025-12-04 08:00:00,3758.5
2025-12-04 09:00:00,3852.0
2025-12-04 10:00:00,3744.94
2025-12-04 11:00:00,3350.33
2025-12-04 12:00:00,3370.95
2025-12-04 13:00:00,3491.75
2025-12-04 14:00:00,3616.54
2025-12-04 15:00:00,3563.37
2025-12-04 16:00:00,3060.62
2025-12-04 17:00:00,3310.0
2025-12-04 18:00:00,3218.86
2025-12-04 19:00:00,3474.03
2025-12-04 20:00:00,3777.49
2025-12-04 21:00:00,3611.65
2025-12-04 22:00:00,2854.64
2025-12-04 23:00:00,2239.95
2025-12-05 00:00:00,1884.95
2025-12-05 01:00:00,1607.89
2025-12-05 02:00:00,1776.62
2025-12-05 03:00:00,2021.67
2025-12-05 04:00:00,1980.79
2025-12-05 05:00:00,2840.35
2025-12-05 06:00:00,2602.0
2025-12-05 07:00:00,3673.68
2025-12-05 08:00:00,3864.48
2025-12-05 09:00:00,4044.23
2025-12-05 10:00:00,3736.62
2025-12-05 11:00:00,3281.25
2025-12-05 12:00:00,3315.61
2025-12-05 13:00:00,3142.54
2025-12-05 14:00:00,3079.43
2025-12-05 15:00:00,3271.67
2025-12-05 16:00:00,3179.43
2025-12-05 17:00:00,3427.55
2025-12-05 18:00:00,3118.85
2025-12-05 19:00:00,3320.85
2025-12-05 20:00:00,3620.33
2025-12-05 21:00:00,3624.67
2025-12-05 22:00:00,3180.88
2025-12-05 23:00:00,2461.84
2025-12-06 00:00:00,1631.94
2025-12-06 01:00:00,1701.75
2025-12-06 02:00:00,1628.51
2025-12-06 03:00:00,1487.81
2025-12-06 04:00:00,1730.32
2025-12-06 05:00:00,1851.85
2025-12-06 06:00:00,3242.37
2025-12-06 07:00:00,3538.05
2025-12-06 08:00:00,3778.03
2025-12-06 09:00:00,4118.02
2025-12-06 10:00:00,4252.93
2025-12-06 11:00:00,3764.11
2025-12-06 12:00:00,3425.93
2025-12-06 13:00:00,3302.23
2025-12-06 14:00:00,3311.45
2025-12-06 15:00:00,3196.61
2025-12-06 16:00:00,3620.7
2025-12-06 17:00:00,4233.58
2025-12-06 18:00:00,3659.94
2025-12-06 19:00:00,3395.73
2025-12-06 20:00:00,3595.74
2025-12-06 21:00:00,3609.12
2025-12-06 22:00:00,2873.44
2025-12-06 23:00:00,2463.65
2025-12-07 00:00:00,1844.08
2025-12-07 01:00:00,1625.43
2025-12-07 02:00:00,1478.77
2025-12-07 03:00:00,1621.64
2025-12-07 04:00:00,1733.04
2025-12-07 05:00:00,1935.04
2025-12-07 06:00:00,2304.15
2025-12-07 07:00:00,3837.17
2025-12-07 08:00:00,4518.95
2025-12-07 09:00:00,4103.91
2025-12-07 10:00:00,4083.3
2025-12-07 11:00:00,3391.75
2025-12-07 12:00:00,3435.51
2025-12-07 13:00:00,3284.51
2025-12-07 14:00:00,3026.98
2025-12-07 15:00:00,3149.05
2025-12-07 16:00:00,2929.33
2025-12-07 17:00:00,3198.42
2025-12-07 18:00:00,3474.93
2025-12-07 19:00:00,3470.41
2025-12-07 20:00:00,3796.84
2025-12-07 21:00:00,3472.04
2025-12-07 22:00:00,2877.78
2025-12-07 23:00:00,2302.34
2025-12-08 00:00:00,1782.23
2025-12-08 01:00:00,1447.48
2025-12-08 02:00:00,1863.61
2025-12-08 03:00:00,2083.7
2025-12-08 04:00:00,2031.97
2025-12-08 05:00:00,2179.9
2025-12-08 06:00:00,2707.43
2025-12-08 07:00:00,3861.58
2025-12-08 08:00:00,4327.62
2025-12-08 09:00:00,4151.84
2025-12-08 10:00:00,3861.58
2025-12-08 11:00:00,3615.63
2025-12-08 12:00:00,3605.14
2025-12-08 13:00:00,3346.17
2025-12-08 14:00:00,3325.01
2025-12-08 15:00:00,3006.18
2025-12-08 16:00:00,3233.33
2025-12-08 17:00:00,3007.09
2025-12-08 18:00:00,3454.5
2025-12-08 19:00:00,3865.74
2025-12-08 20:00:00,4324.18
2025-12-08 21:00:00,3772.97
2025-12-08 22:00:00,2956.45
2025-12-08 23:00:00,2225.48
2025-12-09 00:00:00,1727.07
2025-12-09 01:00:00,1647.5
2025-12-09 02:00:00,1633.93
2025-12-09 03:00:00,1453.63
2025-12-09 04:00:00,1527.6
2025-12-09 05:00:00,2162.91
2025-12-09 06:00:00,2772.89
2025-12-09 07:00:00,3832.83
2025-12-09 08:00:00,4061.78
2025-12-09 09:00:00,3920.36
2025-12-09 10:00:00,3754.34
2025-12-09 11:00:00,3479.46
2025-12-09 12:00:00,3378.91
2025-12-09 13:00:00,3549.26
2025-12-09 14:00:00,3354.67
2025-12-09 15:00:00,3061.34
2025-12-09 16:00:00,3087.57
2025-12-09 17:00:00,3195.53
2025-12-09 18:00:00,3511.28
2025-12-09 19:00:00,3375.11
2025-12-09 20:00:00,3868.45
2025-12-09 21:00:00,3763.02
2025-12-09 22:00:00,3035.3
2025-12-09 23:00:00,2347.91
2025-12-10 00:00:00,1941.19
2025-12-10 01:00:00,1946.07
2025-12-10 02:00:00,1918.76
2025-12-10 03:00:00,1848.78
2025-12-10 04:00:00,1715.31
2025-12-10 05:00:00,1907.01
2025-12-10 06:00:00,2715.39
2025-12-10 07:00:00,3667.53
2025-12-10 08:00:00,3981.3
2025-12-10 09:00:00,3904.98
2025-12-10 10:00:00,3605.87
2025-12-10 11:00:00,3449.44
2025-12-10 12:00:00,3422.85
2025-12-10 13:00:00,3206.2
2025-12-10 14:00:00,3300.6
2025-12-10 15:00:00,2942.71
2025-12-10 16:00:00,3016.49
2025-12-10 17:00:00,3076.53
2025-12-10 18:00:00,3619.61
2025-12-10 19:00:00,3393.19
2025-12-10 20:00:00,4559.28
2025-12-10 21:00:00,4268.3
2025-12-10 22:00:00,3086.66
2025-12-10 23:00:00,2456.05
2025-12-11 00:00:00,1670.28
2025-12-11 01:00:00,1479.85
2025-12-11 02:00:00,1654.37
2025-12-11 03:00:00,1450.92
2025-12-11 04:00:00,1523.8
2025-12-11 05:00:00,1702.65
2025-12-11 06:00:00,2776.87
2025-12-11 07:00:00,3834.82
2025-12-11 08:00:00,4010.24
2025-12-11 09:00:00,4175.53
2025-12-11 10:00:00,3684.35
2025-12-11 11:00:00,3409.65
2025-12-11 12:00:00,3423.57
2025-12-11 13:00:00,3273.84
2025-12-11 14:00:00,3020.47
2025-12-11 15:00:00,3090.82
2025-12-11 16:00:00,3095.34
2025-12-11 17:00:00,3255.57
2025-12-11 18:00:00,3367.15
2025-12-11 19:00:00,3361.0
2025-12-11 20:00:00,4563.08
2025-12-11 21:00:00,4338.65
2025-12-11 22:00:00,3048.32
2025-12-11 23:00:00,2436.7
2025-12-12 00:00:00,1689.45
2025-12-12 01:00:00,1708.44
2025-12-12 02:00:00,1565.03
2025-12-12 03:00:00,1512.77
2025-12-12 04:00:00,1614.95
2025-12-12 05:00:00,1960.9
2025-12-12 06:00:00,2742.69
2025-12-12 07:00:00,3652.16
2025-12-12 08:00:00,3582.0
2025-12-12 09:00:00,3671.69
2025-12-12 10:00:00,3570.24
2025-12-12 11:00:00,3465.71
2025-12-12 12:00:00,3308.38
2025-12-12 13:00:00,3004.38
2025-12-12 14:00:00,3665.36
2025-12-12 15:00:00,3440.57
2025-12-12 16:00:00,3144.89
2025-12-12 17:00:00,3239.29
2025-12-12 18:00:00,3075.81
2025-12-12 19:00:00,3389.4
2025-12-12 20:00:00,3558.85
2025-12-12 21:00:00,3277.81
2025-12-12 22:00:00,2917.39
2025-12-12 23:00:00,2517.72
2025-12-13 00:00:00,1759.44
2025-12-13 01:00:00,1458.88
2025-12-13 02:00:00,1433.56
2025-12-13 03:00:00,1624.53
2025-12-13 04:00:00,1599.03
2025-12-13 05:00:00,2077.37
2025-12-13 06:00:00,2359.48
2025-12-13 07:00:00,3070.2
2025-12-13 08:00:00,3478.19
2025-12-13 09:00:00,3597.19
2025-12-13 10:00:00,3756.51
2025-12-13 11:00:00,3431.35
2025-12-13 12:00:00,3279.26
2025-12-13 13:00:00,3727.58
2025-12-13 14:00:00,3772.24
2025-12-13 15:00:00,3246.35
2025-12-13 16:00:00,2913.41
2025-12-13 17:00:00,3414.17
2025-12-13 18:00:00,3266.78
2025-12-13 19:00:00,3244.54
2025-12-13 20:00:00,3283.78
2025-12-13 21:00:00,3320.31
2025-12-13 22:00:00,3169.31
2025-12-13 23:00:00,2212.82
2025-12-14 00:00:00,1597.04
2025-12-14 01:00:00,1682.4
2025-12-14 02:00:00,1366.1
2025-12-14 03:00:00,1416.74
2025-12-14 04:00:00,1658.35
2025-12-14 05:00:00,1557.44
2025-12-14 06:00:00,2394.02
2025-12-14 07:00:00,2998.59
2025-12-14 08:00:00,3887.44
2025-12-14 09:00:00,4061.23
2025-12-14 10:00:00,3971.35
2025-12-14 11:00:00,3795.39
2025-12-14 12:00:00,3449.25
2025-12-14 13:00:00,3333.7
2025-12-14 14:00:00,2950.67
2025-12-14 15:00:00,2950.12
2025-12-14 16:00:00,3043.08
2025-12-14 17:00:00,3960.87
2025-12-14 18:00:00,4001.37
2025-12-14 19:00:00,3552.88
2025-12-14 20:00:00,3902.09
2025-12-14 21:00:00,3335.68
2025-12-14 22:00:00,2773.08
2025-12-14 23:00:00,2201.61
2025-12-15 00:00:00,1557.8
2025-12-15 01:00:00,1545.5
2025-12-15 02:00:00,1567.74
2025-12-15 03:00:00,1377.68
2025-12-15 04:00:00,1457.43
2025-12-15 05:00:00,1772.28
2025-12-15 06:00:00,2523.69
2025-12-15 07:00:00,3568.97
2025-12-15 08:00:00,3632.63
2025-12-15 09:00:00,3706.6
2025-12-15 10:00:00,3341.29
2025-12-15 11:00:00,3278.18
2025-12-15 12:00:00,3054.29
2025-12-15 13:00:00,3045.07
2025-12-15 14:00:00,3163.88
2025-12-15 15:00:00,2892.43
2025-12-15 16:00:00,3689.42
2025-12-15 17:00:00,4868.16
2025-12-15 18:00:00,3409.29
2025-12-15 19:00:00,3538.95
2025-12-15 20:00:00,3574.94
2025-12-15 21:00:00,3494.47
2025-12-15 22:00:00,3154.66
2025-12-15 23:00:00,2302.88
2025-12-16 00:00:00,1963.43
2025-12-16 01:00:00,1914.24
2025-12-16 02:00:00,1605.36
2025-12-16 03:00:00,1624.71
2025-12-16 04:00:00,1534.65
2025-12-16 05:00:00,1847.87
2025-12-16 06:00:00,2490.78
2025-12-16 07:00:00,3730.65
2025-12-16 08:00:00,3767.72
2025-12-16 09:00:00,3966.11
2025-12-16 10:00:00,3854.35
2025-12-16 11:00:00,3408.2
2025-12-16 12:00:00,3510.56
2025-12-16 13:00:00,3227.9
2025-12-16 14:00:00,3405.85
2025-12-16 15:00:00,3047.24
2025-12-16 16:00:00,3118.13
2025-12-16 17:00:00,3158.09
2025-12-16 18:00:00,3459.92
2025-12-16 19:00:00,3407.12
2025-12-16 20:00:00,3683.81
2025-12-16 21:00:00,3955.8
2025-12-16 22:00:00,3701.71
2025-12-16 23:00:00,2704.17
2025-12-17 00:00:00,1779.33
2025-12-17 01:00:00,1569.01
2025-12-17 02:00:00,1393.05
2025-12-17 03:00:00,1474.07
2025-12-17 04:00:00,1707.54
2025-12-17 05:00:00,1944.81
2025-12-17 06:00:00,2695.86
2025-12-17 07:00:00,3922.71
2025-12-17 08:00:00,3904.98
2025-12-17 09:00:00,3764.11
2025-12-17 10:00:00,3938.44
2025-12-17 11:00:00,3487.41
2025-12-17 12:00:00,3268.05
2025-12-17 13:00:00,3354.13
2025-12-17 14:00:00,3319.05
2025-12-17 15:00:00,3216.87
2025-12-17 16:00:00,3091.54
2025-12-17 17:00:00,3254.12
2025-12-17 18:00:00,3405.31
2025-12-17 19:00:00,3480.72
2025-12-17 20:00:00,3708.77
2025-12-17 21:00:00,3609.3
2025-12-17 22:00:00,3042.53
2025-12-17 23:00:00,2324.22
2025-12-18 00:00:00,1778.43
2025-12-18 01:00:00,1450.56
2025-12-18 02:00:00,1452.37
2025-12-18 03:00:00,1513.85
2025-12-18 04:00:00,1768.48
2025-12-18 05:00:00,2055.48
2025-12-18 06:00:00,3227.72
2025-12-18 07:00:00,3686.7
2025-12-18 08:00:00,3782.01
2025-12-18 09:00:00,3952.18
2025-12-18 10:00:00,3697.74
2025-12-18 11:00:00,3439.49
2025-12-18 12:00:00,3334.06
2025-12-18 13:00:00,3314.71
2025-12-18 14:00:00,2943.79
2025-12-18 15:00:00,2987.56
2025-12-18 16:00:00,3104.75
2025-12-18 17:00:00,3243.27
2025-12-18 18:00:00,3569.34
2025-12-18 19:00:00,3575.67
2025-12-18 20:00:00,3727.21
2025-12-18 21:00:00,3580.01
2025-12-18 22:00:00,3292.1
2025-12-18 23:00:00,2361.65
2025-12-19 00:00:00,1866.86
2025-12-19 01:00:00,1701.39
2025-12-19 02:00:00,1488.35
2025-12-19 03:00:00,1468.82
2025-12-19 04:00:00,1816.04
2025-12-19 05:00:00,2026.37
2025-12-19 06:00:00,2838.9
2025-12-19 07:00:00,3648.91
2025-12-19 08:00:00,3995.59
2025-12-19 09:00:00,3906.25
2025-12-19 10:00:00,4468.68
2025-12-19 11:00:00,4219.47
2025-12-19 12:00:00,3784.18
2025-12-19 13:00:00,3190.28
2025-12-19 14:00:00,3202.58
2025-12-19 15:00:00,3008.72
2025-12-19 16:00:00,3036.57
2025-12-19 17:00:00,3410.55
2025-12-19 18:00:00,3235.68
2025-12-19 19:00:00,3314.34
2025-12-19 20:00:00,3706.42
2025-12-19 21:00:00,3639.87
2025-12-19 22:00:00,2936.56
2025-12-19 23:00:00,2671.44
2025-12-20 00:00:00,1798.5
2025-12-20 01:00:00,1642.98
2025-12-20 02:00:00,1501.74
2025-12-20 03:00:00,1516.02
2025-12-20 04:00:00,1582.57
2025-12-20 05:00:00,1939.2
2025-12-20 06:00:00,2146.27
2025-12-20 07:00:00,3272.75
2025-12-20 08:00:00,3905.53
2025-12-20 09:00:00,3820.89
2025-12-20 10:00:00,3645.83
2025-12-20 11:00:00,3360.82
2025-12-20 12:00:00,3429.72
2025-12-20 13:00:00,3002.21
2025-12-20 14:00:00,2989.91
2025-12-20 15:00:00,3143.99
2025-12-20 16:00:00,3023.73
2025-12-20 17:00:00,3294.09
2025-12-20 18:00:00,3108.0
2025-12-20 19:00:00,3191.91
2025-12-20 20:00:00,3869.36
2025-12-20 21:00:00,3926.32
2025-12-20 22:00:00,2841.44
2025-12-20 23:00:00,2262.01
2025-12-21 00:00:00,1511.86
2025-12-21 01:00:00,1498.66
2025-12-21 02:00:00,1584.2
2025-12-21 03:00:00,1483.83
2025-12-21 04:00:00,1584.74
2025-12-21 05:00:00,1821.47
2025-12-21 06:00:00,2210.11
2025-12-21 07:00:00,2761.32
2025-12-21 08:00:00,3262.44
2025-12-21 09:00:00,3342.56
2025-12-21 10:00:00,3441.84
2025-12-21 11:00:00,3462.82
2025-12-21 12:00:00,3081.24
2025-12-21 13:00:00,2900.03
2025-12-21 14:00:00,2908.53
2025-12-21 15:00:00,2833.84
2025-12-21 16:00:00,2784.47
2025-12-21 17:00:00,3109.81
2025-12-21 18:00:00,3288.48
2025-12-21 19:00:00,3387.59
2025-12-21 20:00:00,3515.08
2025-12-21 21:00:00,3432.8
2025-12-21 22:00:00,2639.07
2025-12-21 23:00:00,2273.04
2025-12-22 00:00:00,1649.31
2025-12-22 01:00:00,1429.4
2025-12-22 02:00:00,1556.17
2025-12-22 03:00:00,1493.42
2025-12-22 04:00:00,1479.85
2025-12-22 05:00:00,1858.36
2025-12-22 06:00:00,2506.87
2025-12-22 07:00:00,3435.33
2025-12-22 08:00:00,3623.77
2025-12-22 09:00:00,3546.73
2025-12-22 10:00:00,3568.43
2025-12-22 11:00:00,3910.23
2025-12-22 12:00:00,3655.42
2025-12-22 13:00:00,3025.17
2025-12-22 14:00:00,3038.19
2025-12-22 15:00:00,3104.02
2025-12-22 16:00:00,2686.09
2025-12-22 17:00:00,3348.71
2025-12-22 18:00:00,3191.91
2025-12-22 19:00:00,3385.05
2025-12-22 20:00:00,3575.85
2025-12-22 21:00:00,3274.74
2025-12-22 22:00:00,2785.92
2025-12-22 23:00:00,2189.13
2025-12-23 00:00:00,1650.75
2025-12-23 01:00:00,1553.28
2025-12-23 02:00:00,1384.55
2025-12-23 03:00:00,1523.62
2025-12-23 04:00:00,1618.56
2025-12-23 05:00:00,1720.2
2025-12-23 06:00:00,2385.53
2025-12-23 07:00:00,3239.84
2025-12-23 08:00:00,3448.35
2025-12-23 09:00:00,3202.22
2025-12-23 10:00:00,3151.95
2025-12-23 11:00:00,2913.95
2025-12-23 12:00:00,2983.76
2025-12-23 13:00:00,2666.2
2025-12-23 14:00:00,2866.21
2025-12-23 15:00:00,2851.74
2025-12-23 16:00:00,3006.73
2025-12-23 17:00:00,2983.94
2025-12-23 18:00:00,3098.96
2025-12-23 19:00:00,3284.87
2025-12-23 20:00:00,3714.01
2025-12-23 21:00:00,3496.46
2025-12-23 22:00:00,3065.32
2025-12-23 23:00:00,2341.22
2025-12-24 00:00:00,1637.01
2025-12-24 01:00:00,1468.82
2025-12-24 02:00:00,1496.67
2025-12-24 03:00:00,1479.49
2025-12-24 04:00:00,1461.05
2025-12-24 05:00:00,1778.97
2025-12-24 06:00:00,2448.64
2025-12-24 07:00:00,3522.32
2025-12-24 08:00:00,3686.16
2025-12-24 09:00:00,3709.49
2025-12-24 10:00:00,4189.09
2025-12-24 11:00:00,3446.54
2025-12-24 12:00:00,3175.82
2025-12-24 13:00:00,2941.8
2025-12-24 14:00:00,2953.2
2025-12-24 15:00:00,2925.17
2025-12-24 16:00:00,2795.68
2025-12-24 17:00:00,3164.79
2025-12-24 18:00:00,3232.24
2025-12-24 19:00:00,3325.56
2025-12-24 20:00:00,3587.96
2025-12-24 21:00:00,3678.93
2025-12-24 22:00:00,3273.65
2025-12-24 23:00:00,3046.51
2025-12-25 00:00:00,2596.21
2025-12-25 01:00:00,2419.34
2025-12-25 02:00:00,2427.12
2025-12-25 03:00:00,2383.72
2025-12-25 04:00:00,2299.26
2025-12-25 05:00:00,2274.67
2025-12-25 06:00:00,2750.65
2025-12-25 07:00:00,3720.52
2025-12-25 08:00:00,4162.69
2025-12-25 09:00:00,4008.61
2025-12-25 10:00:00,3791.96
2025-12-25 11:00:00,3297.53
2025-12-25 12:00:00,3252.68
2025-12-25 13:00:00,3140.91
2025-12-25 14:00:00,3110.71
2025-12-25 15:00:00,2944.7
2025-12-25 16:00:00,3012.51
2025-12-25 17:00:00,3378.73
2025-12-25 18:00:00,3223.38
2025-12-25 19:00:00,3475.12
2025-12-25 20:00:00,3570.6
2025-12-25 21:00:00,3711.12
2025-12-25 22:00:00,2895.51
2025-12-25 23:00:00,2276.29
2025-12-26 00:00:00,1641.71
2025-12-26 01:00:00,1609.7
2025-12-26 02:00:00,1567.02
2025-12-26 03:00:00,1433.56
2025-12-26 04:00:00,1525.43
2025-12-26 05:00:00,1766.67
2025-12-26 06:00:00,2392.22
2025-12-26 07:00:00,4287.65
2025-12-26 08:00:00,4313.51
2025-12-26 09:00:00,3674.95
2025-12-26 10:00:00,4116.03
2025-12-26 11:00:00,4012.04
2025-12-26 12:00:00,3532.99
2025-12-26 13:00:00,3416.88
2025-12-26 14:00:00,3628.47
2025-12-26 15:00:00,3140.91
2025-12-26 16:00:00,3189.38
2025-12-26 17:00:00,3146.34
2025-12-26 18:00:00,3382.88
2025-12-26 19:00:00,3185.04
2025-12-26 20:00:00,3590.68
2025-12-26 21:00:00,3546.55
2025-12-26 22:00:00,3124.64
2025-12-26 23:00:00,2263.64
2025-12-27 00:00:00,1535.19
2025-12-27 01:00:00,1617.84
2025-12-27 02:00:00,1562.32
2025-12-27 03:00:00,1662.33
2025-12-27 04:00:00,1638.09
2025-12-27 05:00:00,1556.89
2025-12-27 06:00:00,2242.3
2025-12-27 07:00:00,3255.75
2025-12-27 08:00:00,3809.32
2025-12-27 09:00:00,4151.84
2025-12-27 10:00:00,3938.08
2025-12-27 11:00:00,3523.76
2025-12-27 12:00:00,3342.74
2025-12-27 13:00:00,3088.47
2025-12-27 14:00:00,3391.93
2025-12-27 15:00:00,3268.05
2025-12-27 16:00:00,2927.88
2025-12-27 17:00:00,3416.88
2025-12-27 18:00:00,3343.28
2025-12-27 19:00:00,3262.98
2025-12-27 20:00:00,3621.06
2025-12-27 21:00:00,3325.38
2025-12-27 22:00:00,2871.46
2025-12-27 23:00:00,2458.41
2025-12-28 00:00:00,1595.05
2025-12-28 01:00:00,1479.85
2025-12-28 02:00:00,1490.52
2025-12-28 03:00:00,1581.67
2025-12-28 04:00:00,1510.24
2025-12-28 05:00:00,1722.91
2025-12-28 06:00:00,2239.4
2025-12-28 07:00:00,3138.38
2025-12-28 08:00:00,3656.87
2025-12-28 09:00:00,3973.34
2025-12-28 10:00:00,3415.8
2025-12-28 11:00:00,3197.7
2025-12-28 12:00:00,3153.57
2025-12-28 13:00:00,3075.63
2025-12-28 14:00:00,2777.42
2025-12-28 15:00:00,2802.37
2025-12-28 16:00:00,3217.77
2025-12-28 17:00:00,3378.91
2025-12-28 18:00:00,3580.37
2025-12-28 19:00:00,3486.69
2025-12-28 20:00:00,3854.71
2025-12-28 21:00:00,3557.04
2025-12-28 22:00:00,2758.97
2025-12-28 23:00:00,2324.4
2025-12-29 00:00:00,1730.32
2025-12-29 01:00:00,1547.49
2025-12-29 02:00:00,1465.93
2025-12-29 03:00:00,1386.36
2025-12-29 04:00:00,1660.34
2025-12-29 05:00:00,1997.43
2025-12-29 06:00:00,2715.93
2025-12-29 07:00:00,3776.4
2025-12-29 08:00:00,3785.45
2025-12-29 09:00:00,3808.23
2025-12-29 10:00:00,3858.51
2025-12-29 11:00:00,3292.64
2025-12-29 12:00:00,3260.63
2025-12-29 13:00:00,3103.3
2025-12-29 14:00:00,3292.46
2025-12-29 15:00:00,3165.33
2025-12-29 16:00:00,2928.42
2025-12-29 17:00:00,3405.85
2025-12-29 18:00:00,3133.14
2025-12-29 19:00:00,3156.11
2025-12-29 20:00:00,3648.0
2025-12-29 21:00:00,3475.84
2025-12-29 22:00:00,3199.33
2025-12-29 23:00:00,2245.37
2025-12-30 00:00:00,2267.25
2025-12-30 01:00:00,2087.49
2025-12-30 02:00:00,1863.97
2025-12-30 03:00:00,1862.34
2025-12-30 04:00:00,1648.22
2025-12-30 05:00:00,1699.22
2025-12-30 06:00:00,2571.25
2025-12-30 07:00:00,3422.67
2025-12-30 08:00:00,3669.16
2025-12-30 09:00:00,3563.73
2025-12-30 10:00:00,3580.91
2025-12-30 11:00:00,3279.44
2025-12-30 12:00:00,3084.13
2025-12-30 13:00:00,2807.07
2025-12-30 14:00:00,2887.01
2025-12-30 15:00:00,2757.34
2025-12-30 16:00:00,2800.75
2025-12-30 17:00:00,3233.87
2025-12-30 18:00:00,3207.47
2025-12-30 19:00:00,3138.92
2025-12-30 20:00:00,3593.57
2025-12-30 21:00:00,3439.49
2025-12-30 22:00:00,2864.95
2025-12-30 23:00:00,2250.8
2025-12-31 00:00:00,1715.49
2025-12-31 01:00:00,1510.78
2025-12-31 02:00:00,1417.64
2025-12-31 03:00:00,1455.26
2025-12-31 04:00:00,1555.63
2025-12-31 05:00:00,1789.1
2025-12-31 06:00:00,2334.71
2025-12-31 07:00:00,3224.46
2025-12-31 08:00:00,3602.97
2025-12-31 09:00:00,3465.71
2025-12-31 10:00:00,3598.27
2025-12-31 11:00:00,3259.91
2025-12-31 12:00:00,3217.23
2025-12-31 13:00:00,2941.44
2025-12-31 14:00:00,2863.68
2025-12-31 15:00:00,3008.72
2025-12-31 16:00:00,2916.67
2025-12-31 17:00:00,2981.77
2025-12-31 18:00:00,3003.29
2025-12-31 19:00:00,2943.79
2025-12-31 20:00:00,3781.83
2025-12-31 21:00:00,3705.51
2025-12-31 22:00:00,2555.52
2025-12-31 23:00:00,2363.82
